対象日   : 0:受注日,,,,,,,,,,,,,,,,,,,,,,,,,,,,,,,,,,,,,,,,,,,,,,,,,,,,,,,,,,,,,,,,,,,,,,,,,,,,,,,,,,,,,,,,,,,,,,,,,,,,,,,,,,,,,,,,,,,,,,,,,,,,,,,,,,,,,,,,,,,,,,,,,,,,,,,
対象日付 : 2026年07月19日 ～ 2026年08月19日,,,,,,,,,,,,,,,,,,,,,,,,,,,,,,,,,,,,,,,,,,,,,,,,,,,,,,,,,,,,,,,,,,,,,,,,,,,,,,,,,,,,,,,,,,,,,,,,,,,,,,,,,,,,,,,,,,,,,,,,,,,,,,,,,,,,,,,,,,,,,,,,,,,,,,,
受注NO,製品原反,行NO,受注日,指定納期,出荷予定日,今回経理締日付,受注区分,預り区分,初期値取引区分,部門,部門名,担当者,担当者名,得意先,得意先略称,得意先名1,得意先名2,得意先郵便番号,得意先住所1,得意先住所2,得意先住所3,得意先TEL,得意先FAX,納品先,納品先略称,納品先名1,納品先名2,納品先郵便番号,納品先住所1,納品先住所2,納品先住所3,納品先TEL,納品先FAX,出庫倉庫,出庫倉庫名,配送コース,配送コース名,グループ,グループ名,得意先名称入力区分,得意先敬称区分,納品先名称入力区分,納品先敬称区分,依頼NO,受注伝票種別,伝票備考,伝票メモ,伝票合計受注金額,伝票合計消費税額,受注出荷完了区分,受注売上完了区分,画面区分,税区分,計上区分,消費税算出処理区分,消費税算出単位区分,消費税端数処理桁数区,消費税端数処理区分,単価端数処理区分,金額端数処理区分,受注伝票発行フラグ,承認済フラグ,AEC注文番号,AEC連携フラグ,処理区分,拡張項目1,拡張項目2,拡張項目3,拡張項目4,拡張項目5,運送会社,運送会社名,時間指定,納品案内書発行区分,社内備考1,社内備考2,社内備考3,社内備考4,荷姿,工場受注伝票発行フラグ,加工区分,回答納期,例外区分,ユーザ,梱包仕様,梱包仕様名,パレット数,ラベル印字1,ラベル印字2,ラベル印字3,ラベル印字4,特記表示区分,商品特記事項,製造条件特記事項,加工内容,受注総数,原反投入総数,製品登録数,原反登録数,東レ特記事項,出荷時間,用途,用途名,ロットNO管理区分,原価金額,原価単価,数量,在庫場所,投入場所,投入場所名,受注金額,受注消費税額,受注数,受注単価,商品,種類,種類名,用途,用途名,詳細,詳細名,商品分類4,商品分類4名,商品分類5,商品分類5名,在庫分類,在庫分類名,経理分類,経理分類名,商品名1,商品名2,単位,名義区分,明細メモ,明細備考1,明細備考2,生産計画入力,加工完了,出荷日_開始日,出荷日_終了日,売上日_開始日,売上日_最終日,契約NO,投入日付,品名,登録者名,EC面指定,EC面指定名,トリミング,融着,本数
00081751,製品,001,2026/07/21,2026/08/10,2026/08/10,2026/07/31,0:通常,0:通常,01,505101,国分後加工511,000051,国分後加工,049006,東ﾚ(株) 自材部,,,,,,,,,,,,,,,,,,,511101,国分工場01本倉庫,0015,末締,01,東レ本体,0:しない,,,,Y7-74,100,,,"21,600",0,1:完了,1:完了,0:通常,1:税抜,0,3:請求合計,1:金額,0:円未満,5:四捨五入,0:切り捨て,9:切り上げ,1:発行済,0:未承認,,0:しない,1:修正,,,,,,0051,国分,,,,,,,,,1:後加工,2026/08/10,1:通常,レゾナック,,,0,,,,,0:1明細目,ぬれ測定全ロール実施。3インチ紙管,接続：緑テープ50mm幅　検査表提出　ぬれ検査頻度：全数,EC,"1,200.00","1,200",1,1,"試験成績書発行
3インチ紙管",,50103,トーレペフ Y(工材),1:対象外,0,0.00,"1,200.00",,,,"21,600",0,"1,200.00",18.00,A1A10NYC5300FWC,551,ペフ,50103,トーレペフ Y(工材),,,999999,対象外,,,000001,2製品,02,社外加工,10010-NY00-1250x300FAWH1V,,m,0:自社,,,,済,済,2026/08/06,2026/08/06,2026/08/12,2026/08/12,190771P,,6713,河合 直樹,01,両面,0:なし,0,0
00081751,原反,001,2026/07/21,2026/08/10,2026/08/10,2026/07/31,0:通常,0:通常,01,505101,国分後加工511,000051,国分後加工,049006,東ﾚ(株) 自材部,,,,,,,,,,,,,,,,,,,511101,国分工場01本倉庫,0015,末締,01,東レ本体,0:しない,,,,Y7-74,100,,,"21,600",0,1:完了,1:完了,0:通常,1:税抜,0,3:請求合計,1:金額,0:円未満,5:四捨五入,0:切り捨て,9:切り上げ,1:発行済,0:未承認,,0:しない,1:修正,,,,,,0051,国分,,,,,,,,,1:後加工,2026/08/10,1:通常,レゾナック,,,0,,,,,0:1明細目,ぬれ測定全ロール実施。3インチ紙管,接続：緑テープ50mm幅　検査表提出　ぬれ検査頻度：全数,EC,"1,200.00","1,200",1,1,"試験成績書発行
3インチ紙管",,50103,トーレペフ Y(工材),1:対象外,0,0.00,"1,200.00",SG,1021,EC,0,0,0.00,0.00,B1A10AYC5300FW3,551,ペフ,55109,ﾍﾟﾌ　その他,,,,,,,000001,2製品,02,社外加工,10010-AY00-1250X300FA WH1C,,m,0:自社,,,,,,,,,,,2026/08/05,6710,河合 直樹,,,,0,4
00081752,製品,001,2026/07/21,2026/08/10,2026/08/10,2026/07/31,0:通常,0:通常,01,505101,国分後加工511,000051,国分後加工,049006,東ﾚ(株) 自材部,,,,,,,,,,,,,,,,,,,511101,国分工場01本倉庫,,,01,東レ本体,0:しない,,,,Y7-72,100,,,"201,864",0,1:完了,0:未完,0:通常,1:税抜,0,3:請求合計,1:金額,0:円未満,5:四捨五入,0:切り捨て,9:切り上げ,1:発行済,0:未承認,,0:しない,1:修正,,,,,,0051,国分,,,,,,,,,1:後加工,2026/08/10,1:通常,共和熊本,,,0,,,,,0:1明細目,ｽﾘｯﾄ4で虫検査,接続方法：ﾍﾞｰｼﾞｭﾃｰﾌﾟ(幅:50mm),"EC,スライス,虫検査","5,176.00","2,665",2,1,"試験成績書発行（品保へ連絡）
虫検査",,50103,トーレペフ Y(工材),1:対象外,0,0.00,"5,000.00",,,,"195,000",0,"5,000.00",39.00,A1F15KAA0200FN1,551,ペフ,50103,トーレペフ Y(工材),,,999999,対象外,,,000001,2製品,02,社外加工,15015-KA00-1000x200FA C,,m,0:自社,,,,済,済,2026/08/10,2026/08/17,,,189221S,,6713,河合 直樹,06,スキン面,0:なし,0,0
00081752,製品,002,2026/07/21,2026/08/10,2026/08/10,2026/07/31,0:通常,0:通常,01,505101,国分後加工511,000051,国分後加工,049006,東ﾚ(株) 自材部,,,,,,,,,,,,,,,,,,,511101,国分工場01本倉庫,,,01,東レ本体,0:しない,,,,Y7-72,100,,,"201,864",0,1:完了,0:未完,0:通常,1:税抜,0,3:請求合計,1:金額,0:円未満,5:四捨五入,0:切り捨て,9:切り上げ,1:発行済,0:未承認,,0:しない,1:修正,,,,,,0051,国分,,,,,,,,,1:後加工,2026/08/10,1:通常,共和熊本,,,0,,,,,0:1明細目,ｽﾘｯﾄ4で虫検査,接続方法：ﾍﾞｰｼﾞｭﾃｰﾌﾟ(幅:50mm),"EC,スライス,虫検査","5,176.00","2,665",2,1,"試験成績書発行（品保へ連絡）
虫検査",,50103,トーレペフ Y(工材),1:対象外,0,0.00,176.00,,,,"6,864",0,176.00,39.00,A1F15KAA0175FN1,551,ペフ,50103,トーレペフ Y(工材),,,999999,対象外,,,000001,2製品,02,社外加工,15015-KA00-1000X176FA    C,短尺　175-179m,m,0:自社,,,,済,済,2026/08/10,2026/08/10,,,191088Y,,6713,河合 直樹,06,スキン面,0:なし,0,0
00081752,原反,001,2026/07/21,2026/08/10,2026/08/10,2026/07/31,0:通常,0:通常,01,505101,国分後加工511,000051,国分後加工,049006,東ﾚ(株) 自材部,,,,,,,,,,,,,,,,,,,511101,国分工場01本倉庫,,,01,東レ本体,0:しない,,,,Y7-72,100,,,"201,864",0,1:完了,0:未完,0:通常,1:税抜,0,3:請求合計,1:金額,0:円未満,5:四捨五入,0:切り捨て,9:切り上げ,1:発行済,0:未承認,,0:しない,1:修正,,,,,,0051,国分,,,,,,,,,1:後加工,2026/08/10,1:通常,共和熊本,,,0,,,,,0:1明細目,ｽﾘｯﾄ4で虫検査,接続方法：ﾍﾞｰｼﾞｭﾃｰﾌﾟ(幅:50mm),"EC,スライス,虫検査","5,176.00","2,665",2,1,"試験成績書発行（品保へ連絡）
虫検査",,50103,トーレペフ Y(工材),1:対象外,0,0.00,"2,665.00",SG,1021,EC,0,0,0.00,0.00,B1F30AAA0205FN1,551,ペフ,55109,ﾍﾟﾌ　その他,,,,,,,000001,2製品,02,社外加工,15030-AA00-1000x205FA C,,m,0:自社,,,,,,,,,,,2026/07/27,6710,河合 直樹,,,,0,13
00081753,製品,001,2026/07/21,2026/07/31,2026/07/31,2026/07/31,0:通常,0:通常,01,505101,国分後加工511,000051,国分後加工,049006,東ﾚ(株) 自材部,,,,,,,,,,,,,,,,,,,511101,国分工場01本倉庫,0015,末締,01,東レ本体,0:しない,,,,Y7-68,100,,,"23,280",0,0:未完,0:未完,0:通常,1:税抜,0,3:請求合計,1:金額,0:円未満,5:四捨五入,0:切り捨て,9:切り上げ,1:発行済,0:未承認,,0:しない,1:修正,,,,,,0051,国分,,,,,,,,,1:後加工,2026/07/31,1:通常,光洋産業,,,0,,,,,0:1明細目,カール注意,熱風温度上下：夏季360℃、冬季370℃,融着,97.00,600,1,1,,,50103,トーレペフ Y(工材),1:対象外,0,0.00,97.00,,,,"23,280",0,97.00,240.00,A1OF0DGA0200ZGC,551,ペフ,50103,トーレペフ Y(工材),,,999999,対象外,,,000001,2製品,02,社外加工,30150-DG20-1000X200ZA GA0U,,枚,0:自社,,,,済,済,2026/07/29,2026/07/29,2026/07/30,2026/07/30,189220Y,,6713,河合 直樹,,,1:あり,3,0
00081753,原反,001,2026/07/21,2026/07/31,2026/07/31,2026/07/31,0:通常,0:通常,01,505101,国分後加工511,000051,国分後加工,049006,東ﾚ(株) 自材部,,,,,,,,,,,,,,,,,,,511101,国分工場01本倉庫,0015,末締,01,東レ本体,0:しない,,,,Y7-68,100,,,"23,280",0,0:未完,0:未完,0:通常,1:税抜,0,3:請求合計,1:金額,0:円未満,5:四捨五入,0:切り捨て,9:切り上げ,1:発行済,0:未承認,,0:しない,1:修正,,,,,,0051,国分,,,,,,,,,1:後加工,2026/07/31,1:通常,光洋産業,,,0,,,,,0:1明細目,カール注意,熱風温度上下：夏季360℃、冬季370℃,融着,97.00,600,1,1,,,50103,トーレペフ Y(工材),1:対象外,0,0.00,600.00,SG,1121,融着機,0,0,0.00,0.00,B1O50AGA5200FG3,551,ペフ,50103,トーレペフ Y(工材),,,,,,,000003,4原材料,02,社外加工,30050-AG20-1050X200F-AGA0U,,m,0:自社,,,,,,,,,,,2026/07/28,6710,河合 直樹,,,,0,3
00081754,製品,001,2026/07/21,2026/07/31,2026/07/31,2026/07/31,0:通常,0:通常,01,505101,国分後加工511,000051,国分後加工,049006,東ﾚ(株) 自材部,,,,,,,,,,,,,,,,,,,511101,国分工場01本倉庫,0015,末締,01,東レ本体,0:しない,,,,Y7-65,100,,,"38,720",0,1:完了,1:完了,0:通常,1:税抜,0,3:請求合計,1:金額,0:円未満,5:四捨五入,0:切り捨て,9:切り上げ,1:発行済,0:未承認,,0:しない,1:修正,,,,,,0051,国分,,,,,,,,,1:後加工,2026/07/31,1:通常,TPI/押谷フェルト,,,0,,,,,0:1明細目,,熱風設定温度(上下)：夏季310℃、冬季320℃,融着,176.00,800,1,1,,,50103,トーレペフ Y(工材),1:対象外,0,0.00,176.00,,,,"38,720",0,176.00,220.00,A1OC0DG97220ZB4,551,ペフ,50103,トーレペフ Y(工材),,,999999,対象外,,,000001,2製品,02,社外加工,30120-DG00-　970X220ZA BK0,,枚,0:自社,,,,済,済,2026/07/29,2026/07/29,2026/07/30,2026/07/30,189218L,,6713,河合 直樹,,,1:あり,2,0
00081754,原反,001,2026/07/21,2026/07/31,2026/07/31,2026/07/31,0:通常,0:通常,01,505101,国分後加工511,000051,国分後加工,049006,東ﾚ(株) 自材部,,,,,,,,,,,,,,,,,,,511101,国分工場01本倉庫,0015,末締,01,東レ本体,0:しない,,,,Y7-65,100,,,"38,720",0,1:完了,1:完了,0:通常,1:税抜,0,3:請求合計,1:金額,0:円未満,5:四捨五入,0:切り捨て,9:切り上げ,1:発行済,0:未承認,,0:しない,1:修正,,,,,,0051,国分,,,,,,,,,1:後加工,2026/07/31,1:通常,TPI/押谷フェルト,,,0,,,,,0:1明細目,,熱風設定温度(上下)：夏季310℃、冬季320℃,融着,176.00,800,1,1,,,50103,トーレペフ Y(工材),1:対象外,0,0.00,800.00,SG,1121,融着機,0,0,0.00,0.00,B1O60AGA0100FBD,551,ペフ,55109,ﾍﾟﾌ　その他,,,,,,,000001,2製品,02,社外加工,30060-AG00-1000X200FA BK0C,,m,0:自社,,,,,,,,,,,2026/07/28,6710,河合 直樹,,,,0,4
00081755,製品,001,2026/07/21,2026/07/31,2026/07/31,2026/07/31,0:通常,0:通常,01,505101,国分後加工511,000051,国分後加工,049006,東ﾚ(株) 自材部,,,,,,,,,,,,,,,,,,,511101,国分工場01本倉庫,0015,末締,01,東レ本体,0:しない,,,,T7-97,100,,,"21,744",0,1:完了,1:完了,0:通常,1:税抜,0,3:請求合計,1:金額,0:円未満,5:四捨五入,0:切り捨て,9:切り上げ,1:発行済,0:未承認,,0:しない,1:修正,,,,,,0051,国分,,,,,,,,,1:後加工,2026/07/31,1:通常,大吉プラスチック,,,0,,,,,0:1明細目,,熱風温度(上下)：夏季340℃、冬季350℃,融着,120.00,600,1,1,"傷品1本あり
ロット：67J5424",,50103,トーレペフ Y(工材),1:対象外,0,0.00,120.00,,,,"21,744",0,120.00,181.20,A1OADDG82151YG3,551,ペフ,50103,トーレペフ Y(工材),,,999999,対象外,,,000001,2製品,02,社外加工,30300-DG00- 820X151YA BK0,,枚,0:自社,,,,済,済,2026/07/31,2026/07/31,2026/07/31,2026/07/31,189348T,,6713,河合 直樹,,,1:あり,3,0
00081755,原反,001,2026/07/21,2026/07/31,2026/07/31,2026/07/31,0:通常,0:通常,01,505101,国分後加工511,000051,国分後加工,049006,東ﾚ(株) 自材部,,,,,,,,,,,,,,,,,,,511101,国分工場01本倉庫,0015,末締,01,東レ本体,0:しない,,,,T7-97,100,,,"21,744",0,1:完了,1:完了,0:通常,1:税抜,0,3:請求合計,1:金額,0:円未満,5:四捨五入,0:切り捨て,9:切り上げ,1:発行済,0:未承認,,0:しない,1:修正,,,,,,0051,国分,,,,,,,,,1:後加工,2026/07/31,1:通常,大吉プラスチック,,,0,,,,,0:1明細目,,熱風温度(上下)：夏季340℃、冬季350℃,融着,120.00,600,1,1,"傷品1本あり
ロット：67J5424",,50103,トーレペフ Y(工材),1:対象外,0,0.00,600.00,SG,1121,融着機,0,0,0.00,0.00,B1OA0AGA0100FBD,551,ペフ,55109,ﾍﾟﾌ　その他,,,,,,,000001,2製品,02,社外加工,30100-AG00-1000X100FA BK0C,,m,0:自社,,,,,,,,,,,2026/07/29,6710,河合 直樹,,,,0,6
00081756,製品,001,2026/07/21,2026/07/31,2026/07/31,2026/07/31,0:通常,0:通常,01,505101,国分後加工511,000051,国分後加工,049006,東ﾚ(株) 自材部,,,,,,,,,,,,,,,,,,,511101,国分工場01本倉庫,0015,末締,01,東レ本体,0:しない,,,,T7-96,100,,,"13,137",0,1:完了,1:完了,0:通常,1:税抜,0,3:請求合計,1:金額,0:円未満,5:四捨五入,0:切り捨て,9:切り上げ,1:発行済,0:未承認,,0:しない,1:修正,,,,,,0051,国分,,,,,,,,,1:後加工,2026/07/31,1:通常,大吉プラスチック,,,0,,,,,0:1明細目,,一次加工熱風温度上下：350℃　二次加工熱風温度夏季上340℃下360℃、冬季上350℃下370℃,融着,60.00,400,1,2,,,50103,トーレペフ Y(工材),1:対象外,0,0.00,60.00,,,,"13,137",0,60.00,218.95,A1OAD1382151YN1,551,ペフ,50103,トーレペフ Y(工材),,,999999,対象外,,,000001,2製品,02,社外加工,C4300-1399-820x151YA,,枚,0:自社,,,,済,済,2026/07/30,2026/07/30,2026/07/30,2026/07/30,189344S,,6713,河合 直樹,,,1:あり,4,0
00081756,原反,001,2026/07/21,2026/07/31,2026/07/31,2026/07/31,0:通常,0:通常,01,505101,国分後加工511,000051,国分後加工,049006,東ﾚ(株) 自材部,,,,,,,,,,,,,,,,,,,511101,国分工場01本倉庫,0015,末締,01,東レ本体,0:しない,,,,T7-96,100,,,"13,137",0,1:完了,1:完了,0:通常,1:税抜,0,3:請求合計,1:金額,0:円未満,5:四捨五入,0:切り捨て,9:切り上げ,1:発行済,0:未承認,,0:しない,1:修正,,,,,,0051,国分,,,,,,,,,1:後加工,2026/07/31,1:通常,大吉プラスチック,,,0,,,,,0:1明細目,,一次加工熱風温度上下：350℃　二次加工熱風温度夏季上340℃下360℃、冬季上350℃下370℃,融着,60.00,400,1,2,,,50103,トーレペフ Y(工材),1:対象外,0,0.00,200.00,SG,1121,融着機,0,0,0.00,0.00,B1OA0AGA0100FN1,551,ペフ,55109,ﾍﾟﾌ　その他,,,,,,,000001,2製品,02,社外加工,30100-AG00-1000X100FA    C,,m,0:自社,,,,,,,,,,,2026/07/29,6710,河合 直樹,,,,0,2
00081756,原反,002,2026/07/21,2026/07/31,2026/07/31,2026/07/31,0:通常,0:通常,01,505101,国分後加工511,000051,国分後加工,049006,東ﾚ(株) 自材部,,,,,,,,,,,,,,,,,,,511101,国分工場01本倉庫,0015,末締,01,東レ本体,0:しない,,,,T7-96,100,,,"13,137",0,1:完了,1:完了,0:通常,1:税抜,0,3:請求合計,1:金額,0:円未満,5:四捨五入,0:切り捨て,9:切り上げ,1:発行済,0:未承認,,0:しない,1:修正,,,,,,0051,国分,,,,,,,,,1:後加工,2026/07/31,1:通常,大吉プラスチック,,,0,,,,,0:1明細目,,一次加工熱風温度上下：350℃　二次加工熱風温度夏季上340℃下360℃、冬季上350℃下370℃,融着,60.00,400,1,2,,,50103,トーレペフ Y(工材),1:対象外,0,0.00,200.00,SG,1121,融着機,0,0,0.00,0.00,B1K50AAA0100FN1,551,ペフ,55110,ﾍﾟﾌ　新規,,,,,,,000003,4原材料,02,社外加工,20050-AA00-1000X100FA ,,m,0:自社,,,,,,,,,,,2026/07/29,6710,河合 直樹,,,,0,2
00081757,製品,001,2026/07/21,2026/07/31,2026/07/31,2026/07/31,0:通常,0:通常,01,505101,国分後加工511,000051,国分後加工,049006,東ﾚ(株) 自材部,,,,,,,,,,,,,,,,,,,511101,国分工場01本倉庫,,,01,東レ本体,0:しない,,,,T7-104,100,,,"3,000",0,1:完了,1:完了,0:通常,1:税抜,0,3:請求合計,1:金額,0:円未満,5:四捨五入,0:切り捨て,9:切り上げ,1:発行済,0:未承認,,0:しない,1:修正,,,,,,0051,国分,,,,,,,,,1:後加工,2026/07/31,1:通常,恵比寿化成,,,0,,,,,0:1明細目,,,分割,200.00,200,1,1,,,50103,トーレペフ Y(工材),1:対象外,0,0.00,200.00,,,,"3,000",0,200.00,15.00,A1OA0AGA0050FB4,551,ペフ,50103,トーレペフ Y(工材),,,999999,対象外,,,000001,2製品,02,社外加工,30100-AG00-1000X 50FA    C,,m,0:自社,,,,済,済,2026/07/30,2026/07/30,2026/07/30,2026/07/30,189614Z,,6710,河合 直樹,,,0:なし,0,0
00081757,原反,001,2026/07/21,2026/07/31,2026/07/31,2026/07/31,0:通常,0:通常,01,505101,国分後加工511,000051,国分後加工,049006,東ﾚ(株) 自材部,,,,,,,,,,,,,,,,,,,511101,国分工場01本倉庫,,,01,東レ本体,0:しない,,,,T7-104,100,,,"3,000",0,1:完了,1:完了,0:通常,1:税抜,0,3:請求合計,1:金額,0:円未満,5:四捨五入,0:切り捨て,9:切り上げ,1:発行済,0:未承認,,0:しない,1:修正,,,,,,0051,国分,,,,,,,,,1:後加工,2026/07/31,1:通常,恵比寿化成,,,0,,,,,0:1明細目,,,分割,200.00,200,1,1,,,50103,トーレペフ Y(工材),1:対象外,0,0.00,200.00,SG,1043,スリット機2,0,0,0.00,0.00,B1OA0AGA0050FB4,551,ペフ,55109,ﾍﾟﾌ　その他,,,,,,,000003,4原材料,02,社外加工,30100-AG00-1000X100FA C,,m,0:自社,,,,,,,,,,,2026/07/29,6710,河合 直樹,,,,0,2
00081758,製品,001,2026/07/21,2026/07/31,2026/07/31,2026/07/31,0:通常,0:通常,01,505101,国分後加工511,000051,国分後加工,049006,東ﾚ(株) 自材部,,,,,,,,,,,,,,,,,,,511101,国分工場01本倉庫,0015,末締,01,東レ本体,0:しない,,,,T7-109,100,,,"11,328",0,0:未完,0:未完,0:通常,1:税抜,0,3:請求合計,1:金額,0:円未満,5:四捨五入,0:切り捨て,9:切り上げ,1:発行済,0:未承認,,0:しない,1:修正,,,,,,0051,国分,,,,,,,,,1:後加工,2026/07/31,1:通常,中央物産,,,0,,,,,0:1明細目,"フラップ逆転方式
コロナ処理面を記載した用紙を同梱",接続：ベージュテープ50mm幅　ぬれ検査頻度：1回/5本　融着行き,"EC,融着",48.00,200,1,2,"フラップ逆転方式
24枚梱包
コロナ処理面を記載した用紙を同梱",,50103,トーレペフ Y(工材),1:対象外,0,0.00,48.00,,,,"11,328",0,48.00,236.00,A1OACJGA1200ZB4,551,ペフ,50103,トーレペフ Y(工材),,,999999,対象外,,,000001,2製品,02,社外加工,30200-JG00-1010x200ZABK0Q,,枚,0:自社,,,,済,済,2026/07/29,2026/07/29,2026/07/30,2026/07/30,189555Y,,6713,河合 直樹,02,Ｑ面,0:なし,0,0
00081758,原反,001,2026/07/21,2026/07/31,2026/07/31,2026/07/31,0:通常,0:通常,01,505101,国分後加工511,000051,国分後加工,049006,東ﾚ(株) 自材部,,,,,,,,,,,,,,,,,,,511101,国分工場01本倉庫,0015,末締,01,東レ本体,0:しない,,,,T7-109,100,,,"11,328",0,0:未完,0:未完,0:通常,1:税抜,0,3:請求合計,1:金額,0:円未満,5:四捨五入,0:切り捨て,9:切り上げ,1:発行済,0:未承認,,0:しない,1:修正,,,,,,0051,国分,,,,,,,,,1:後加工,2026/07/31,1:通常,中央物産,,,0,,,,,0:1明細目,"フラップ逆転方式
コロナ処理面を記載した用紙を同梱",接続：ベージュテープ50mm幅　ぬれ検査頻度：1回/5本　融着行き,"EC,融着",48.00,200,1,2,"フラップ逆転方式
24枚梱包
コロナ処理面を記載した用紙を同梱",,50103,トーレペフ Y(工材),1:対象外,0,0.00,100.00,SG,1021,EC,0,0,0.00,0.00,B1OA0AGA5100FBD,551,ペフ,55109,ﾍﾟﾌ　その他,,,,,,,000001,2製品,02,社外加工,30100-AG00-1050X100FA BK0M,,m,0:自社,,,,,,,,,,,2026/07/27,6710,河合 直樹,,,,0,1
00081758,原反,002,2026/07/21,2026/07/31,2026/07/31,2026/07/31,0:通常,0:通常,01,505101,国分後加工511,000051,国分後加工,049006,東ﾚ(株) 自材部,,,,,,,,,,,,,,,,,,,511101,国分工場01本倉庫,0015,末締,01,東レ本体,0:しない,,,,T7-109,100,,,"11,328",0,0:未完,0:未完,0:通常,1:税抜,0,3:請求合計,1:金額,0:円未満,5:四捨五入,0:切り捨て,9:切り上げ,1:発行済,0:未承認,,0:しない,1:修正,,,,,,0051,国分,,,,,,,,,1:後加工,2026/07/31,1:通常,中央物産,,,0,,,,,0:1明細目,"フラップ逆転方式
コロナ処理面を記載した用紙を同梱",接続：ベージュテープ50mm幅　ぬれ検査頻度：1回/5本　融着行き,"EC,融着",48.00,200,1,2,"フラップ逆転方式
24枚梱包
コロナ処理面を記載した用紙を同梱",,50103,トーレペフ Y(工材),1:対象外,0,0.00,100.00,SG,1121,融着機,0,0,0.00,0.00,B1OA0AGA5100FBD,551,ペフ,55109,ﾍﾟﾌ　その他,,,,,,,000001,2製品,02,社外加工,30100-AG00-1050X100FA BK0M,,m,0:自社,,,,,,,,,,,2026/07/27,6710,河合 直樹,,,,0,1
00081759,製品,001,2026/07/21,2026/07/31,2026/07/31,2026/07/31,0:通常,0:通常,01,505101,国分後加工511,000051,国分後加工,049006,東ﾚ(株) 自材部,,,,,,,,,,,,,,,,,,,511101,国分工場01本倉庫,0015,末締,01,東レ本体,0:しない,,,,T7-106,100,,,"22,845",0,0:未完,0:未完,0:通常,1:税抜,0,3:請求合計,1:金額,0:円未満,5:四捨五入,0:切り捨て,9:切り上げ,1:発行済,0:未承認,,0:しない,1:修正,,,,,,0051,国分,,,,,,,,,1:後加工,2026/07/31,1:通常,中央物産,,,0,,,,,0:1明細目,"フラップ逆転方式
10mm原反のＱ面にＥＣ加工(No2020-003)",接続：ベージュテープ50mm幅　ぬれ検査頻度：1回/5本　原反10mmにEC加工　融着行き,"EC,融着",88.00,400,1,2,"フラップ逆転方式
32枚梱包
コロナ処理面を記載した用紙を同梱",,50103,トーレペフ Y(工材),1:対象外,0,0.00,88.00,,,,"22,845",0,88.00,259.60,A1OFBJGA1220ZB4,551,ペフ,50103,トーレペフ Y(工材),,,999999,対象外,,,000001,2製品,02,社外加工,30150-JG00-1010x220ZABK0Q,10mmにEC加工,枚,0:自社,,,,済,済,2026/07/29,2026/07/29,2026/07/30,2026/07/30,189554G,,6713,河合 直樹,02,Ｑ面,0:なし,0,0
00081759,原反,001,2026/07/21,2026/07/31,2026/07/31,2026/07/31,0:通常,0:通常,01,505101,国分後加工511,000051,国分後加工,049006,東ﾚ(株) 自材部,,,,,,,,,,,,,,,,,,,511101,国分工場01本倉庫,0015,末締,01,東レ本体,0:しない,,,,T7-106,100,,,"22,845",0,0:未完,0:未完,0:通常,1:税抜,0,3:請求合計,1:金額,0:円未満,5:四捨五入,0:切り捨て,9:切り上げ,1:発行済,0:未承認,,0:しない,1:修正,,,,,,0051,国分,,,,,,,,,1:後加工,2026/07/31,1:通常,中央物産,,,0,,,,,0:1明細目,"フラップ逆転方式
10mm原反のＱ面にＥＣ加工(No2020-003)",接続：ベージュテープ50mm幅　ぬれ検査頻度：1回/5本　原反10mmにEC加工　融着行き,"EC,融着",88.00,400,1,2,"フラップ逆転方式
32枚梱包
コロナ処理面を記載した用紙を同梱",,50103,トーレペフ Y(工材),1:対象外,0,0.00,200.00,SG,1021,EC,0,0,0.00,0.00,B1OA0AGA5100FBD,551,ペフ,55109,ﾍﾟﾌ　その他,,,,,,,000001,2製品,02,社外加工,30100-AG00-1050X100FA BK0M,,m,0:自社,,,,,,,,,,,2026/07/27,6710,河合 直樹,,,,0,2
00081759,原反,002,2026/07/21,2026/07/31,2026/07/31,2026/07/31,0:通常,0:通常,01,505101,国分後加工511,000051,国分後加工,049006,東ﾚ(株) 自材部,,,,,,,,,,,,,,,,,,,511101,国分工場01本倉庫,0015,末締,01,東レ本体,0:しない,,,,T7-106,100,,,"22,845",0,0:未完,0:未完,0:通常,1:税抜,0,3:請求合計,1:金額,0:円未満,5:四捨五入,0:切り捨て,9:切り上げ,1:発行済,0:未承認,,0:しない,1:修正,,,,,,0051,国分,,,,,,,,,1:後加工,2026/07/31,1:通常,中央物産,,,0,,,,,0:1明細目,"フラップ逆転方式
10mm原反のＱ面にＥＣ加工(No2020-003)",接続：ベージュテープ50mm幅　ぬれ検査頻度：1回/5本　原反10mmにEC加工　融着行き,"EC,融着",88.00,400,1,2,"フラップ逆転方式
32枚梱包
コロナ処理面を記載した用紙を同梱",,50103,トーレペフ Y(工材),1:対象外,0,0.00,200.00,SG,1121,融着機,0,0,0.00,0.00,B1O50AGA5200FB4,551,ペフ,55109,ﾍﾟﾌ　その他,,,,,,,000003,4原材料,02,社外加工,30050-AG00-1050X200FA BK0C,,m,0:自社,,,,,,,,,,,2026/07/27,6710,河合 直樹,,,,0,1
00081760,製品,001,2026/07/21,2026/07/31,2026/07/31,2026/07/31,0:通常,0:通常,01,105501,営業55,000567,佐藤 久美子,900001,本多産業(株)向け在庫分(30070),本多産業(株)向け在庫分(30070),,,,,,,,000331,長岡産業(株)大石　配送課,長岡産業株式会社,　大石第２工場　配送課,520-2263,滋賀県大津市大石中6-2-13,,,077-546-7200,077-536-3010,511101,国分工場01本倉庫,,,03,その他,1:する,1:御中,1:する,2:様,,700,,,0,0,1:完了,1:完了,0:通常,1:税抜,0,1:伝票明細,1:金額,0:円未満,0:切り捨て,0:切り捨て,0:切り捨て,1:発行済,0:未承認,,0:しない,1:修正,,,,,,0001,京滋便,,,★原反支給　★当原反の品質保証(製造ﾛｯﾄ･外観品位)に関する責任は営業部に帰属します,,,営）材料単価×1.01+紙管代405円,,,2:自社,2026/07/31,1:通常,本多産業,,,0,,,,,0:1明細目,,,スライス,300.00,150,2,1,,,51200,自社加工,1:対象外,0,0.00,150.00,,,,0,0,150.00,0.00,A5O70BGA0050FN1,551,ペフ,55103,ﾍﾟﾌ　弱電,,,430500,加工-売上,,,000001,2製品,02,社外加工,ﾄｰﾚﾍﾟﾌ 30070-BG00-1000X 50F-A H,,m,0:自社,,,,済,済,2026/07/31,2026/07/31,2026/07/31,2026/07/31,,,KAKO,菱田 昌美,,,0:なし,0,0
00081760,製品,002,2026/07/21,2026/07/31,2026/07/31,2026/07/31,0:通常,0:通常,01,105501,営業55,000567,佐藤 久美子,900001,本多産業(株)向け在庫分(30070),本多産業(株)向け在庫分(30070),,,,,,,,000331,長岡産業(株)大石　配送課,長岡産業株式会社,　大石第２工場　配送課,520-2263,滋賀県大津市大石中6-2-13,,,077-546-7200,077-536-3010,511101,国分工場01本倉庫,,,03,その他,1:する,1:御中,1:する,2:様,,700,,,0,0,1:完了,1:完了,0:通常,1:税抜,0,1:伝票明細,1:金額,0:円未満,0:切り捨て,0:切り捨て,0:切り捨て,1:発行済,0:未承認,,0:しない,1:修正,,,,,,0001,京滋便,,,★原反支給　★当原反の品質保証(製造ﾛｯﾄ･外観品位)に関する責任は営業部に帰属します,,,営）材料単価×1.01+紙管代405円,,,2:自社,2026/07/31,1:通常,本多産業,,,0,,,,,0:1明細目,,,スライス,300.00,150,2,1,,,51200,自社加工,1:対象外,0,0.00,150.00,,,,0,0,150.00,0.00,A5O30BGA0050FN1,551,ペフ,51200,自社加工,,,430500,加工-売上,,,000001,2製品,02,社外加工,ﾄｰﾚﾍﾟﾌ 30030-BG00-1000X 50F-A Q,,m,0:自社,,,,済,済,2026/07/31,2026/07/31,2026/07/31,2026/07/31,,,KAKO,菱田 昌美,,,0:なし,0,0
00081760,原反,001,2026/07/21,2026/07/31,2026/07/31,2026/07/31,0:通常,0:通常,01,105501,営業55,000567,佐藤 久美子,900001,本多産業(株)向け在庫分(30070),本多産業(株)向け在庫分(30070),,,,,,,,000331,長岡産業(株)大石　配送課,長岡産業株式会社,　大石第２工場　配送課,520-2263,滋賀県大津市大石中6-2-13,,,077-546-7200,077-536-3010,511101,国分工場01本倉庫,,,03,その他,1:する,1:御中,1:する,2:様,,700,,,0,0,1:完了,1:完了,0:通常,1:税抜,0,1:伝票明細,1:金額,0:円未満,0:切り捨て,0:切り捨て,0:切り捨て,1:発行済,0:未承認,,0:しない,1:修正,,,,,,0001,京滋便,,,★原反支給　★当原反の品質保証(製造ﾛｯﾄ･外観品位)に関する責任は営業部に帰属します,,,営）材料単価×1.01+紙管代405円,,,2:自社,2026/07/31,1:通常,本多産業,,,0,,,,,0:1明細目,,,スライス,300.00,150,2,1,,,51200,自社加工,1:対象外,0,0.00,150.00,EI,1011,スライス機1,0,0,0.00,0.00,P5OA0AGA0050FN1,551,ペフ,55109,ﾍﾟﾌ　その他,,,430503,加工-仕入-材,,,000003,4原材料,01,社外製品,30100-AG00-1000X 50F-A,分類：加工,m,0:自社,,,,,,,,,,,2026/07/24,JSYA,菱田 昌美,,,,0,3
00081762,製品,001,2026/07/21,2026/08/06,2026/08/06,2026/07/31,0:通常,0:通常,01,505101,国分後加工511,000051,国分後加工,049006,東ﾚ(株) 自材部,,,,,,,,,,,,,,,,,,,511101,国分工場01本倉庫,0015,末締,01,東レ本体,0:しない,,,,T7-95,100,,,"32,832",0,1:完了,1:完了,0:通常,1:税抜,0,3:請求合計,1:金額,0:円未満,5:四捨五入,0:切り捨て,9:切り上げ,1:発行済,0:未承認,,0:しない,1:修正,,,,,,0051,国分,,,,,,,,,1:後加工,2026/08/06,1:通常,大吉プラスチック,,,0,,,,,0:1明細目,,熱風設定温度(上下)：夏季340℃、冬季350℃,融着,240.00,900,1,1,,,50103,トーレペフ Y(工材),1:対象外,0,0.00,240.00,,,,"32,832",0,240.00,136.80,A1OADDG82114YG3,551,ペフ,50103,トーレペフ Y(工材),,,999999,対象外,,,000001,2製品,02,社外加工,30300-DG00- 820X114YA BK0,,枚,0:自社,,,,済,済,2026/08/03,2026/08/03,2026/08/12,2026/08/12,189339W,,6713,河合 直樹,,,1:あり,3,0
00081762,原反,001,2026/07/21,2026/08/06,2026/08/06,2026/07/31,0:通常,0:通常,01,505101,国分後加工511,000051,国分後加工,049006,東ﾚ(株) 自材部,,,,,,,,,,,,,,,,,,,511101,国分工場01本倉庫,0015,末締,01,東レ本体,0:しない,,,,T7-95,100,,,"32,832",0,1:完了,1:完了,0:通常,1:税抜,0,3:請求合計,1:金額,0:円未満,5:四捨五入,0:切り捨て,9:切り上げ,1:発行済,0:未承認,,0:しない,1:修正,,,,,,0051,国分,,,,,,,,,1:後加工,2026/08/06,1:通常,大吉プラスチック,,,0,,,,,0:1明細目,,熱風設定温度(上下)：夏季340℃、冬季350℃,融着,240.00,900,1,1,,,50103,トーレペフ Y(工材),1:対象外,0,0.00,900.00,SG,1121,融着機,0,0,0.00,0.00,B1OA0AGA0100FBD,551,ペフ,55109,ﾍﾟﾌ　その他,,,,,,,000001,2製品,02,社外加工,30100-AG00-1000X100FA BK0C,,m,0:自社,,,,,,,,,,,2026/08/03,6710,河合 直樹,,,,0,9
00081763,製品,001,2026/07/21,2026/08/06,2026/08/06,2026/07/31,0:通常,0:通常,01,505101,国分後加工511,000051,国分後加工,049006,東ﾚ(株) 自材部,,,,,,,,,,,,,,,,,,,511101,国分工場01本倉庫,0015,末締,01,東レ本体,0:しない,,,,T7-98,100,,,"10,224",0,1:完了,1:完了,0:通常,1:税抜,0,3:請求合計,1:金額,0:円未満,5:四捨五入,0:切り捨て,9:切り上げ,1:発行済,0:未承認,,0:しない,1:修正,,,,,,0051,国分,,,,,,,,,1:後加工,2026/08/06,1:通常,大吉プラスチック,,,0,,,,,0:1明細目,,熱風温度上下：夏季340℃、冬季350℃,融着,60.00,300,1,1,,,50103,トーレペフ Y(工材),1:対象外,0,0.00,60.00,,,,"10,224",0,60.00,170.40,A1OADDG82142YN1,551,ペフ,50103,トーレペフ Y(工材),,,999999,対象外,,,000001,2製品,02,社外加工,30300-DG00-820x142YA,,枚,0:自社,,,,済,済,2026/08/03,2026/08/03,2026/08/12,2026/08/12,189350J,,6713,河合 直樹,,,0:なし,0,0
00081763,原反,001,2026/07/21,2026/08/06,2026/08/06,2026/07/31,0:通常,0:通常,01,505101,国分後加工511,000051,国分後加工,049006,東ﾚ(株) 自材部,,,,,,,,,,,,,,,,,,,511101,国分工場01本倉庫,0015,末締,01,東レ本体,0:しない,,,,T7-98,100,,,"10,224",0,1:完了,1:完了,0:通常,1:税抜,0,3:請求合計,1:金額,0:円未満,5:四捨五入,0:切り捨て,9:切り上げ,1:発行済,0:未承認,,0:しない,1:修正,,,,,,0051,国分,,,,,,,,,1:後加工,2026/08/06,1:通常,大吉プラスチック,,,0,,,,,0:1明細目,,熱風温度上下：夏季340℃、冬季350℃,融着,60.00,300,1,1,,,50103,トーレペフ Y(工材),1:対象外,0,0.00,300.00,SG,1121,融着機,0,0,0.00,0.00,B1OA0AGA0100FN1,551,ペフ,55109,ﾍﾟﾌ　その他,,,,,,,000001,2製品,02,社外加工,30100-AG00-1000X100FA    C,,m,0:自社,,,,,,,,,,,2026/08/03,6710,河合 直樹,,,,0,3
00081764,製品,001,2026/07/21,2026/08/17,2026/08/17,2026/07/31,0:通常,0:通常,01,505101,国分後加工511,000051,国分後加工,049006,東ﾚ(株) 自材部,,,,,,,,,,,,,,,,,,,511101,国分工場01本倉庫,0015,末締,01,東レ本体,0:しない,,,,Y7-75,100,,,"48,600",0,1:完了,0:未完,0:通常,1:税抜,0,3:請求合計,1:金額,0:円未満,5:四捨五入,0:切り捨て,9:切り上げ,1:発行済,0:未承認,,0:しない,1:修正,,,,,,0051,国分,,,,,,,,,1:後加工,2026/08/17,1:通常,レゾナック,,,0,,,,,0:1明細目,ぬれ測定全ロール実施。3インチ紙管,接続：緑テープ50mm幅　検査表提出　ぬれ検査頻度：全数,EC,"2,700.00","2,700",1,1,"試験成績書発行
3インチ紙管",,50103,トーレペフ Y(工材),1:対象外,0,0.00,"2,700.00",,,,"48,600",0,"2,700.00",18.00,A1A10NYC5300FWC,551,ペフ,50103,トーレペフ Y(工材),,,999999,対象外,,,000001,2製品,02,社外加工,10010-NY00-1250x300FAWH1V,,m,0:自社,,,,済,済,2026/08/10,2026/08/10,,,189373W,,6713,河合 直樹,01,両面,0:なし,0,0
00081764,原反,001,2026/07/21,2026/08/17,2026/08/17,2026/07/31,0:通常,0:通常,01,505101,国分後加工511,000051,国分後加工,049006,東ﾚ(株) 自材部,,,,,,,,,,,,,,,,,,,511101,国分工場01本倉庫,0015,末締,01,東レ本体,0:しない,,,,Y7-75,100,,,"48,600",0,1:完了,0:未完,0:通常,1:税抜,0,3:請求合計,1:金額,0:円未満,5:四捨五入,0:切り捨て,9:切り上げ,1:発行済,0:未承認,,0:しない,1:修正,,,,,,0051,国分,,,,,,,,,1:後加工,2026/08/17,1:通常,レゾナック,,,0,,,,,0:1明細目,ぬれ測定全ロール実施。3インチ紙管,接続：緑テープ50mm幅　検査表提出　ぬれ検査頻度：全数,EC,"2,700.00","2,700",1,1,"試験成績書発行
3インチ紙管",,50103,トーレペフ Y(工材),1:対象外,0,0.00,"2,700.00",SG,1021,EC,0,0,0.00,0.00,B1A10AYC5300FW3,551,ペフ,55109,ﾍﾟﾌ　その他,,,,,,,000001,2製品,02,社外加工,10010-AY00-1250X300FA WH1C,,m,0:自社,,,,,,,,,,,2026/08/07,6710,河合 直樹,,,,0,9
00081767,製品,001,2026/07/21,2026/08/20,2026/08/20,2026/07/31,0:通常,0:通常,01,505101,国分後加工511,000051,国分後加工,049006,東ﾚ(株) 自材部,,,,,,,,,,,,,,,,,,,511101,国分工場01本倉庫,0015,末締,01,東レ本体,0:しない,,,,Y7-73,100,,,"330,878",0,0:未完,0:未完,0:通常,1:税抜,0,3:請求合計,1:金額,0:円未満,5:四捨五入,0:切り捨て,9:切り上げ,1:発行済,0:未承認,,0:しない,1:修正,,,,,,0051,国分,,,,,,,,,1:後加工,2026/08/20,1:通常,光洋産業,,,0,,,,,0:1明細目,,接続：ベージュテープ50mm幅,"EC,スライス,スリット","7,193.00","3,600",2,2,,,50103,トーレペフ Y(工材),1:対象外,0,0.00,"6,900.00",,,,"317,400",0,"6,900.00",46.00,A1F0AKYA3300FW3,551,ペフ,50103,トーレペフ Y(工材),,,999999,対象外,,,000001,2製品,02,社外加工,15005-KY00-1030X300FA WH1C,原 15011-1100,m,0:自社,,,,済,一部,2026/08/07,2026/08/10,2026/08/12,2026/08/12,189376G,,6713,河合 直樹,06,スキン面,0:なし,0,0
00081767,製品,002,2026/07/21,2026/08/20,2026/08/20,2026/07/31,0:通常,0:通常,01,505101,国分後加工511,000051,国分後加工,049006,東ﾚ(株) 自材部,,,,,,,,,,,,,,,,,,,511101,国分工場01本倉庫,0015,末締,01,東レ本体,0:しない,,,,Y7-73,100,,,"330,878",0,0:未完,0:未完,0:通常,1:税抜,0,3:請求合計,1:金額,0:円未満,5:四捨五入,0:切り捨て,9:切り上げ,1:発行済,0:未承認,,0:しない,1:修正,,,,,,0051,国分,,,,,,,,,1:後加工,2026/08/20,1:通常,光洋産業,,,0,,,,,0:1明細目,,接続：ベージュテープ50mm幅,"EC,スライス,スリット","7,193.00","3,600",2,2,,,50103,トーレペフ Y(工材),1:対象外,0,0.00,293.00,,,,"13,478",0,293.00,46.00,A1F0AKYA3290FW3,551,ペフ,50103,トーレペフ Y(工材),,,999999,対象外,,,000001,2製品,02,社外加工,15005-KY00-1030X293FA WH1C,短尺：290～294m,m,0:自社,,,,済,一部,,,2026/08/12,2026/08/12,191606S,,6713,河合 直樹,,,0:なし,0,0
00081767,原反,001,2026/07/21,2026/08/20,2026/08/20,2026/07/31,0:通常,0:通常,01,505101,国分後加工511,000051,国分後加工,049006,東ﾚ(株) 自材部,,,,,,,,,,,,,,,,,,,511101,国分工場01本倉庫,0015,末締,01,東レ本体,0:しない,,,,Y7-73,100,,,"330,878",0,0:未完,0:未完,0:通常,1:税抜,0,3:請求合計,1:金額,0:円未満,5:四捨五入,0:切り捨て,9:切り上げ,1:発行済,0:未承認,,0:しない,1:修正,,,,,,0051,国分,,,,,,,,,1:後加工,2026/08/20,1:通常,光洋産業,,,0,,,,,0:1明細目,,接続：ベージュテープ50mm幅,"EC,スライス,スリット","7,193.00","3,600",2,2,,,50103,トーレペフ Y(工材),1:対象外,0,0.00,"1,500.00",SG,1013,LAC/EC機,0,0,0.00,0.00,B1F11AYB0300FW3,551,ペフ,55109,ﾍﾟﾌ　その他,,,,,,,000001,2製品,02,社外加工,15011-AY00-1100X300FA WH1C,,m,0:自社,,,,,,,,,,,2026/08/04,6710,河合 直樹,,,,0,5
00081767,原反,002,2026/07/21,2026/08/20,2026/08/20,2026/07/31,0:通常,0:通常,01,505101,国分後加工511,000051,国分後加工,049006,東ﾚ(株) 自材部,,,,,,,,,,,,,,,,,,,511101,国分工場01本倉庫,0015,末締,01,東レ本体,0:しない,,,,Y7-73,100,,,"330,878",0,0:未完,0:未完,0:通常,1:税抜,0,3:請求合計,1:金額,0:円未満,5:四捨五入,0:切り捨て,9:切り上げ,1:発行済,0:未承認,,0:しない,1:修正,,,,,,0051,国分,,,,,,,,,1:後加工,2026/08/20,1:通常,光洋産業,,,0,,,,,0:1明細目,,接続：ベージュテープ50mm幅,"EC,スライス,スリット","7,193.00","3,600",2,2,,,50103,トーレペフ Y(工材),1:対象外,0,0.00,"2,100.00",SG,1013,LAC/EC機,0,0,0.00,0.00,B1F11AYB0300FW3,551,ペフ,55109,ﾍﾟﾌ　その他,,,,,,,000001,2製品,02,社外加工,15011-AY00-1100X300FA WH1R,,m,0:自社,,,,,,,,,,,2026/08/04,6710,河合 直樹,,,,0,7
00081768,製品,001,2026/07/21,2026/08/04,2026/07/31,2026/07/31,0:通常,0:通常,01,105501,営業55,000498,新庄 健,040014,大和ﾘｰｽ(株)★,,,,,,,,,096001,大和リース(株)　岡山デポ,大和リース株式会社　岡山デポ,　７番シャッター,719-3211,岡山県真庭市樫西270,,,0867-42-7231,0867-42-7234,520201,湖南工場01本倉庫,0006,末 出荷日＝売上計上,03,その他,0:しない,,1:する,2:様,S260721-1,100,,,"85,800",0,1:完了,1:完了,0:通常,1:税抜,0,3:請求合計,1:金額,0:円未満,5:四捨五入,0:切り捨て,5:四捨五入,1:発行済,0:未承認,,0:しない,1:修正,,,,,,0012,中央倉庫(EDI)土曜無,,,再）加工機トラブルのため原反投入が遅れます　　7/28入➡7/30入,,,営）原反営業手配 　送料(２巻\2000円 ４巻￥3000円 ６巻～無し),,,2:自社,,1:通常,大和リース,,,0,,,,,0:1明細目,,,スリット,400.00,400,1,1,,,50103,トーレペフ Y(工材),1:対象外,"52,160",130.40,400.00,,,,"85,800",0,400.00,214.50,A2P408Y53200FG4,551,ペフ,50103,トーレペフ Y(工材),,,,,,,000001,2製品,02,社外加工,0R040-8Y0B- 535X200F-AGA1C,,M,0:自社,,,,済,済,2026/07/31,2026/07/31,2026/07/31,2026/07/31,,,6713,菱田 昌美,,,0:なし,0,0
00081768,原反,001,2026/07/21,2026/08/04,2026/07/31,2026/07/31,0:通常,0:通常,01,105501,営業55,000498,新庄 健,040014,大和ﾘｰｽ(株)★,,,,,,,,,096001,大和リース(株)　岡山デポ,大和リース株式会社　岡山デポ,　７番シャッター,719-3211,岡山県真庭市樫西270,,,0867-42-7231,0867-42-7234,520201,湖南工場01本倉庫,0006,末 出荷日＝売上計上,03,その他,0:しない,,1:する,2:様,S260721-1,100,,,"85,800",0,1:完了,1:完了,0:通常,1:税抜,0,3:請求合計,1:金額,0:円未満,5:四捨五入,0:切り捨て,5:四捨五入,1:発行済,0:未承認,,0:しない,1:修正,,,,,,0012,中央倉庫(EDI)土曜無,,,再）加工機トラブルのため原反投入が遅れます　　7/28入➡7/30入,,,営）原反営業手配 　送料(２巻\2000円 ４巻￥3000円 ６巻～無し),,,2:自社,,1:通常,大和リース,,,0,,,,,0:1明細目,,,スリット,400.00,400,1,1,,,50103,トーレペフ Y(工材),1:対象外,0,0.00,400.00,K ,2013,スリット機1　湖南,0,0,0.00,0.00,B2P408Y68200FG4,551,ペフ,55109,ﾍﾟﾌ　その他,,,,,,,000001,2製品,02,社外加工,0R040-8Y0B- 680X200F-AGA1C,,M,0:自社,,,,,,,,,,,2026/07/30,6713,菱田 昌美,,,,0,2
00081769,製品,001,2026/07/21,2026/08/19,2026/08/19,2026/07/31,0:通常,0:通常,01,505101,国分後加工511,000051,国分後加工,049006,東ﾚ(株) 自材部,,,,,,,,,,,,,,,,,,,511101,国分工場01本倉庫,0015,末締,01,東レ本体,0:しない,,,,Y7-71,100,,,"240,000",0,1:完了,0:未完,0:通常,1:税抜,0,3:請求合計,1:金額,0:円未満,5:四捨五入,0:切り捨て,9:切り上げ,1:発行済,0:未承認,,0:しない,1:修正,,,,,,0051,国分,,,,,,,,,1:後加工,2026/08/19,1:通常,ﾀﾞｲｳﾚ,,,0,,,,,0:1明細目,,接続：ベージュテープ50mm幅　ぬれ検査頻度：1回/5本　スライス行き,"EC,スライス","12,000.00","6,000",1,1,"1.ジョイント部分の端部に赤色テープ(マーキング用)を貼り付け(スライスの両方とも)側面から判別できるようにする。
2.製品ラベルに接続点個数を明記。",,50103,トーレペフ Y(工材),1:対象外,0,0.00,"12,000.00",,,,"240,000",0,"12,000.00",20.00,A1O15KEA5300FG3,551,ペフ,50105,トーレペフ V(TPI),,,999999,対象外,,,000001,2製品,02,社外加工,30015-KE20-1050X300FA GA0U,,m,0:自社,,,,済,済,2026/08/17,2026/08/17,,,189371K,,6713,河合 直樹,06,スキン面,0:なし,0,0
00081769,原反,001,2026/07/21,2026/08/19,2026/08/19,2026/07/31,0:通常,0:通常,01,505101,国分後加工511,000051,国分後加工,049006,東ﾚ(株) 自材部,,,,,,,,,,,,,,,,,,,511101,国分工場01本倉庫,0015,末締,01,東レ本体,0:しない,,,,Y7-71,100,,,"240,000",0,1:完了,0:未完,0:通常,1:税抜,0,3:請求合計,1:金額,0:円未満,5:四捨五入,0:切り捨て,9:切り上げ,1:発行済,0:未承認,,0:しない,1:修正,,,,,,0051,国分,,,,,,,,,1:後加工,2026/08/19,1:通常,ﾀﾞｲｳﾚ,,,0,,,,,0:1明細目,,接続：ベージュテープ50mm幅　ぬれ検査頻度：1回/5本　スライス行き,"EC,スライス","12,000.00","6,000",1,1,"1.ジョイント部分の端部に赤色テープ(マーキング用)を貼り付け(スライスの両方とも)側面から判別できるようにする。
2.製品ラベルに接続点個数を明記。",,50103,トーレペフ Y(工材),1:対象外,0,0.00,"6,000.00",SG,1021,EC,0,0,0.00,0.00,B1O30AEA5300FG3,551,ペフ,55109,ﾍﾟﾌ　その他,,,,,,,000001,2製品,02,社外加工,30030-AE20-1050X300FA GA0U,,m,0:自社,,,,,,,,,,,2026/08/10,6710,河合 直樹,,,,0,20
00081770,製品,001,2026/07/21,2026/08/17,2026/08/17,2026/07/31,0:通常,0:通常,01,505101,国分後加工511,000051,国分後加工,049006,東ﾚ(株) 自材部,,,,,,,,,,,,,,,,,,,511101,国分工場01本倉庫,0015,末締,01,東レ本体,0:しない,,,,Y7-64,100,,,"6,800",0,1:完了,1:完了,0:通常,1:税抜,0,3:請求合計,1:金額,0:円未満,5:四捨五入,0:切り捨て,9:切り上げ,1:発行済,0:未承認,,0:しない,1:修正,,,,,,0051,国分,,,,,,,,,1:後加工,2026/08/17,1:通常,住電,,,0,,,,,0:1明細目,,幅の検査は全数行うこと,スリット,"1,600.00",400,1,1,"「精密スリッター」「巾公差±0.5mm」
①加工検査表を大阪/上杉氏宛に送付してください。
②全量を幅測定してください。
シールラベル作成する。",,50103,トーレペフ Y(工材),1:対象外,0,0.00,"1,600.00",,,,"6,800",0,"1,600.00",4.25,A1A20AA23200JW3,551,ペフ,50103,トーレペフ Y(工材),,,999999,対象外,,,000001,2製品,02,社外加工,10020-AA00-232x200JAWH1C,,m,0:自社,,,,済,済,2026/08/05,2026/08/05,2026/08/12,2026/08/12,189364Z,,6713,河合 直樹,,,0:なし,0,0
00081770,原反,001,2026/07/21,2026/08/17,2026/08/17,2026/07/31,0:通常,0:通常,01,505101,国分後加工511,000051,国分後加工,049006,東ﾚ(株) 自材部,,,,,,,,,,,,,,,,,,,511101,国分工場01本倉庫,0015,末締,01,東レ本体,0:しない,,,,Y7-64,100,,,"6,800",0,1:完了,1:完了,0:通常,1:税抜,0,3:請求合計,1:金額,0:円未満,5:四捨五入,0:切り捨て,9:切り上げ,1:発行済,0:未承認,,0:しない,1:修正,,,,,,0051,国分,,,,,,,,,1:後加工,2026/08/17,1:通常,住電,,,0,,,,,0:1明細目,,幅の検査は全数行うこと,スリット,"1,600.00",400,1,1,"「精密スリッター」「巾公差±0.5mm」
①加工検査表を大阪/上杉氏宛に送付してください。
②全量を幅測定してください。
シールラベル作成する。",,50103,トーレペフ Y(工材),1:対象外,0,0.00,400.00,SG,1042,スリット機1,0,0,0.00,0.00,B1A20AAA0200FWC,551,ペフ,,,,,,,,,000003,4原材料,02,社外加工,10020-AA00-1000X200FA WH1P,,m,0:自社,,,,,,,,,,,2026/08/04,6710,河合 直樹,,,,0,2
00081771,製品,001,2026/07/21,2026/08/10,2026/08/10,2026/07/31,0:通常,0:通常,01,505101,国分後加工511,000051,国分後加工,049006,東ﾚ(株) 自材部,,,,,,,,,,,,,,,,,,,511101,国分工場01本倉庫,0015,末締,01,東レ本体,0:しない,,,,T7-105,100,,,"16,800",0,1:完了,1:完了,0:通常,1:税抜,0,3:請求合計,1:金額,0:円未満,5:四捨五入,0:切り捨て,9:切り上げ,1:発行済,0:未承認,,0:しない,1:修正,,,,,,0051,国分,,,,,,,,,1:後加工,2026/08/10,1:通常,中央物産,,,0,,,,,0:1明細目,,接続：ベージュテープ50mm幅　ぬれ検査頻度：1回/5本　スライス行き,"EC,スライス",800.00,200,2,1,200ｍ厳守でお願いします。,,50103,トーレペフ Y(工材),1:対象外,0,0.00,400.00,,,,"10,200",0,400.00,25.50,A1O10KGA0200FN1,551,ペフ,50103,トーレペフ Y(工材),,,999999,対象外,,,000001,2製品,02,社外加工,30010-KG00-1000x200FA C,,m,0:自社,,,,済,済,2026/08/07,2026/08/07,2026/08/12,2026/08/12,189676L,,6713,河合 直樹,06,スキン面,0:なし,0,0
00081771,製品,002,2026/07/21,2026/08/10,2026/08/10,2026/07/31,0:通常,0:通常,01,505101,国分後加工511,000051,国分後加工,049006,東ﾚ(株) 自材部,,,,,,,,,,,,,,,,,,,511101,国分工場01本倉庫,0015,末締,01,東レ本体,0:しない,,,,T7-105,100,,,"16,800",0,1:完了,1:完了,0:通常,1:税抜,0,3:請求合計,1:金額,0:円未満,5:四捨五入,0:切り捨て,9:切り上げ,1:発行済,0:未承認,,0:しない,1:修正,,,,,,0051,国分,,,,,,,,,1:後加工,2026/08/10,1:通常,中央物産,,,0,,,,,0:1明細目,,接続：ベージュテープ50mm幅　ぬれ検査頻度：1回/5本　スライス行き,"EC,スライス",800.00,200,2,1,200ｍ厳守でお願いします。,,50103,トーレペフ Y(工材),1:対象外,0,0.00,400.00,,,,"6,600",0,400.00,16.50,A1O10CGA0200FN1,551,ペフ,50103,トーレペフ Y(工材),,,999999,対象外,,,000001,2製品,02,社外加工,30010-CG00-1000x200FA C,,m,0:自社,,,,済,済,2026/08/07,2026/08/07,2026/08/12,2026/08/12,189677G,,6713,河合 直樹,,,0:なし,0,0
00081771,原反,001,2026/07/21,2026/08/10,2026/08/10,2026/07/31,0:通常,0:通常,01,505101,国分後加工511,000051,国分後加工,049006,東ﾚ(株) 自材部,,,,,,,,,,,,,,,,,,,511101,国分工場01本倉庫,0015,末締,01,東レ本体,0:しない,,,,T7-105,100,,,"16,800",0,1:完了,1:完了,0:通常,1:税抜,0,3:請求合計,1:金額,0:円未満,5:四捨五入,0:切り捨て,9:切り上げ,1:発行済,0:未承認,,0:しない,1:修正,,,,,,0051,国分,,,,,,,,,1:後加工,2026/08/10,1:通常,中央物産,,,0,,,,,0:1明細目,,接続：ベージュテープ50mm幅　ぬれ検査頻度：1回/5本　スライス行き,"EC,スライス",800.00,200,2,1,200ｍ厳守でお願いします。,,50103,トーレペフ Y(工材),1:対象外,0,0.00,200.00,SG,1021,EC,0,0,0.00,0.00,B1O40AGA0200FN1,551,ペフ,55109,ﾍﾟﾌ　その他,,,,,,,000001,2製品,02,社外加工,30040-AG00-1000X200F-A   C,,m,0:自社,,,,,,,,,,,2026/08/04,6710,河合 直樹,,,,0,1
00081772,製品,001,2026/07/21,2026/08/10,2026/08/10,2026/07/31,0:通常,0:通常,01,505101,国分後加工511,000051,国分後加工,049006,東ﾚ(株) 自材部,,,,,,,,,,,,,,,,,,,511101,国分工場01本倉庫,0015,末締,01,東レ本体,0:しない,,,,Y7-66,100,,,"22,000",0,1:完了,1:完了,0:通常,1:税抜,0,3:請求合計,1:金額,0:円未満,5:四捨五入,0:切り捨て,9:切り上げ,1:発行済,0:未承認,,0:しない,1:修正,,,,,,0051,国分,,,,,,,,,1:後加工,2026/08/10,1:通常,光洋産業,,,0,,,,,0:1明細目,,,スライス,"2,000.00","1,000",1,1,,,50103,トーレペフ Y(工材),1:対象外,0,0.00,"2,000.00",,,,"22,000",0,"2,000.00",11.00,A1O20BGA5200FG3,551,ペフ,50103,トーレペフ Y(工材),,,999999,対象外,,,000001,2製品,02,社外加工,30020-BG20-1050X200F-AGA0U,,m,0:自社,,,,済,済,2026/08/06,2026/08/06,2026/08/12,2026/08/12,189365T,,6713,河合 直樹,,,0:なし,0,0
00081772,原反,001,2026/07/21,2026/08/10,2026/08/10,2026/07/31,0:通常,0:通常,01,505101,国分後加工511,000051,国分後加工,049006,東ﾚ(株) 自材部,,,,,,,,,,,,,,,,,,,511101,国分工場01本倉庫,0015,末締,01,東レ本体,0:しない,,,,Y7-66,100,,,"22,000",0,1:完了,1:完了,0:通常,1:税抜,0,3:請求合計,1:金額,0:円未満,5:四捨五入,0:切り捨て,9:切り上げ,1:発行済,0:未承認,,0:しない,1:修正,,,,,,0051,国分,,,,,,,,,1:後加工,2026/08/10,1:通常,光洋産業,,,0,,,,,0:1明細目,,,スライス,"2,000.00","1,000",1,1,,,50103,トーレペフ Y(工材),1:対象外,0,0.00,"1,000.00",SG,1011,スライス機1,0,0,0.00,0.00,B1O40AGA5200FG3,551,ペフ,50106,トーレペフ T(工材),,,,,,,000003,4原材料,02,社外加工,30040-AG20-1050X200FA GA0U,,m,0:自社,,,,,,,,,,,2026/08/05,6710,河合 直樹,,,,0,5
00081774,製品,001,2026/07/21,2026/08/10,2026/08/10,2026/07/31,0:通常,0:通常,01,505101,国分後加工511,000051,国分後加工,049006,東ﾚ(株) 自材部,,,,,,,,,,,,,,,,,,,511101,国分工場01本倉庫,0015,末締,01,東レ本体,0:しない,,,,T7-107,100,,,"6,600",0,1:完了,1:完了,0:通常,1:税抜,0,3:請求合計,1:金額,0:円未満,5:四捨五入,0:切り捨て,9:切り上げ,1:発行済,0:未承認,,0:しない,1:修正,,,,,,0051,国分,,,,,,,,,1:後加工,2026/08/10,1:通常,中央物産,,,0,,,,,0:1明細目,,,スライス,400.00,100,2,1,,,50103,トーレペフ Y(工材),1:対象外,0,0.00,200.00,,,,"3,300",0,200.00,16.50,A1F15BAA0100FN1,551,ペフ,50103,トーレペフ Y(工材),,,999999,対象外,,,000001,2製品,02,社外加工,15015-BA00-1000x100FA C,,m,0:自社,,,,済,済,2026/08/07,2026/08/07,2026/08/12,2026/08/12,189680M,,6713,河合 直樹,,,0:なし,0,0
00081774,製品,002,2026/07/21,2026/08/10,2026/08/10,2026/07/31,0:通常,0:通常,01,505101,国分後加工511,000051,国分後加工,049006,東ﾚ(株) 自材部,,,,,,,,,,,,,,,,,,,511101,国分工場01本倉庫,0015,末締,01,東レ本体,0:しない,,,,T7-107,100,,,"6,600",0,1:完了,1:完了,0:通常,1:税抜,0,3:請求合計,1:金額,0:円未満,5:四捨五入,0:切り捨て,9:切り上げ,1:発行済,0:未承認,,0:しない,1:修正,,,,,,0051,国分,,,,,,,,,1:後加工,2026/08/10,1:通常,中央物産,,,0,,,,,0:1明細目,,,スライス,400.00,100,2,1,,,50103,トーレペフ Y(工材),1:対象外,0,0.00,200.00,,,,"3,300",0,200.00,16.50,A1F15CAA0100FNA,551,ペフ,50103,トーレペフ Y(工材),,,999999,対象外,,,000001,2製品,02,社外加工,15015-CA00-1000X100FA    C,,m,0:自社,,,,済,済,2026/08/07,2026/08/07,2026/08/12,2026/08/12,189681H,,6713,河合 直樹,,,0:なし,0,0
00081774,原反,001,2026/07/21,2026/08/10,2026/08/10,2026/07/31,0:通常,0:通常,01,505101,国分後加工511,000051,国分後加工,049006,東ﾚ(株) 自材部,,,,,,,,,,,,,,,,,,,511101,国分工場01本倉庫,0015,末締,01,東レ本体,0:しない,,,,T7-107,100,,,"6,600",0,1:完了,1:完了,0:通常,1:税抜,0,3:請求合計,1:金額,0:円未満,5:四捨五入,0:切り捨て,9:切り上げ,1:発行済,0:未承認,,0:しない,1:修正,,,,,,0051,国分,,,,,,,,,1:後加工,2026/08/10,1:通常,中央物産,,,0,,,,,0:1明細目,,,スライス,400.00,100,2,1,,,50103,トーレペフ Y(工材),1:対象外,0,0.00,100.00,SG,1022,スライス機3,0,0,0.00,0.00,A2F60AAA0100FN1,551,ペフ,55109,ﾍﾟﾌ　その他,,,,,,,000001,2製品,02,社外加工,15060-AA00-1000X100FA ,,m,0:自社,,,,,,,,,,,2026/08/05,6710,河合 直樹,,,,0,1
00081776,製品,001,2026/07/21,2026/08/10,2026/08/10,2026/07/31,0:通常,0:通常,01,505101,国分後加工511,000051,国分後加工,049006,東ﾚ(株) 自材部,,,,,,,,,,,,,,,,,,,511101,国分工場01本倉庫,0015,末締,01,東レ本体,0:しない,,,,Y7-70,100,,,"120,000",0,1:完了,1:完了,0:通常,1:税抜,0,3:請求合計,1:金額,0:円未満,5:四捨五入,0:切り捨て,9:切り上げ,1:発行済,0:未承認,,0:しない,1:修正,,,,,,0051,国分,,,,,,,,,1:後加工,2026/08/10,1:通常,ﾀﾞｲｳﾚ,,,0,,,,,0:1明細目,,接続：ベージュテープ50mm幅　ぬれ検査頻度：1回/5本　スライス行き,"EC,スライス","6,000.00","3,000",1,1,"1.ジョイント部分の端部に赤色テープ(マーキング用)を貼り付け(スライスの両方とも)側面から判別できるようにする。
2.製品ラベルに接続点個数を明記。",,50103,トーレペフ Y(工材),1:対象外,0,0.00,"6,000.00",,,,"120,000",0,"6,000.00",20.00,A1O15KEA5300FG3,551,ペフ,50105,トーレペフ V(TPI),,,999999,対象外,,,000001,2製品,02,社外加工,30015-KE20-1050X300FA GA0U,,m,0:自社,,,,済,済,2026/08/07,2026/08/07,2026/08/12,2026/08/12,189369V,,6713,河合 直樹,06,スキン面,0:なし,0,0
00081776,原反,001,2026/07/21,2026/08/10,2026/08/10,2026/07/31,0:通常,0:通常,01,505101,国分後加工511,000051,国分後加工,049006,東ﾚ(株) 自材部,,,,,,,,,,,,,,,,,,,511101,国分工場01本倉庫,0015,末締,01,東レ本体,0:しない,,,,Y7-70,100,,,"120,000",0,1:完了,1:完了,0:通常,1:税抜,0,3:請求合計,1:金額,0:円未満,5:四捨五入,0:切り捨て,9:切り上げ,1:発行済,0:未承認,,0:しない,1:修正,,,,,,0051,国分,,,,,,,,,1:後加工,2026/08/10,1:通常,ﾀﾞｲｳﾚ,,,0,,,,,0:1明細目,,接続：ベージュテープ50mm幅　ぬれ検査頻度：1回/5本　スライス行き,"EC,スライス","6,000.00","3,000",1,1,"1.ジョイント部分の端部に赤色テープ(マーキング用)を貼り付け(スライスの両方とも)側面から判別できるようにする。
2.製品ラベルに接続点個数を明記。",,50103,トーレペフ Y(工材),1:対象外,0,0.00,"3,000.00",SG,1021,EC,0,0,0.00,0.00,B1O30AEA5300FG3,551,ペフ,55109,ﾍﾟﾌ　その他,,,,,,,000001,2製品,02,社外加工,30030-AE20-1050X300FA GA0U,,m,0:自社,,,,,,,,,,,2026/08/04,6710,河合 直樹,,,,0,10
00081777,製品,001,2026/07/21,2026/07/31,2026/07/31,2026/07/31,0:通常,0:通常,01,505201,湖南52,000052,湖南工場,049006,東ﾚ(株) 自材部,,,,,,,,,,,,,,,,,,,520201,湖南工場01本倉庫,0015,末締,01,東レ本体,0:しない,,,,W7-19,100,,,"171,000",0,1:完了,1:完了,0:通常,1:税抜,0,3:請求合計,1:金額,0:円未満,5:四捨五入,0:切り捨て,9:切り上げ,1:発行済,0:未承認,,0:しない,1:修正,,,,,,,,,,,,,,,,1:後加工,2026/07/31,1:通常,共和ﾚｻﾞｰ,,,0,,,,,0:1明細目,,,"EC,検査","4,500.00","4,500",1,1,"欠点個数確認チェックラベル◎
確認済明記
粘着検査",,50101,トーレペフ W(自材),1:対象外,0,0.00,"4,500.00",,,,"171,000",0,"4,500.00",38.00,A2F20JXD0300FN1,551,ペフ,50101,トーレペフ W(自材),,,,,,,000001,2製品,02,社外加工,15020-JX5R-1300X300F-A   R,,M,0:自社,,,,済,済,2026/07/30,2026/07/30,2026/07/30,2026/07/30,189237Y,,6783,古家 淳子,03,Ｈ面,0:なし,0,0
00081777,原反,001,2026/07/21,2026/07/31,2026/07/31,2026/07/31,0:通常,0:通常,01,505201,湖南52,000052,湖南工場,049006,東ﾚ(株) 自材部,,,,,,,,,,,,,,,,,,,520201,湖南工場01本倉庫,0015,末締,01,東レ本体,0:しない,,,,W7-19,100,,,"171,000",0,1:完了,1:完了,0:通常,1:税抜,0,3:請求合計,1:金額,0:円未満,5:四捨五入,0:切り捨て,9:切り上げ,1:発行済,0:未承認,,0:しない,1:修正,,,,,,,,,,,,,,,,1:後加工,2026/07/31,1:通常,共和ﾚｻﾞｰ,,,0,,,,,0:1明細目,,,"EC,検査","4,500.00","4,500",1,1,"欠点個数確認チェックラベル◎
確認済明記
粘着検査",,50101,トーレペフ W(自材),1:対象外,0,0.00,"4,500.00",S ,2012,EC機　湖南,0,0,0.00,0.00,B2F20AXD0300FN1,551,ペフ,50101,トーレペフ W(自材),,,,,,,000001,2製品,02,社外加工,15020-AX5R-1300X300F-A   P,,M,0:自社,,,,,,,,,,,2026/07/24,6780,古家 淳子,,,,0,15
00081778,製品,001,2026/07/21,2026/08/07,2026/08/07,2026/07/31,0:通常,0:通常,01,505101,国分後加工511,000051,国分後加工,049006,東ﾚ(株) 自材部,,,,,,,,,,,,,,,,,,,511101,国分工場01本倉庫,,,01,東レ本体,0:しない,,,,Y7-67,100,,,"44,000",0,1:完了,1:完了,0:通常,1:税抜,0,3:請求合計,1:金額,0:円未満,5:四捨五入,0:切り捨て,9:切り上げ,1:発行済,0:未承認,,0:しない,1:修正,,,,,,0051,国分,,,,,,,,,1:後加工,2026/08/07,1:通常,芙蓉,,,0,,,,,0:1明細目,,,スライス,"4,000.00","2,000",1,1,,,50103,トーレペフ Y(工材),1:対象外,0,0.00,"4,000.00",,,,"44,000",0,"4,000.00",11.00,A1O30BGA0200FNA,551,ペフ,50103,トーレペフ Y(工材),,,999999,対象外,,,000001,2製品,02,社外加工,30030-BG00-1000x200FABK0C,,m,0:自社,,,,済,済,2026/08/05,2026/08/05,2026/08/12,2026/08/12,189367J,,6713,河合 直樹,,,0:なし,0,0
00081778,原反,001,2026/07/21,2026/08/07,2026/08/07,2026/07/31,0:通常,0:通常,01,505101,国分後加工511,000051,国分後加工,049006,東ﾚ(株) 自材部,,,,,,,,,,,,,,,,,,,511101,国分工場01本倉庫,,,01,東レ本体,0:しない,,,,Y7-67,100,,,"44,000",0,1:完了,1:完了,0:通常,1:税抜,0,3:請求合計,1:金額,0:円未満,5:四捨五入,0:切り捨て,9:切り上げ,1:発行済,0:未承認,,0:しない,1:修正,,,,,,0051,国分,,,,,,,,,1:後加工,2026/08/07,1:通常,芙蓉,,,0,,,,,0:1明細目,,,スライス,"4,000.00","2,000",1,1,,,50103,トーレペフ Y(工材),1:対象外,0,0.00,"2,000.00",SG,1011,スライス機1,0,0,0.00,0.00,B1O60AGA3100FB4,551,ペフ,55109,ﾍﾟﾌ　その他,,,,,,,000001,2製品,02,社外加工,30060-AG00-1000X200FA BK0C,,m,0:自社,,,,,,,,,,,2026/08/04,6710,河合 直樹,,,,0,10
00081779,製品,001,2026/07/21,2026/08/07,2026/08/07,2026/07/31,0:通常,0:通常,01,505101,国分後加工511,000051,国分後加工,049006,東ﾚ(株) 自材部,,,,,,,,,,,,,,,,,,,511101,国分工場01本倉庫,0015,末締,01,東レ本体,0:しない,,,,Y7-69,100,,,"6,600",0,1:完了,1:完了,0:通常,1:税抜,0,3:請求合計,1:金額,0:円未満,5:四捨五入,0:切り捨て,9:切り上げ,1:発行済,0:未承認,,0:しない,1:修正,,,,,,0051,国分,,,,,,,,,1:後加工,2026/08/07,1:通常,甲南,,,0,,,,,0:1明細目,,,スライス,600.00,300,1,1,,,50103,トーレペフ Y(工材),1:対象外,0,0.00,600.00,,,,"6,600",0,600.00,11.00,A1O50BGA0100FN1,551,ペフ,50103,トーレペフ Y(工材),,,999999,対象外,,,000001,2製品,02,社外加工,30050-BG00-1000X100FA    C,,m,0:自社,,,,済,済,2026/08/04,2026/08/04,2026/08/12,2026/08/12,189368A,,6713,河合 直樹,,,0:なし,0,0
00081779,原反,001,2026/07/21,2026/08/07,2026/08/07,2026/07/31,0:通常,0:通常,01,505101,国分後加工511,000051,国分後加工,049006,東ﾚ(株) 自材部,,,,,,,,,,,,,,,,,,,511101,国分工場01本倉庫,0015,末締,01,東レ本体,0:しない,,,,Y7-69,100,,,"6,600",0,1:完了,1:完了,0:通常,1:税抜,0,3:請求合計,1:金額,0:円未満,5:四捨五入,0:切り捨て,9:切り上げ,1:発行済,0:未承認,,0:しない,1:修正,,,,,,0051,国分,,,,,,,,,1:後加工,2026/08/07,1:通常,甲南,,,0,,,,,0:1明細目,,,スライス,600.00,300,1,1,,,50103,トーレペフ Y(工材),1:対象外,0,0.00,300.00,SG,1022,スライス機3,0,0,0.00,0.00,B1OA0AGA0050FN1,551,ペフ,55109,ﾍﾟﾌ　その他,,,,,,,000001,2製品,02,社外加工,30100-AG00-1000X100FA    C,,m,0:自社,,,,,,,,,,,2026/08/04,6710,河合 直樹,,,,0,3
00081781,製品,001,2026/07/21,2026/07/30,2026/07/30,2026/07/31,0:通常,0:通常,01,505201,湖南52,000052,湖南工場,049006,東ﾚ(株) 自材部,,,,,,,,,,,,,,,,,,,520201,湖南工場01本倉庫,0015,末締,01,東レ本体,0:しない,,,,W7-20,100,,,"170,962",0,1:完了,1:完了,0:通常,1:税抜,0,3:請求合計,1:金額,0:円未満,5:四捨五入,0:切り捨て,9:切り上げ,1:発行済,0:未承認,,0:しない,1:修正,,,,,,,,,,,,,,,,1:後加工,2026/07/30,1:通常,共和ﾚｻﾞｰ,,,0,,,,,0:1明細目,,,"EC,検査","4,499.00","4,500",2,1,"欠点個数確認チェックラベル◎
確認済明記
粘着検査",,50101,トーレペフ W(自材),1:対象外,0,0.00,"4,200.00",,,,"159,600",0,"4,200.00",38.00,A2F20JXD0300FN1,551,ペフ,50101,トーレペフ W(自材),,,,,,,000001,2製品,02,社外加工,15020-JX5R-1300X300F-A   R,,M,0:自社,,,,済,済,2026/07/31,2026/07/31,2026/07/31,2026/07/31,189235L,,6783,古家 淳子,03,Ｈ面,0:なし,0,0
00081781,製品,002,2026/07/21,2026/07/30,2026/07/30,2026/07/31,0:通常,0:通常,01,505201,湖南52,000052,湖南工場,049006,東ﾚ(株) 自材部,,,,,,,,,,,,,,,,,,,520201,湖南工場01本倉庫,0015,末締,01,東レ本体,0:しない,,,,W7-20,100,,,"170,962",0,1:完了,1:完了,0:通常,1:税抜,0,3:請求合計,1:金額,0:円未満,5:四捨五入,0:切り捨て,9:切り上げ,1:発行済,0:未承認,,0:しない,1:修正,,,,,,,,,,,,,,,,1:後加工,2026/07/30,1:通常,共和ﾚｻﾞｰ,,,0,,,,,0:1明細目,,,"EC,検査","4,499.00","4,500",2,1,"欠点個数確認チェックラベル◎
確認済明記
粘着検査",,50101,トーレペフ W(自材),1:対象外,0,0.00,299.00,,,,"11,362",0,299.00,38.00,A2F20JXD0300FN1,551,ペフ,50101,トーレペフ W(自材),,,,,,,000001,2製品,02,社外加工,15020-JX5R-1300X299F-A   R,,M,0:自社,,,,済,済,2026/07/31,2026/07/31,2026/07/31,2026/07/31,190458K,,6783,古家 淳子,03,Ｈ面,0:なし,0,0
00081781,原反,001,2026/07/21,2026/07/30,2026/07/30,2026/07/31,0:通常,0:通常,01,505201,湖南52,000052,湖南工場,049006,東ﾚ(株) 自材部,,,,,,,,,,,,,,,,,,,520201,湖南工場01本倉庫,0015,末締,01,東レ本体,0:しない,,,,W7-20,100,,,"170,962",0,1:完了,1:完了,0:通常,1:税抜,0,3:請求合計,1:金額,0:円未満,5:四捨五入,0:切り捨て,9:切り上げ,1:発行済,0:未承認,,0:しない,1:修正,,,,,,,,,,,,,,,,1:後加工,2026/07/30,1:通常,共和ﾚｻﾞｰ,,,0,,,,,0:1明細目,,,"EC,検査","4,499.00","4,500",2,1,"欠点個数確認チェックラベル◎
確認済明記
粘着検査",,50101,トーレペフ W(自材),1:対象外,0,0.00,"4,500.00",S ,2012,EC機　湖南,0,0,0.00,0.00,B2F20AXD0300FN1,551,ペフ,50101,トーレペフ W(自材),,,,,,,000001,2製品,02,社外加工,15020-AX5R-1300X300F-A   P,,M,0:自社,,,,,,,,,,,2026/07/23,6780,古家 淳子,,,,0,15
00081783,製品,001,2026/07/21,2026/08/10,2026/08/10,2026/07/31,0:通常,0:通常,01,505101,国分後加工511,000051,国分後加工,049006,東ﾚ(株) 自材部,,,,,,,,,,,,,,,,,,,511101,国分工場01本倉庫,0015,末締,01,東レ本体,0:しない,,,,T7-110,100,,,"22,892",0,0:未完,0:未完,0:通常,1:税抜,0,3:請求合計,1:金額,0:円未満,5:四捨五入,0:切り捨て,9:切り上げ,1:発行済,0:未承認,,0:しない,1:修正,,,,,,0051,国分,,,,,,,,,1:後加工,2026/08/10,1:通常,中央物産,,,0,,,,,0:1明細目,"フラップ逆転方式
10mm原反のＱ面にＥＣ加工(No2020-003)",接続：ベージュテープ50mm幅　ぬれ検査頻度：1回/5本　原反10mmにEC加工　融着行き,"EC,融着",97.00,400,1,2,"フラップ逆転方式
32枚梱包
コロナ処理面を記載した用紙を同梱",,50103,トーレペフ Y(工材),1:対象外,0,0.00,97.00,,,,"22,892",0,97.00,236.00,A1OFBJGA1220ZB4,551,ペフ,50103,トーレペフ Y(工材),,,999999,対象外,,,000001,2製品,02,社外加工,30150-JG00-1010x220ZABK0Q,10mmにEC加工,枚,0:自社,,,,済,済,2026/08/05,2026/08/05,2026/08/12,2026/08/12,189683T,,6713,河合 直樹,02,Ｑ面,0:なし,0,0
00081783,原反,001,2026/07/21,2026/08/10,2026/08/10,2026/07/31,0:通常,0:通常,01,505101,国分後加工511,000051,国分後加工,049006,東ﾚ(株) 自材部,,,,,,,,,,,,,,,,,,,511101,国分工場01本倉庫,0015,末締,01,東レ本体,0:しない,,,,T7-110,100,,,"22,892",0,0:未完,0:未完,0:通常,1:税抜,0,3:請求合計,1:金額,0:円未満,5:四捨五入,0:切り捨て,9:切り上げ,1:発行済,0:未承認,,0:しない,1:修正,,,,,,0051,国分,,,,,,,,,1:後加工,2026/08/10,1:通常,中央物産,,,0,,,,,0:1明細目,"フラップ逆転方式
10mm原反のＱ面にＥＣ加工(No2020-003)",接続：ベージュテープ50mm幅　ぬれ検査頻度：1回/5本　原反10mmにEC加工　融着行き,"EC,融着",97.00,400,1,2,"フラップ逆転方式
32枚梱包
コロナ処理面を記載した用紙を同梱",,50103,トーレペフ Y(工材),1:対象外,0,0.00,200.00,SG,1021,EC,0,0,0.00,0.00,B1OA0AGA5100FBD,551,ペフ,55109,ﾍﾟﾌ　その他,,,,,,,000001,2製品,02,社外加工,30100-AG00-1050X100FA BK0M,,m,0:自社,,,,,,,,,,,2026/08/04,6710,河合 直樹,,,,0,2
00081783,原反,002,2026/07/21,2026/08/10,2026/08/10,2026/07/31,0:通常,0:通常,01,505101,国分後加工511,000051,国分後加工,049006,東ﾚ(株) 自材部,,,,,,,,,,,,,,,,,,,511101,国分工場01本倉庫,0015,末締,01,東レ本体,0:しない,,,,T7-110,100,,,"22,892",0,0:未完,0:未完,0:通常,1:税抜,0,3:請求合計,1:金額,0:円未満,5:四捨五入,0:切り捨て,9:切り上げ,1:発行済,0:未承認,,0:しない,1:修正,,,,,,0051,国分,,,,,,,,,1:後加工,2026/08/10,1:通常,中央物産,,,0,,,,,0:1明細目,"フラップ逆転方式
10mm原反のＱ面にＥＣ加工(No2020-003)",接続：ベージュテープ50mm幅　ぬれ検査頻度：1回/5本　原反10mmにEC加工　融着行き,"EC,融着",97.00,400,1,2,"フラップ逆転方式
32枚梱包
コロナ処理面を記載した用紙を同梱",,50103,トーレペフ Y(工材),1:対象外,0,0.00,200.00,SG,1121,融着機,0,0,0.00,0.00,B1O50AGA5200FB4,551,ペフ,55109,ﾍﾟﾌ　その他,,,,,,,000003,4原材料,02,社外加工,30050-AG00-1050X200FA BK0C,,m,0:自社,,,,,,,,,,,2026/08/04,6710,河合 直樹,,,,0,1
00081785,製品,001,2026/07/21,2026/08/10,2026/08/10,2026/07/31,0:通常,0:通常,01,505201,湖南52,000052,湖南工場,049006,東ﾚ(株) 自材部,,,,,,,,,,,,,,,,,,,520201,湖南工場01本倉庫,0015,末締,01,東レ本体,0:しない,,,,C8-1,100,,,"207,922",0,0:未完,0:未完,0:通常,1:税抜,0,3:請求合計,1:金額,0:円未満,5:四捨五入,0:切り捨て,9:切り上げ,1:発行済,0:未承認,,0:しない,1:修正,,,,,,,,,,,,,,,,1:後加工,2026/08/10,1:通常,屋根,,,0,,,,,0:1明細目,,,SEC,"15,994.00","8,000",4,1,,,50103,トーレペフ Y(工材),1:対象外,0,0.00,"7,800.00",,,,"101,400",0,"7,800.00",13.00,A2P408Y87200FG4,551,ペフ,50103,トーレペフ Y(工材),,,,,,,000001,2製品,02,社外加工,0R040-8Y0B- 870X200F-AGA1H,,M,0:自社,,,,済,済,,,,,190298F,,6713,古家 淳子,,,0:なし,0,0
00081785,製品,002,2026/07/21,2026/08/10,2026/08/10,2026/07/31,0:通常,0:通常,01,505201,湖南52,000052,湖南工場,049006,東ﾚ(株) 自材部,,,,,,,,,,,,,,,,,,,520201,湖南工場01本倉庫,0015,末締,01,東レ本体,0:しない,,,,C8-1,100,,,"207,922",0,0:未完,0:未完,0:通常,1:税抜,0,3:請求合計,1:金額,0:円未満,5:四捨五入,0:切り捨て,9:切り上げ,1:発行済,0:未承認,,0:しない,1:修正,,,,,,,,,,,,,,,,1:後加工,2026/08/10,1:通常,屋根,,,0,,,,,0:1明細目,,,SEC,"15,994.00","8,000",4,1,,,50103,トーレペフ Y(工材),1:対象外,0,0.00,"7,800.00",,,,"101,400",0,"7,800.00",13.00,A2P408Y87200FGD,551,ペフ,50103,トーレペフ Y(工材),,,,,,,000001,2製品,02,社外加工,0R040-8Y0B- 870X200F-AGA1Q,,M,0:自社,,,,済,済,,,,,190299W,,6713,古家 淳子,,,0:なし,0,0
00081785,製品,003,2026/07/21,2026/08/10,2026/08/10,2026/07/31,0:通常,0:通常,01,505201,湖南52,000052,湖南工場,049006,東ﾚ(株) 自材部,,,,,,,,,,,,,,,,,,,520201,湖南工場01本倉庫,0015,末締,01,東レ本体,0:しない,,,,C8-1,100,,,"207,922",0,0:未完,0:未完,0:通常,1:税抜,0,3:請求合計,1:金額,0:円未満,5:四捨五入,0:切り捨て,9:切り上げ,1:発行済,0:未承認,,0:しない,1:修正,,,,,,,,,,,,,,,,1:後加工,2026/08/10,1:通常,屋根,,,0,,,,,0:1明細目,,,SEC,"15,994.00","8,000",4,1,,,50103,トーレペフ Y(工材),1:対象外,0,0.00,197.00,,,,"2,561",0,197.00,13.00,A2P408Y87200FG4,551,ペフ,50103,トーレペフ Y(工材),,,,,,,000001,2製品,02,社外加工,0R040-8Y0B- 870X197F-AGA1H,,M,0:自社,,,,済,済,,,,,191584Y,,6713,古家 淳子,,,0:なし,0,0
00081785,製品,004,2026/07/21,2026/08/10,2026/08/10,2026/07/31,0:通常,0:通常,01,505201,湖南52,000052,湖南工場,049006,東ﾚ(株) 自材部,,,,,,,,,,,,,,,,,,,520201,湖南工場01本倉庫,0015,末締,01,東レ本体,0:しない,,,,C8-1,100,,,"207,922",0,0:未完,0:未完,0:通常,1:税抜,0,3:請求合計,1:金額,0:円未満,5:四捨五入,0:切り捨て,9:切り上げ,1:発行済,0:未承認,,0:しない,1:修正,,,,,,,,,,,,,,,,1:後加工,2026/08/10,1:通常,屋根,,,0,,,,,0:1明細目,,,SEC,"15,994.00","8,000",4,1,,,50103,トーレペフ Y(工材),1:対象外,0,0.00,197.00,,,,"2,561",0,197.00,13.00,A2P408Y87200FGD,551,ペフ,50103,トーレペフ Y(工材),,,,,,,000001,2製品,02,社外加工,0R040-8Y0B- 870X197F-AGA1Q,,M,0:自社,,,,済,済,,,,,191585S,,6713,古家 淳子,,,0:なし,0,0
00081785,原反,001,2026/07/21,2026/08/10,2026/08/10,2026/07/31,0:通常,0:通常,01,505201,湖南52,000052,湖南工場,049006,東ﾚ(株) 自材部,,,,,,,,,,,,,,,,,,,520201,湖南工場01本倉庫,0015,末締,01,東レ本体,0:しない,,,,C8-1,100,,,"207,922",0,0:未完,0:未完,0:通常,1:税抜,0,3:請求合計,1:金額,0:円未満,5:四捨五入,0:切り捨て,9:切り上げ,1:発行済,0:未承認,,0:しない,1:修正,,,,,,,,,,,,,,,,1:後加工,2026/08/10,1:通常,屋根,,,0,,,,,0:1明細目,,,SEC,"15,994.00","8,000",4,1,,,50103,トーレペフ Y(工材),1:対象外,0,0.00,"8,000.00",S ,2014,SEC機　湖南,0,0,0.00,0.00,B2Q60AY87200FG4,551,ペフ,55109,ﾍﾟﾌ　その他,,,,,,,000001,2製品,02,社外加工,50080-AY0B- 870X200F-AGA1C,,M,0:自社,,,,,,,,,,,2026/08/05,6710,古家 淳子,,,,0,40
00081786,製品,001,2026/07/21,2026/08/18,2026/08/18,2026/07/31,0:通常,0:通常,01,505201,湖南52,000052,湖南工場,049006,東ﾚ(株) 自材部,,,,,,,,,,,,,,,,,,,520201,湖南工場01本倉庫,0015,末締,01,東レ本体,0:しない,,,,C8-2,100,,,"130,000",0,1:完了,1:完了,0:通常,1:税抜,0,3:請求合計,1:金額,0:円未満,5:四捨五入,0:切り捨て,9:切り上げ,1:発行済,0:未承認,,0:しない,1:修正,,,,,,,,,,,,,,,,1:後加工,2026/08/18,1:通常,屋根,,,0,,,,,0:1明細目,,,SEC,"10,000.00","5,000",1,1,,,50103,トーレペフ Y(工材),1:対象外,0,0.00,"10,000.00",,,,"130,000",0,"10,000.00",13.00,A2P408Y68200FB1,551,ペフ,50103,トーレペフ Y(工材),,,,,,,000001,2製品,02,社外加工,0R040-8Y0B- 680X200F-ABG1C,,M,0:自社,,,,済,済,2026/08/18,2026/08/18,2026/08/18,2026/08/18,190302F,,6713,古家 淳子,,,0:なし,0,0
00081786,原反,001,2026/07/21,2026/08/18,2026/08/18,2026/07/31,0:通常,0:通常,01,505201,湖南52,000052,湖南工場,049006,東ﾚ(株) 自材部,,,,,,,,,,,,,,,,,,,520201,湖南工場01本倉庫,0015,末締,01,東レ本体,0:しない,,,,C8-2,100,,,"130,000",0,1:完了,1:完了,0:通常,1:税抜,0,3:請求合計,1:金額,0:円未満,5:四捨五入,0:切り捨て,9:切り上げ,1:発行済,0:未承認,,0:しない,1:修正,,,,,,,,,,,,,,,,1:後加工,2026/08/18,1:通常,屋根,,,0,,,,,0:1明細目,,,SEC,"10,000.00","5,000",1,1,,,50103,トーレペフ Y(工材),1:対象外,0,0.00,"5,000.00",S ,2014,SEC機　湖南,0,0,0.00,0.00,B2Q60AY68200FB1,551,ペフ,55109,ﾍﾟﾌ　その他,,,,,,,000001,2製品,02,社外加工,50080-AY0B- 680X200F-ABG1C,,M,0:自社,,,,,,,,,,,2026/08/07,6710,古家 淳子,,,,0,25
00081787,製品,001,2026/07/21,2026/08/11,2026/08/11,2026/07/31,0:通常,0:通常,01,505201,湖南52,000052,湖南工場,049006,東ﾚ(株) 自材部,,,,,,,,,,,,,,,,,,,520201,湖南工場01本倉庫,0015,末締,01,東レ本体,0:しない,,,,C8-3,100,,,"254,800",0,1:完了,1:完了,0:通常,1:税抜,0,3:請求合計,1:金額,0:円未満,5:四捨五入,0:切り捨て,9:切り上げ,1:発行済,0:未承認,,0:しない,1:修正,,,,,,,,,,,,,,,,1:後加工,2026/08/11,1:通常,屋根,,,0,,,,,0:1明細目,,,SEC,"19,600.00","10,000",2,1,,,50103,トーレペフ Y(工材),1:対象外,0,0.00,"9,800.00",,,,"127,400",0,"9,800.00",13.00,A2P408Y87200FG4,551,ペフ,50103,トーレペフ Y(工材),,,,,,,000001,2製品,02,社外加工,0R040-8Y0B- 870X200F-AGA1H,,M,0:自社,,,,済,済,2026/08/18,2026/08/18,2026/08/18,2026/08/18,190300B,,6713,古家 淳子,,,0:なし,0,0
00081787,製品,002,2026/07/21,2026/08/11,2026/08/11,2026/07/31,0:通常,0:通常,01,505201,湖南52,000052,湖南工場,049006,東ﾚ(株) 自材部,,,,,,,,,,,,,,,,,,,520201,湖南工場01本倉庫,0015,末締,01,東レ本体,0:しない,,,,C8-3,100,,,"254,800",0,1:完了,1:完了,0:通常,1:税抜,0,3:請求合計,1:金額,0:円未満,5:四捨五入,0:切り捨て,9:切り上げ,1:発行済,0:未承認,,0:しない,1:修正,,,,,,,,,,,,,,,,1:後加工,2026/08/11,1:通常,屋根,,,0,,,,,0:1明細目,,,SEC,"19,600.00","10,000",2,1,,,50103,トーレペフ Y(工材),1:対象外,0,0.00,"9,800.00",,,,"127,400",0,"9,800.00",13.00,A2P408Y87200FGD,551,ペフ,50103,トーレペフ Y(工材),,,,,,,000001,2製品,02,社外加工,0R040-8Y0B- 870X200F-AGA1Q,,M,0:自社,,,,済,済,2026/08/18,2026/08/18,2026/08/18,2026/08/18,190301K,,6713,古家 淳子,,,0:なし,0,0
00081787,原反,001,2026/07/21,2026/08/11,2026/08/11,2026/07/31,0:通常,0:通常,01,505201,湖南52,000052,湖南工場,049006,東ﾚ(株) 自材部,,,,,,,,,,,,,,,,,,,520201,湖南工場01本倉庫,0015,末締,01,東レ本体,0:しない,,,,C8-3,100,,,"254,800",0,1:完了,1:完了,0:通常,1:税抜,0,3:請求合計,1:金額,0:円未満,5:四捨五入,0:切り捨て,9:切り上げ,1:発行済,0:未承認,,0:しない,1:修正,,,,,,,,,,,,,,,,1:後加工,2026/08/11,1:通常,屋根,,,0,,,,,0:1明細目,,,SEC,"19,600.00","10,000",2,1,,,50103,トーレペフ Y(工材),1:対象外,0,0.00,"10,000.00",S ,2014,SEC機　湖南,0,0,0.00,0.00,B2Q60AY87200FG4,551,ペフ,55109,ﾍﾟﾌ　その他,,,,,,,000001,2製品,02,社外加工,50080-AY0B- 870X200F-AGA1C,,M,0:自社,,,,,,,,,,,2026/08/06,6710,古家 淳子,,,,0,50
00081788,製品,001,2026/07/21,2026/08/17,2026/08/17,2026/07/31,0:通常,0:通常,01,505201,湖南52,000052,湖南工場,049006,東ﾚ(株) 自材部,,,,,,,,,,,,,,,,,,,520201,湖南工場01本倉庫,0015,末締,01,東レ本体,0:しない,,,,C8-4,100,,,"260,000",0,1:完了,1:完了,0:通常,1:税抜,0,3:請求合計,1:金額,0:円未満,5:四捨五入,0:切り捨て,9:切り上げ,1:発行済,0:未承認,,0:しない,1:修正,,,,,,,,,,,,,,,,1:後加工,2026/08/17,1:通常,屋根,,,0,,,,,0:1明細目,,,SEC,"20,000.00","10,000",2,1,,,50103,トーレペフ Y(工材),1:対象外,0,0.00,"10,000.00",,,,"130,000",0,"10,000.00",13.00,A2P408Y87200FG4,551,ペフ,50103,トーレペフ Y(工材),,,,,,,000001,2製品,02,社外加工,0R040-8Y0B- 870X200F-AGA1H,,M,0:自社,,,,済,済,2026/08/17,2026/08/17,2026/08/18,2026/08/18,190303W,,6713,古家 淳子,,,0:なし,0,0
00081788,製品,002,2026/07/21,2026/08/17,2026/08/17,2026/07/31,0:通常,0:通常,01,505201,湖南52,000052,湖南工場,049006,東ﾚ(株) 自材部,,,,,,,,,,,,,,,,,,,520201,湖南工場01本倉庫,0015,末締,01,東レ本体,0:しない,,,,C8-4,100,,,"260,000",0,1:完了,1:完了,0:通常,1:税抜,0,3:請求合計,1:金額,0:円未満,5:四捨五入,0:切り捨て,9:切り上げ,1:発行済,0:未承認,,0:しない,1:修正,,,,,,,,,,,,,,,,1:後加工,2026/08/17,1:通常,屋根,,,0,,,,,0:1明細目,,,SEC,"20,000.00","10,000",2,1,,,50103,トーレペフ Y(工材),1:対象外,0,0.00,"10,000.00",,,,"130,000",0,"10,000.00",13.00,A2P408Y87200FGD,551,ペフ,50103,トーレペフ Y(工材),,,,,,,000001,2製品,02,社外加工,0R040-8Y0B- 870X200F-AGA1Q,,M,0:自社,,,,済,済,2026/08/17,2026/08/17,2026/08/18,2026/08/18,190304R,,6713,古家 淳子,,,0:なし,0,0
00081788,原反,001,2026/07/21,2026/08/17,2026/08/17,2026/07/31,0:通常,0:通常,01,505201,湖南52,000052,湖南工場,049006,東ﾚ(株) 自材部,,,,,,,,,,,,,,,,,,,520201,湖南工場01本倉庫,0015,末締,01,東レ本体,0:しない,,,,C8-4,100,,,"260,000",0,1:完了,1:完了,0:通常,1:税抜,0,3:請求合計,1:金額,0:円未満,5:四捨五入,0:切り捨て,9:切り上げ,1:発行済,0:未承認,,0:しない,1:修正,,,,,,,,,,,,,,,,1:後加工,2026/08/17,1:通常,屋根,,,0,,,,,0:1明細目,,,SEC,"20,000.00","10,000",2,1,,,50103,トーレペフ Y(工材),1:対象外,0,0.00,"10,000.00",S ,2014,SEC機　湖南,0,0,0.00,0.00,B2Q60AY87200FG4,551,ペフ,55109,ﾍﾟﾌ　その他,,,,,,,000001,2製品,02,社外加工,50080-AY0B- 870X200F-AGA1C,,M,0:自社,,,,,,,,,,,2026/08/07,6710,古家 淳子,,,,0,50
00081792,製品,001,2026/07/21,2026/07/28,2026/07/28,2026/07/31,0:通常,0:通常,01,505101,国分後加工511,000051,国分後加工,049006,東ﾚ(株) 自材部,,,,,,,,,,,,,,,,,,,511101,国分工場01本倉庫,0015,末締,01,東レ本体,0:しない,,,,W7-46,100,,,"14,280",0,1:完了,1:完了,0:通常,1:税抜,0,3:請求合計,1:金額,0:円未満,5:四捨五入,0:切り捨て,9:切り上げ,1:発行済,0:未承認,,0:しない,1:修正,,,,,,0051,国分,,,,,,,,,1:後加工,2026/07/28,1:通常,共和天一,,,0,,,,,0:1明細目,"欠点個数確認　共レ200m長以下：欠点４個以下：接続２個以内
Ｑ区分：Ｈ面端部赤テープ+Ｈ面中央部黒マジック+Ｑ面中央部黒テープ
接続：両面緑テープ",,"分割,接続,EC",402.00,483,2,2,"欠点個数確認チェック
ラベル◎

AP66をJP66につないでください",,50101,トーレペフ W(自材),1:対象外,0,0.00,250.00,,,,"12,000",0,250.00,48.00,A1N25JPC3250FN1,551,ペフ,50101,トーレペフ W(自材),,,999999,対象外,,,000001,2製品,02,社外加工,25025-JP66-1230x250FA Q,,m,0:自社,,,,済,済,2026/07/25,2026/07/25,2026/07/30,2026/07/30,189335V,,6783,河合 直樹,02,Ｑ面,0:なし,0,0
00081792,製品,002,2026/07/21,2026/07/28,2026/07/28,2026/07/31,0:通常,0:通常,01,505101,国分後加工511,000051,国分後加工,049006,東ﾚ(株) 自材部,,,,,,,,,,,,,,,,,,,511101,国分工場01本倉庫,0015,末締,01,東レ本体,0:しない,,,,W7-46,100,,,"14,280",0,1:完了,1:完了,0:通常,1:税抜,0,3:請求合計,1:金額,0:円未満,5:四捨五入,0:切り捨て,9:切り上げ,1:発行済,0:未承認,,0:しない,1:修正,,,,,,0051,国分,,,,,,,,,1:後加工,2026/07/28,1:通常,共和天一,,,0,,,,,0:1明細目,"欠点個数確認　共レ200m長以下：欠点４個以下：接続２個以内
Ｑ区分：Ｈ面端部赤テープ+Ｈ面中央部黒マジック+Ｑ面中央部黒テープ
接続：両面緑テープ",,"分割,接続,EC",402.00,483,2,2,"欠点個数確認チェック
ラベル◎

AP66をJP66につないでください",,50101,トーレペフ W(自材),1:対象外,0,0.00,152.00,,,,"2,280",0,152.00,15.00,A1N25APB4130FNL,551,ペフ,50101,トーレペフ W(自材),,,,,,,000001,2製品,02,社外加工,25025-AP66-1230X152F-A   P,共レ：200m以下：Ｐ区分,m,0:自社,,,,済,済,2026/07/28,2026/07/28,2026/07/30,2026/07/30,189698H,,6783,河合 直樹,,,0:なし,0,0
00081792,原反,001,2026/07/21,2026/07/28,2026/07/28,2026/07/31,0:通常,0:通常,01,505101,国分後加工511,000051,国分後加工,049006,東ﾚ(株) 自材部,,,,,,,,,,,,,,,,,,,511101,国分工場01本倉庫,0015,末締,01,東レ本体,0:しない,,,,W7-46,100,,,"14,280",0,1:完了,1:完了,0:通常,1:税抜,0,3:請求合計,1:金額,0:円未満,5:四捨五入,0:切り捨て,9:切り上げ,1:発行済,0:未承認,,0:しない,1:修正,,,,,,0051,国分,,,,,,,,,1:後加工,2026/07/28,1:通常,共和天一,,,0,,,,,0:1明細目,"欠点個数確認　共レ200m長以下：欠点４個以下：接続２個以内
Ｑ区分：Ｈ面端部赤テープ+Ｈ面中央部黒マジック+Ｑ面中央部黒テープ
接続：両面緑テープ",,"分割,接続,EC",402.00,483,2,2,"欠点個数確認チェック
ラベル◎

AP66をJP66につないでください",,50101,トーレペフ W(自材),1:対象外,0,0.00,250.00,SG,1043,スリット機2,0,0,0.00,0.00,B1N25APF8250FN1,551,ペフ,55102,ﾍﾟﾌ　自動車部品,,,,,,,000003,4原材料,02,社外加工,25025-AP66-1230X250FA    P,,m,0:自社,,,,,,,,,,,2026/07/23,6780,河合 直樹,,,,0,1
00081792,原反,002,2026/07/21,2026/07/28,2026/07/28,2026/07/31,0:通常,0:通常,01,505101,国分後加工511,000051,国分後加工,049006,東ﾚ(株) 自材部,,,,,,,,,,,,,,,,,,,511101,国分工場01本倉庫,0015,末締,01,東レ本体,0:しない,,,,W7-46,100,,,"14,280",0,1:完了,1:完了,0:通常,1:税抜,0,3:請求合計,1:金額,0:円未満,5:四捨五入,0:切り捨て,9:切り上げ,1:発行済,0:未承認,,0:しない,1:修正,,,,,,0051,国分,,,,,,,,,1:後加工,2026/07/28,1:通常,共和天一,,,0,,,,,0:1明細目,"欠点個数確認　共レ200m長以下：欠点４個以下：接続２個以内
Ｑ区分：Ｈ面端部赤テープ+Ｈ面中央部黒マジック+Ｑ面中央部黒テープ
接続：両面緑テープ",,"分割,接続,EC",402.00,483,2,2,"欠点個数確認チェック
ラベル◎

AP66をJP66につないでください",,50101,トーレペフ W(自材),1:対象外,0,0.00,233.00,SG,1043,スリット機2,0,0,0.00,0.00,A1N25JPC3230FN1,551,ペフ,50101,トーレペフ W(自材),,,999999,対象外,,,000001,2製品,02,社外加工,25025-JP66-1230X233F-A   Q,短尺：230-234m,m,0:自社,,,,,,,,,,,2026/07/23,6783,河合 直樹,,,,0,1
00081793,製品,001,2026/07/21,2026/07/30,2026/07/30,2026/07/31,0:通常,0:通常,01,505101,国分後加工511,000051,国分後加工,049006,東ﾚ(株) 自材部,,,,,,,,,,,,,,,,,,,511101,国分工場01本倉庫,0015,末締,01,東レ本体,0:しない,,,,Y7-76,100,,,"21,600",0,1:完了,1:完了,0:通常,1:税抜,0,3:請求合計,1:金額,0:円未満,5:四捨五入,0:切り捨て,9:切り上げ,1:発行済,0:未承認,,0:しない,1:修正,,,,,,0051,国分,,,,,,,,,1:後加工,2026/07/30,1:通常,日東電工,,,0,,,,,0:1明細目,検査表提出。,紙管:3x10x1100　巻き出し方向：Ｈ面上出し　圧力5.0kgでカットOK　検査表提出。ぬれ検査頻度：1回/5本,EC,"1,200.00","1,200",1,1,"試験成績書発行
3インチ紙管
肉厚10mm",,50103,トーレペフ Y(工材),1:対象外,0,0.00,"1,200.00",,,,"21,600",0,"1,200.00",18.00,A1711NZB0300FN1,551,ペフ,50103,トーレペフ Y(工材),,,999999,対象外,,,000001,2製品,02,社外加工,07011-NZ00-1100x300FA D,,m,0:自社,,,,済,済,2026/07/25,2026/07/25,2026/07/30,2026/07/30,189287G,,6713,河合 直樹,01,両面,0:なし,0,0
00081793,原反,001,2026/07/21,2026/07/30,2026/07/30,2026/07/31,0:通常,0:通常,01,505101,国分後加工511,000051,国分後加工,049006,東ﾚ(株) 自材部,,,,,,,,,,,,,,,,,,,511101,国分工場01本倉庫,0015,末締,01,東レ本体,0:しない,,,,Y7-76,100,,,"21,600",0,1:完了,1:完了,0:通常,1:税抜,0,3:請求合計,1:金額,0:円未満,5:四捨五入,0:切り捨て,9:切り上げ,1:発行済,0:未承認,,0:しない,1:修正,,,,,,0051,国分,,,,,,,,,1:後加工,2026/07/30,1:通常,日東電工,,,0,,,,,0:1明細目,検査表提出。,紙管:3x10x1100　巻き出し方向：Ｈ面上出し　圧力5.0kgでカットOK　検査表提出。ぬれ検査頻度：1回/5本,EC,"1,200.00","1,200",1,1,"試験成績書発行
3インチ紙管
肉厚10mm",,50103,トーレペフ Y(工材),1:対象外,0,0.00,"1,200.00",SG,1013,LAC/EC機,0,0,0.00,0.00,B1711AZB0300FN1,551,ペフ,55109,ﾍﾟﾌ　その他,,,,,,,000001,2製品,02,社外加工,07011-AZ00-1100X300FA    C,,m,0:自社,,,,,,,,,,,2026/07/23,6710,河合 直樹,,,,0,4
00081794,製品,001,2026/07/21,2026/07/31,2026/07/31,2026/07/31,0:通常,0:通常,01,505101,国分後加工511,000051,国分後加工,049006,東ﾚ(株) 自材部,,,,,,,,,,,,,,,,,,,511101,国分工場01本倉庫,0015,末締,01,東レ本体,0:しない,,,,Y7-77,100,,,"13,200",0,1:完了,1:完了,0:通常,1:税抜,0,3:請求合計,1:金額,0:円未満,5:四捨五入,0:切り捨て,9:切り上げ,1:発行済,0:未承認,,0:しない,1:修正,,,,,,0051,国分,,,,,,,,,1:後加工,2026/07/31,1:通常,光洋産業,,,0,,,,,0:1明細目,,,スライス,"1,200.00",600,1,1,,,50103,トーレペフ Y(工材),1:対象外,0,0.00,"1,200.00",,,,"13,200",0,"1,200.00",11.00,A1O20BGA5200FG3,551,ペフ,50103,トーレペフ Y(工材),,,999999,対象外,,,000001,2製品,02,社外加工,30020-BG20-1050X200F-AGA0U,,m,0:自社,,,,済,済,2026/07/30,2026/07/30,2026/07/30,2026/07/30,189374R,,6713,河合 直樹,,,0:なし,0,0
00081794,原反,001,2026/07/21,2026/07/31,2026/07/31,2026/07/31,0:通常,0:通常,01,505101,国分後加工511,000051,国分後加工,049006,東ﾚ(株) 自材部,,,,,,,,,,,,,,,,,,,511101,国分工場01本倉庫,0015,末締,01,東レ本体,0:しない,,,,Y7-77,100,,,"13,200",0,1:完了,1:完了,0:通常,1:税抜,0,3:請求合計,1:金額,0:円未満,5:四捨五入,0:切り捨て,9:切り上げ,1:発行済,0:未承認,,0:しない,1:修正,,,,,,0051,国分,,,,,,,,,1:後加工,2026/07/31,1:通常,光洋産業,,,0,,,,,0:1明細目,,,スライス,"1,200.00",600,1,1,,,50103,トーレペフ Y(工材),1:対象外,0,0.00,600.00,SG,1011,スライス機1,0,0,0.00,0.00,B1O40AGA5200FG3,551,ペフ,50106,トーレペフ T(工材),,,,,,,000003,4原材料,02,社外加工,30040-AG20-1050X200FA GA0U,,m,0:自社,,,,,,,,,,,2026/07/29,6710,河合 直樹,,,,0,3
00081795,製品,001,2026/07/21,2026/07/31,2026/07/31,2026/07/31,0:通常,0:通常,01,505101,国分後加工511,000051,国分後加工,049006,東ﾚ(株) 自材部,,,,,,,,,,,,,,,,,,,511101,国分工場01本倉庫,0015,末締,01,東レ本体,0:しない,,,,V8-1,100,,,"41,108",0,0:未完,0:未完,0:通常,1:税抜,0,3:請求合計,1:金額,0:円未満,5:四捨五入,0:切り捨て,9:切り上げ,1:発行済,0:未承認,,0:しない,1:修正,,,,,,0051,国分,,,,,,,,,1:後加工,2026/07/31,1:通常,TPI湖南,,,0,,,,,0:1明細目,,一次加工、二次加工共に同じ温度設定。熱風設定温度(上下)：夏季320℃、冬季340℃,融着,315.00,"1,200",1,1,,,50105,トーレペフ V(TPI),1:対象外,0,0.00,315.00,,,,"41,108",0,315.00,130.50,A1P8EDY96090ZN1,551,ペフ,50105,トーレペフ V(TPI),,,999999,対象外,,,000001,2製品,02,社外加工,40320-DY00-960x90ZA,,枚,0:自社,,,,済,済,2026/07/29,2026/07/30,2026/07/30,2026/07/30,189354K,,6713,河合 直樹,,,0:なし,4,0
00081795,原反,001,2026/07/21,2026/07/31,2026/07/31,2026/07/31,0:通常,0:通常,01,505101,国分後加工511,000051,国分後加工,049006,東ﾚ(株) 自材部,,,,,,,,,,,,,,,,,,,511101,国分工場01本倉庫,0015,末締,01,東レ本体,0:しない,,,,V8-1,100,,,"41,108",0,0:未完,0:未完,0:通常,1:税抜,0,3:請求合計,1:金額,0:円未満,5:四捨五入,0:切り捨て,9:切り上げ,1:発行済,0:未承認,,0:しない,1:修正,,,,,,0051,国分,,,,,,,,,1:後加工,2026/07/31,1:通常,TPI湖南,,,0,,,,,0:1明細目,,一次加工、二次加工共に同じ温度設定。熱風設定温度(上下)：夏季320℃、冬季340℃,融着,315.00,"1,200",1,1,,,50105,トーレペフ V(TPI),1:対象外,0,0.00,"1,200.00",SG,1121,融着機,0,0,0.00,0.00,B1P80AYA0150FN1,551,ペフ,55109,ﾍﾟﾌ　その他,,,,,,,000001,2製品,02,社外加工,40080-AY00-1000X100FA    C,,m,0:自社,,,,,,,,,,,2026/07/29,6710,河合 直樹,,,,0,12
00081796,製品,001,2026/07/21,2026/08/06,2026/08/06,2026/07/31,0:通常,0:通常,01,505101,国分後加工511,000051,国分後加工,049006,東ﾚ(株) 自材部,,,,,,,,,,,,,,,,,,,511101,国分工場01本倉庫,,,01,東レ本体,0:しない,,,,V8-2,100,,,"34,200",0,0:未完,0:未完,0:通常,1:税抜,0,3:請求合計,1:金額,0:円未満,5:四捨五入,0:切り捨て,9:切り上げ,1:発行済,0:未承認,,0:しない,1:修正,,,,,,0051,国分,,,,,,,,,1:後加工,2026/08/06,1:通常,TPI湖南,,,0,,,,,0:1明細目,,,融着,285.00,900,1,1,,,50105,トーレペフ V(TPI),1:対象外,0,0.00,285.00,,,,"34,200",0,285.00,120.00,A1P8DDY97100ZN1,551,ペフ,50105,トーレペフ V(TPI),,,999999,対象外,,,000001,2製品,02,社外加工,40240-DY00-970x100ZA,,枚,0:自社,,,,済,済,2026/08/03,2026/08/03,2026/08/12,2026/08/12,189355F,,6713,河合 直樹,,,0:なし,3,0
00081796,原反,001,2026/07/21,2026/08/06,2026/08/06,2026/07/31,0:通常,0:通常,01,505101,国分後加工511,000051,国分後加工,049006,東ﾚ(株) 自材部,,,,,,,,,,,,,,,,,,,511101,国分工場01本倉庫,,,01,東レ本体,0:しない,,,,V8-2,100,,,"34,200",0,0:未完,0:未完,0:通常,1:税抜,0,3:請求合計,1:金額,0:円未満,5:四捨五入,0:切り捨て,9:切り上げ,1:発行済,0:未承認,,0:しない,1:修正,,,,,,0051,国分,,,,,,,,,1:後加工,2026/08/06,1:通常,TPI湖南,,,0,,,,,0:1明細目,,,融着,285.00,900,1,1,,,50105,トーレペフ V(TPI),1:対象外,0,0.00,900.00,SG,1121,融着機,0,0,0.00,0.00,B1P80AYA0150FN1,551,ペフ,55109,ﾍﾟﾌ　その他,,,,,,,000001,2製品,02,社外加工,40080-AY00-1000X100FA    C,,m,0:自社,,,,,,,,,,,2026/08/03,6710,河合 直樹,,,,0,9
00081797,製品,001,2026/07/21,2026/08/12,2026/08/12,2026/07/31,0:通常,0:通常,01,505101,国分後加工511,000051,国分後加工,049006,東ﾚ(株) 自材部,,,,,,,,,,,,,,,,,,,511101,国分工場01本倉庫,,,01,東レ本体,0:しない,,,,V8-3,100,,,"219,813",0,0:未完,0:未完,0:通常,1:税抜,0,3:請求合計,1:金額,0:円未満,5:四捨五入,0:切り捨て,9:切り上げ,1:発行済,0:未承認,,0:しない,1:修正,,,,,,0051,国分,,,,,,,,,1:後加工,2026/08/12,1:通常,TPI湖南,,,0,,,,,0:1明細目,巻取りにテープ使用しないこと,,スライス,"19,983.00","10,000",4,1,,,50105,トーレペフ V(TPI),1:対象外,0,0.00,"17,750.00",,,,"195,250",0,"17,750.00",11.00,A1O20BY65250FW3,551,ペフ,50105,トーレペフ V(TPI),,,999999,対象外,,,000001,2製品,02,社外加工,30020-BY00-650x250FAWH1C,,m,0:自社,,,,済,済,2026/08/10,2026/08/11,,,189659L,,6713,河合 直樹,,,0:なし,0,0
00081797,製品,002,2026/07/21,2026/08/12,2026/08/12,2026/07/31,0:通常,0:通常,01,505101,国分後加工511,000051,国分後加工,049006,東ﾚ(株) 自材部,,,,,,,,,,,,,,,,,,,511101,国分工場01本倉庫,,,01,東レ本体,0:しない,,,,V8-3,100,,,"219,813",0,0:未完,0:未完,0:通常,1:税抜,0,3:請求合計,1:金額,0:円未満,5:四捨五入,0:切り捨て,9:切り上げ,1:発行済,0:未承認,,0:しない,1:修正,,,,,,0051,国分,,,,,,,,,1:後加工,2026/08/12,1:通常,TPI湖南,,,0,,,,,0:1明細目,巻取りにテープ使用しないこと,,スライス,"19,983.00","10,000",4,1,,,50105,トーレペフ V(TPI),1:対象外,0,0.00,"1,494.00",,,,"16,434",0,"1,494.00",11.00,A1O20BY65245FW3,551,ペフ,50105,トーレペフ V(TPI),,,999999,対象外,,,000001,2製品,02,社外加工,30020-BY00- 650X249FA WH1C,短尺：245～249,m,0:自社,,,,済,済,2026/08/18,2026/08/18,,,191446M,,6713,河合 直樹,,,0:なし,0,0
00081797,製品,003,2026/07/21,2026/08/12,2026/08/12,2026/07/31,0:通常,0:通常,01,505101,国分後加工511,000051,国分後加工,049006,東ﾚ(株) 自材部,,,,,,,,,,,,,,,,,,,511101,国分工場01本倉庫,,,01,東レ本体,0:しない,,,,V8-3,100,,,"219,813",0,0:未完,0:未完,0:通常,1:税抜,0,3:請求合計,1:金額,0:円未満,5:四捨五入,0:切り捨て,9:切り上げ,1:発行済,0:未承認,,0:しない,1:修正,,,,,,0051,国分,,,,,,,,,1:後加工,2026/08/12,1:通常,TPI湖南,,,0,,,,,0:1明細目,巻取りにテープ使用しないこと,,スライス,"19,983.00","10,000",4,1,,,50105,トーレペフ V(TPI),1:対象外,0,0.00,496.00,,,,"5,456",0,496.00,11.00,A1O20BY65245FW3,551,ペフ,50105,トーレペフ V(TPI),,,999999,対象外,,,000001,2製品,02,社外加工,30020-BY00- 650X248FA WH1C,短尺：245～249,m,0:自社,,,,済,済,2026/08/18,2026/08/18,,,191444Y,,6713,河合 直樹,,,0:なし,0,0
00081797,製品,004,2026/07/21,2026/08/12,2026/08/12,2026/07/31,0:通常,0:通常,01,505101,国分後加工511,000051,国分後加工,049006,東ﾚ(株) 自材部,,,,,,,,,,,,,,,,,,,511101,国分工場01本倉庫,,,01,東レ本体,0:しない,,,,V8-3,100,,,"219,813",0,0:未完,0:未完,0:通常,1:税抜,0,3:請求合計,1:金額,0:円未満,5:四捨五入,0:切り捨て,9:切り上げ,1:発行済,0:未承認,,0:しない,1:修正,,,,,,0051,国分,,,,,,,,,1:後加工,2026/08/12,1:通常,TPI湖南,,,0,,,,,0:1明細目,巻取りにテープ使用しないこと,,スライス,"19,983.00","10,000",4,1,,,50105,トーレペフ V(TPI),1:対象外,0,0.00,243.00,,,,"2,673",0,243.00,11.00,A1O20BY65240FW3,551,ペフ,50105,トーレペフ V(TPI),,,999999,対象外,,,000001,2製品,02,社外加工,30020-BY00- 650X243FA WH1C,短尺：240～244,m,0:自社,,,,済,済,2026/08/18,2026/08/18,,,191448Z,,6713,河合 直樹,,,0:なし,0,0
00081797,原反,001,2026/07/21,2026/08/12,2026/08/12,2026/07/31,0:通常,0:通常,01,505101,国分後加工511,000051,国分後加工,049006,東ﾚ(株) 自材部,,,,,,,,,,,,,,,,,,,511101,国分工場01本倉庫,,,01,東レ本体,0:しない,,,,V8-3,100,,,"219,813",0,0:未完,0:未完,0:通常,1:税抜,0,3:請求合計,1:金額,0:円未満,5:四捨五入,0:切り捨て,9:切り上げ,1:発行済,0:未承認,,0:しない,1:修正,,,,,,0051,国分,,,,,,,,,1:後加工,2026/08/12,1:通常,TPI湖南,,,0,,,,,0:1明細目,巻取りにテープ使用しないこと,,スライス,"19,983.00","10,000",4,1,,,50105,トーレペフ V(TPI),1:対象外,0,0.00,"10,000.00",SG,1011,スライス機1,0,0,0.00,0.00,B1O40AY65250FW3,551,ペフ,55109,ﾍﾟﾌ　その他,,,,,,,000001,2製品,02,社外加工,30040-AY00-650x250FAWH1C,,m,0:自社,,,,,,,,,,,2026/08/06,6710,河合 直樹,,,,0,40
00081798,製品,001,2026/07/21,2026/08/12,2026/08/12,2026/07/31,0:通常,0:通常,01,505101,国分後加工511,000051,国分後加工,049006,東ﾚ(株) 自材部,,,,,,,,,,,,,,,,,,,511101,国分工場01本倉庫,0015,末締,01,東レ本体,0:しない,,,,V8-4,100,,,"13,200",0,1:完了,0:未完,0:通常,1:税抜,0,3:請求合計,1:金額,0:円未満,5:四捨五入,0:切り捨て,9:切り上げ,1:発行済,0:未承認,,0:しない,1:修正,,,,,,0051,国分,,,,,,,,,1:後加工,2026/08/12,1:通常,TPI湖南,,,0,,,,,0:1明細目,,,スライス,"1,200.00",600,1,1,,,50103,トーレペフ Y(工材),1:対象外,0,0.00,"1,200.00",,,,"13,200",0,"1,200.00",11.00,A1F20BAA0150FNA,551,ペフ,50103,トーレペフ Y(工材),,,999999,対象外,,,000001,2製品,02,社外加工,15020-BA00-1000x150FA BK0 C,,m,0:自社,,,,済,済,2026/08/10,2026/08/10,,,189661Y,,6713,河合 直樹,,,0:なし,0,0
00081798,原反,001,2026/07/21,2026/08/12,2026/08/12,2026/07/31,0:通常,0:通常,01,505101,国分後加工511,000051,国分後加工,049006,東ﾚ(株) 自材部,,,,,,,,,,,,,,,,,,,511101,国分工場01本倉庫,0015,末締,01,東レ本体,0:しない,,,,V8-4,100,,,"13,200",0,1:完了,0:未完,0:通常,1:税抜,0,3:請求合計,1:金額,0:円未満,5:四捨五入,0:切り捨て,9:切り上げ,1:発行済,0:未承認,,0:しない,1:修正,,,,,,0051,国分,,,,,,,,,1:後加工,2026/08/12,1:通常,TPI湖南,,,0,,,,,0:1明細目,,,スライス,"1,200.00",600,1,1,,,50103,トーレペフ Y(工材),1:対象外,0,0.00,600.00,SG,1022,スライス機3,0,0,0.00,0.00,B1F40AAA0075FB4,551,ペフ,55109,ﾍﾟﾌ　その他,,,,,,,000003,4原材料,02,社外加工,15040-AA00-1000X150FA BK0C,,m,0:自社,,,,,,,,,,,2026/08/07,6710,河合 直樹,,,,0,4
00081799,製品,001,2026/07/21,2026/08/12,2026/08/12,2026/07/31,0:通常,0:通常,01,505101,国分後加工511,000051,国分後加工,049006,東ﾚ(株) 自材部,,,,,,,,,,,,,,,,,,,511101,国分工場01本倉庫,0015,末締,01,東レ本体,0:しない,,,,V8-5,100,,,"17,600",0,1:完了,0:未完,0:通常,1:税抜,0,3:請求合計,1:金額,0:円未満,5:四捨五入,0:切り捨て,9:切り上げ,1:発行済,0:未承認,,0:しない,1:修正,,,,,,0051,国分,,,,,,,,,1:後加工,2026/08/12,1:通常,TPI湖南,,,0,,,,,0:1明細目,原反３ｍｍ,原反３ｍｍ,スライス,800.00,400,1,1,"CG00 破棄下さい。
ツナギなし",,50105,トーレペフ V(TPI),1:対象外,0,0.00,800.00,,,,"17,600",0,800.00,22.00,A1O10BGA3200FNA,551,ペフ,50105,トーレペフ V(TPI),,,999999,対象外,,,000001,2製品,02,社外加工,30010-BG00-1030x200FA C,,m,0:自社,,,,済,済,2026/08/10,2026/08/10,,,190697Z,,6713,河合 直樹,,,0:なし,0,0
00081799,原反,001,2026/07/21,2026/08/12,2026/08/12,2026/07/31,0:通常,0:通常,01,505101,国分後加工511,000051,国分後加工,049006,東ﾚ(株) 自材部,,,,,,,,,,,,,,,,,,,511101,国分工場01本倉庫,0015,末締,01,東レ本体,0:しない,,,,V8-5,100,,,"17,600",0,1:完了,0:未完,0:通常,1:税抜,0,3:請求合計,1:金額,0:円未満,5:四捨五入,0:切り捨て,9:切り上げ,1:発行済,0:未承認,,0:しない,1:修正,,,,,,0051,国分,,,,,,,,,1:後加工,2026/08/12,1:通常,TPI湖南,,,0,,,,,0:1明細目,原反３ｍｍ,原反３ｍｍ,スライス,800.00,400,1,1,"CG00 破棄下さい。
ツナギなし",,50105,トーレペフ V(TPI),1:対象外,0,0.00,400.00,SG,1022,スライス機3,0,0,0.00,0.00,B1O30AGA3200FN1,551,ペフ,,,,,,,,,000003,4原材料,02,社外加工,30030-AG00-1030X200FA    C,,m,0:自社,,,,,,,,,,,2026/08/07,6710,河合 直樹,,,,0,2
00081800,製品,001,2026/07/21,2026/08/18,2026/08/18,2026/07/31,0:通常,0:通常,01,505101,国分後加工511,000051,国分後加工,049006,東ﾚ(株) 自材部,,,,,,,,,,,,,,,,,,,511101,国分工場01本倉庫,,,01,東レ本体,0:しない,,,,V8-6,100,,,"196,872",0,0:未完,0:未完,0:通常,1:税抜,0,3:請求合計,1:金額,0:円未満,5:四捨五入,0:切り捨て,9:切り上げ,1:発行済,0:未承認,,0:しない,1:修正,,,,,,0051,国分,,,,,,,,,1:後加工,2026/08/18,1:通常,TPI湖南,,,0,,,,,0:1明細目,”V”依頼は接続品のラベル半券すべてにハンコを押すこと,,"スライス,分割","7,572.00","3,800",2,1,接続なし,,50105,トーレペフ V(TPI),1:対象外,0,0.00,"7,400.00",,,,"192,400",0,"7,400.00",26.00,A1O30BGA0100FN1,551,ペフ,50103,トーレペフ Y(工材),,,999999,対象外,,,000001,2製品,02,社外加工,30030-BG00-1000x100FA C,,m,0:自社,,,,済,一部,2026/08/11,2026/08/12,,,189663M,,6713,河合 直樹,,,0:なし,0,0
00081800,製品,002,2026/07/21,2026/08/18,2026/08/18,2026/07/31,0:通常,0:通常,01,505101,国分後加工511,000051,国分後加工,049006,東ﾚ(株) 自材部,,,,,,,,,,,,,,,,,,,511101,国分工場01本倉庫,,,01,東レ本体,0:しない,,,,V8-6,100,,,"196,872",0,0:未完,0:未完,0:通常,1:税抜,0,3:請求合計,1:金額,0:円未満,5:四捨五入,0:切り捨て,9:切り上げ,1:発行済,0:未承認,,0:しない,1:修正,,,,,,0051,国分,,,,,,,,,1:後加工,2026/08/18,1:通常,TPI湖南,,,0,,,,,0:1明細目,”V”依頼は接続品のラベル半券すべてにハンコを押すこと,,"スライス,分割","7,572.00","3,800",2,1,接続なし,,50105,トーレペフ V(TPI),1:対象外,0,0.00,172.00,,,,"4,472",0,172.00,26.00,A1O30BGA0085FN1,551,ペフ,50103,トーレペフ Y(工材),,,999999,対象外,,,000001,2製品,02,社外加工,30030-BG00-1000X 86FA    C,短尺：85～89ｍ,m,0:自社,,,,済,一部,2026/08/18,2026/08/18,,,191450P,,6713,河合 直樹,,,0:なし,0,0
00081800,原反,001,2026/07/21,2026/08/18,2026/08/18,2026/07/31,0:通常,0:通常,01,505101,国分後加工511,000051,国分後加工,049006,東ﾚ(株) 自材部,,,,,,,,,,,,,,,,,,,511101,国分工場01本倉庫,,,01,東レ本体,0:しない,,,,V8-6,100,,,"196,872",0,0:未完,0:未完,0:通常,1:税抜,0,3:請求合計,1:金額,0:円未満,5:四捨五入,0:切り捨て,9:切り上げ,1:発行済,0:未承認,,0:しない,1:修正,,,,,,0051,国分,,,,,,,,,1:後加工,2026/08/18,1:通常,TPI湖南,,,0,,,,,0:1明細目,”V”依頼は接続品のラベル半券すべてにハンコを押すこと,,"スライス,分割","7,572.00","3,800",2,1,接続なし,,50105,トーレペフ V(TPI),1:対象外,0,0.00,"3,800.00",SG,1011,スライス機1,0,0,0.00,0.00,B1O60AGA0100FN1,551,ペフ,55109,ﾍﾟﾌ　その他,,,,,,,000001,2製品,02,社外加工,30060-AG00-1000X200FA    C,,m,0:自社,,,,,,,,,,,2026/08/10,6710,河合 直樹,,,,0,19
00081801,製品,001,2026/07/21,2026/08/06,2026/08/06,2026/07/31,0:通常,0:通常,01,505101,国分後加工511,000051,国分後加工,049006,東ﾚ(株) 自材部,,,,,,,,,,,,,,,,,,,511101,国分工場01本倉庫,0015,末締,01,東レ本体,0:しない,,,,V8-7,100,,,"18,000",0,1:完了,1:完了,0:通常,1:税抜,0,3:請求合計,1:金額,0:円未満,5:四捨五入,0:切り捨て,9:切り上げ,1:発行済,0:未承認,,0:しない,1:修正,,,,,,0051,国分,,,,,,,,,1:後加工,2026/08/06,1:通常,TPI湖南,,,0,,,,,0:1明細目,,"1本目入れ目：5ｍ
2本目は現状と同じく全量巻き付けてください",分割,"1,200.00","1,200",1,1,,,50103,トーレペフ Y(工材),1:対象外,0,0.00,"1,200.00",,,,"18,000",0,"1,200.00",15.00,A1Q60AMA3100FB4,551,ペフ,50103,トーレペフ Y(工材),,,999999,対象外,,,000001,2製品,02,社外加工,50060-AM0C-1030x100FABK0 C,,m,0:自社,,,,済,済,2026/08/03,2026/08/03,2026/08/12,2026/08/12,189356W,,6713,河合 直樹,,,0:なし,0,0
00081801,原反,001,2026/07/21,2026/08/06,2026/08/06,2026/07/31,0:通常,0:通常,01,505101,国分後加工511,000051,国分後加工,049006,東ﾚ(株) 自材部,,,,,,,,,,,,,,,,,,,511101,国分工場01本倉庫,0015,末締,01,東レ本体,0:しない,,,,V8-7,100,,,"18,000",0,1:完了,1:完了,0:通常,1:税抜,0,3:請求合計,1:金額,0:円未満,5:四捨五入,0:切り捨て,9:切り上げ,1:発行済,0:未承認,,0:しない,1:修正,,,,,,0051,国分,,,,,,,,,1:後加工,2026/08/06,1:通常,TPI湖南,,,0,,,,,0:1明細目,,"1本目入れ目：5ｍ
2本目は現状と同じく全量巻き付けてください",分割,"1,200.00","1,200",1,1,,,50103,トーレペフ Y(工材),1:対象外,0,0.00,"1,200.00",SG,1043,スリット機2,0,0,0.00,0.00,B1Q60AMA3200FB4,551,ペフ,55109,ﾍﾟﾌ　その他,,,,,,,000001,2製品,02,社外加工,50060-AM0C-1030X200FA BK0C,,m,0:自社,,,,,,,,,,,2026/07/30,6710,河合 直樹,,,,0,6
00081809,製品,001,2026/07/22,2026/09/10,2026/09/08,2026/07/31,0:通常,0:通常,01,105501,営業55,000543,宇野 浩紀,044004,椿本興業(株)財務部大阪経理★※,,,,,,,,,100164,田中紙管(株)　熊本工場,田中紙管(株)　熊本工場,,861-0163,熊本県熊本市北区植木町豊岡1868,,,096-272-2391,096-272-2390,511101,国分工場01本倉庫,,,03,その他,0:しない,,1:する,1:御中,,100,,,"775,040",0,0:未完,0:未完,0:通常,1:税抜,0,3:請求合計,1:金額,0:円未満,0:切り捨て,0:切り捨て,0:切り捨て,1:発行済,0:未承認,,0:しない,1:修正,,,,,,0012,中央倉庫(EDI)土曜無,,,7/28再)こちらの加工用原反は、営業から支給いたします(単価:195.5円/m)※現行単価,※国分工場への投入日をご教示くださいませ。,,　　　　　　　　　　　　　　　　　　　　　　　　　　　　　　　　　　　　　７巻取,,,2:自社,,1:通常,田中紙管,,,0,,,,,0:1明細目,自社,,"スライス,スリット","22,400.00","1,600",1,1,,,55101,ﾍﾟﾌ　巻芯,1:対象外,"525,504",23.46,"22,400.00",,,,"775,040",0,"22,400.00",34.60,A5F10BA134000N1,551,ペフ,55101,ﾍﾟﾌ　巻芯,,,410100,巻芯-売上,,,000001,2製品,02,社外加工,ﾍﾟﾌ巻芯 15010-BA00-136X400m,,m,0:自社,,,,,,,,,,,,MKSN,菱田 昌美,,,0:なし,0,0
00081809,原反,001,2026/07/22,2026/09/10,2026/09/08,2026/07/31,0:通常,0:通常,01,105501,営業55,000543,宇野 浩紀,044004,椿本興業(株)財務部大阪経理★※,,,,,,,,,100164,田中紙管(株)　熊本工場,田中紙管(株)　熊本工場,,861-0163,熊本県熊本市北区植木町豊岡1868,,,096-272-2391,096-272-2390,511101,国分工場01本倉庫,,,03,その他,0:しない,,1:する,1:御中,,100,,,"775,040",0,0:未完,0:未完,0:通常,1:税抜,0,3:請求合計,1:金額,0:円未満,0:切り捨て,0:切り捨て,0:切り捨て,1:発行済,0:未承認,,0:しない,1:修正,,,,,,0012,中央倉庫(EDI)土曜無,,,7/28再)こちらの加工用原反は、営業から支給いたします(単価:195.5円/m)※現行単価,※国分工場への投入日をご教示くださいませ。,,　　　　　　　　　　　　　　　　　　　　　　　　　　　　　　　　　　　　　７巻取,,,2:自社,,1:通常,田中紙管,,,0,,,,,0:1明細目,自社,,"スライス,スリット","22,400.00","1,600",1,1,,,55101,ﾍﾟﾌ　巻芯,1:対象外,0,0.00,"1,600.00",EI,1022,スライス機3,0,0,0.00,0.00,P5F20AAA3400FNC,551,ペフ,51200,自社加工,,,410103,巻芯-仕入-材,,,000003,4原材料,01,社外製品,15020-AA00-1030X400F-A R,分類：巻芯,m,0:自社,,,,,,,,,,,,JSYA,菱田 昌美,,,,0,4
00081811,製品,001,2026/07/22,2026/08/07,2026/08/07,2026/07/31,0:通常,0:通常,01,505201,湖南52,000052,湖南工場,049006,東ﾚ(株) 自材部,,,,,,,,,,,,,,,,,,,520201,湖南工場01本倉庫,0015,末締,01,東レ本体,0:しない,,,,W8-1,100,,,"171,000",0,1:完了,1:完了,0:通常,1:税抜,0,3:請求合計,1:金額,0:円未満,5:四捨五入,0:切り捨て,9:切り上げ,1:発行済,0:未承認,,0:しない,1:修正,,,,,,,,,,,,,,,,1:後加工,2026/08/07,1:通常,共和ﾚｻﾞｰ,,,0,,,,,0:1明細目,,,"EC,検査","4,500.00","4,500",1,1,"欠点個数確認チェックラベル◎
確認済明記
粘着検査",,50101,トーレペフ W(自材),1:対象外,0,0.00,"4,500.00",,,,"171,000",0,"4,500.00",38.00,A2F20JXE4300FN1,551,ペフ,50101,トーレペフ W(自材),,,,,,,000001,2製品,02,社外加工,15020-JX5R-1440X300F-A   R,,M,0:自社,,,,済,済,2026/08/04,2026/08/04,2026/08/04,2026/08/04,190306G,,6783,古家 淳子,03,Ｈ面,0:なし,0,0
00081811,原反,001,2026/07/22,2026/08/07,2026/08/07,2026/07/31,0:通常,0:通常,01,505201,湖南52,000052,湖南工場,049006,東ﾚ(株) 自材部,,,,,,,,,,,,,,,,,,,520201,湖南工場01本倉庫,0015,末締,01,東レ本体,0:しない,,,,W8-1,100,,,"171,000",0,1:完了,1:完了,0:通常,1:税抜,0,3:請求合計,1:金額,0:円未満,5:四捨五入,0:切り捨て,9:切り上げ,1:発行済,0:未承認,,0:しない,1:修正,,,,,,,,,,,,,,,,1:後加工,2026/08/07,1:通常,共和ﾚｻﾞｰ,,,0,,,,,0:1明細目,,,"EC,検査","4,500.00","4,500",1,1,"欠点個数確認チェックラベル◎
確認済明記
粘着検査",,50101,トーレペフ W(自材),0:対象,0,0.00,"4,500.00",K ,2012,EC機　湖南,0,0,0.00,0.00,B2F20AXE4300FN1,551,ペフ,50101,トーレペフ W(自材),,,,,,,000001,2製品,02,社外加工,15020-AX5R-1440X300F-A   P,,,0:自社,,,,,,,,,,,2026/08/03,6780,古家 淳子,,,,0,15
00081812,製品,001,2026/07/22,2026/08/10,2026/08/10,2026/07/31,0:通常,0:通常,01,505201,湖南52,000052,湖南工場,049006,東ﾚ(株) 自材部,,,,,,,,,,,,,,,,,,,520201,湖南工場01本倉庫,0015,末締,01,東レ本体,0:しない,,,,W8-2,100,,,"57,000",0,1:完了,1:完了,0:通常,1:税抜,0,3:請求合計,1:金額,0:円未満,5:四捨五入,0:切り捨て,9:切り上げ,1:発行済,0:未承認,,0:しない,1:修正,,,,,,,,,,,,,,,,1:後加工,2026/08/10,1:通常,共和ﾚｻﾞｰ,,,0,,,,,0:1明細目,,,"EC,検査","1,500.00","1,500",1,1,"欠点個数確認チェックラベル◎
確認済明記
粘着検査",,50101,トーレペフ W(自材),1:対象外,0,0.00,"1,500.00",,,,"57,000",0,"1,500.00",38.00,A2F20JXD0300FN1,551,ペフ,50101,トーレペフ W(自材),,,,,,,000001,2製品,02,社外加工,15020-JX5R-1300X300F-A   R,,M,0:自社,,,,済,済,2026/08/05,2026/08/05,2026/08/05,2026/08/05,190307Y,,6783,古家 淳子,03,Ｈ面,0:なし,0,0
00081812,原反,001,2026/07/22,2026/08/10,2026/08/10,2026/07/31,0:通常,0:通常,01,505201,湖南52,000052,湖南工場,049006,東ﾚ(株) 自材部,,,,,,,,,,,,,,,,,,,520201,湖南工場01本倉庫,0015,末締,01,東レ本体,0:しない,,,,W8-2,100,,,"57,000",0,1:完了,1:完了,0:通常,1:税抜,0,3:請求合計,1:金額,0:円未満,5:四捨五入,0:切り捨て,9:切り上げ,1:発行済,0:未承認,,0:しない,1:修正,,,,,,,,,,,,,,,,1:後加工,2026/08/10,1:通常,共和ﾚｻﾞｰ,,,0,,,,,0:1明細目,,,"EC,検査","1,500.00","1,500",1,1,"欠点個数確認チェックラベル◎
確認済明記
粘着検査",,50101,トーレペフ W(自材),1:対象外,0,0.00,"1,500.00",S ,2012,EC機　湖南,0,0,0.00,0.00,B2F20AXD0300FN1,551,ペフ,50101,トーレペフ W(自材),,,,,,,000001,2製品,02,社外加工,15020-AX5R-1300X300F-A   P,,M,0:自社,,,,,,,,,,,2026/08/03,6780,古家 淳子,,,,0,5
00081814,製品,001,2026/07/22,2026/08/17,2026/08/17,2026/07/31,0:通常,0:通常,01,505201,湖南52,000052,湖南工場,049006,東ﾚ(株) 自材部,,,,,,,,,,,,,,,,,,,520201,湖南工場01本倉庫,0015,末締,01,東レ本体,0:しない,,,,W8-3,100,,,"171,000",0,1:完了,1:完了,0:通常,1:税抜,0,3:請求合計,1:金額,0:円未満,5:四捨五入,0:切り捨て,9:切り上げ,1:発行済,0:未承認,,0:しない,1:修正,,,,,,,,,,,,,,,,1:後加工,2026/08/17,1:通常,共和ﾚｻﾞｰ,,,0,,,,,0:1明細目,,,"EC,検査","4,500.00","4,500",1,1,"欠点個数確認チェックラベル◎
確認済明記
粘着検査",,50101,トーレペフ W(自材),1:対象外,0,0.00,"4,500.00",,,,"171,000",0,"4,500.00",38.00,A2F20JXE4300FN1,551,ペフ,50101,トーレペフ W(自材),,,,,,,000001,2製品,02,社外加工,15020-JX5R-1440X300F-A   R,,M,0:自社,,,,済,済,2026/08/05,2026/08/05,2026/08/05,2026/08/05,190308S,,6783,古家 淳子,03,Ｈ面,0:なし,0,0
00081814,原反,001,2026/07/22,2026/08/17,2026/08/17,2026/07/31,0:通常,0:通常,01,505201,湖南52,000052,湖南工場,049006,東ﾚ(株) 自材部,,,,,,,,,,,,,,,,,,,520201,湖南工場01本倉庫,0015,末締,01,東レ本体,0:しない,,,,W8-3,100,,,"171,000",0,1:完了,1:完了,0:通常,1:税抜,0,3:請求合計,1:金額,0:円未満,5:四捨五入,0:切り捨て,9:切り上げ,1:発行済,0:未承認,,0:しない,1:修正,,,,,,,,,,,,,,,,1:後加工,2026/08/17,1:通常,共和ﾚｻﾞｰ,,,0,,,,,0:1明細目,,,"EC,検査","4,500.00","4,500",1,1,"欠点個数確認チェックラベル◎
確認済明記
粘着検査",,50101,トーレペフ W(自材),0:対象,0,0.00,"4,500.00",K ,2012,EC機　湖南,0,0,0.00,0.00,B2F20AXE4300FN1,551,ペフ,50101,トーレペフ W(自材),,,,,,,000001,2製品,02,社外加工,15020-AX5R-1440X300F-A   P,,,0:自社,,,,,,,,,,,2026/08/03,6780,古家 淳子,,,,0,15
00081818,製品,001,2026/07/22,2026/07/30,2026/07/30,2026/07/31,0:通常,0:通常,01,505201,湖南52,000052,湖南工場,049006,東ﾚ(株) 自材部,,,,,,,,,,,,,,,,,,,520201,湖南工場01本倉庫,0015,末締,01,東レ本体,0:しない,,,,W7-21,100,,,"21,480",0,1:完了,1:完了,0:通常,1:税抜,0,3:請求合計,1:金額,0:円未満,5:四捨五入,0:切り捨て,9:切り上げ,1:発行済,0:未承認,,0:しない,1:修正,,,,,,,,,,,,,,,,1:後加工,2026/07/30,1:通常,共和ﾚｻﾞｰ,,,0,,,,,0:1明細目,,,"分割,スリット,接続,E",440.00,495,3,2,"欠点個数確認チェックラベル◎

AP17を分割接続してJP17に繋いで",,50101,トーレペフ W(自材),1:対象外,0,0.00,250.00,,,,"16,250",0,250.00,65.00,A2N25JPE4250FN1,551,ペフ,50101,トーレペフ W(自材),,,,,,,000001,2製品,02,社外加工,25025-JP17-1440X250F-A   Q,,M,0:自社,,,,済,済,2026/07/31,2026/07/31,2026/07/31,2026/07/31,189484S,,6783,古家 淳子,02,Ｑ面,1:あり,0,0
00081818,製品,002,2026/07/22,2026/07/30,2026/07/30,2026/07/31,0:通常,0:通常,01,505201,湖南52,000052,湖南工場,049006,東ﾚ(株) 自材部,,,,,,,,,,,,,,,,,,,520201,湖南工場01本倉庫,0015,末締,01,東レ本体,0:しない,,,,W7-21,100,,,"21,480",0,1:完了,1:完了,0:通常,1:税抜,0,3:請求合計,1:金額,0:円未満,5:四捨五入,0:切り捨て,9:切り上げ,1:発行済,0:未承認,,0:しない,1:修正,,,,,,,,,,,,,,,,1:後加工,2026/07/30,1:通常,共和ﾚｻﾞｰ,,,0,,,,,0:1明細目,,,"分割,スリット,接続,E",440.00,495,3,2,"欠点個数確認チェックラベル◎

AP17を分割接続してJP17に繋いで",,50101,トーレペフ W(自材),1:対象外,0,0.00,140.00,,,,"4,480",0,140.00,32.00,A2N25APC5150FN1,551,ペフ,50101,トーレペフ W(自材),,,,,,,000001,2製品,02,社外加工,25025-AP17-1250X140F-A   P,,M,0:自社,,,,済,済,2026/07/31,2026/07/31,2026/07/31,2026/07/31,189485M,,6783,古家 淳子,,,1:あり,0,0
00081818,製品,003,2026/07/22,2026/07/30,2026/07/30,2026/07/31,0:通常,0:通常,01,505201,湖南52,000052,湖南工場,049006,東ﾚ(株) 自材部,,,,,,,,,,,,,,,,,,,520201,湖南工場01本倉庫,0015,末締,01,東レ本体,0:しない,,,,W7-21,100,,,"21,480",0,1:完了,1:完了,0:通常,1:税抜,0,3:請求合計,1:金額,0:円未満,5:四捨五入,0:切り捨て,9:切り上げ,1:発行済,0:未承認,,0:しない,1:修正,,,,,,,,,,,,,,,,1:後加工,2026/07/30,1:通常,共和ﾚｻﾞｰ,,,0,,,,,0:1明細目,,,"分割,スリット,接続,E",440.00,495,3,2,"欠点個数確認チェックラベル◎

AP17を分割接続してJP17に繋いで",,50101,トーレペフ W(自材),1:対象外,0,0.00,50.00,,,,750,0,50.00,15.00,A2N25APF8050FN1,551,ペフ,50101,トーレペフ W(自材),,,,,,,000001,2製品,02,社外加工,25025-AP17-1580X 50F-A   P,,M,0:自社,,,,済,済,2026/07/31,2026/07/31,2026/07/31,2026/07/31,190454J,,6783,古家 淳子,,,0:なし,0,0
00081818,原反,001,2026/07/22,2026/07/30,2026/07/30,2026/07/31,0:通常,0:通常,01,505201,湖南52,000052,湖南工場,049006,東ﾚ(株) 自材部,,,,,,,,,,,,,,,,,,,520201,湖南工場01本倉庫,0015,末締,01,東レ本体,0:しない,,,,W7-21,100,,,"21,480",0,1:完了,1:完了,0:通常,1:税抜,0,3:請求合計,1:金額,0:円未満,5:四捨五入,0:切り捨て,9:切り上げ,1:発行済,0:未承認,,0:しない,1:修正,,,,,,,,,,,,,,,,1:後加工,2026/07/30,1:通常,共和ﾚｻﾞｰ,,,0,,,,,0:1明細目,,,"分割,スリット,接続,E",440.00,495,3,2,"欠点個数確認チェックラベル◎

AP17を分割接続してJP17に繋いで",,50101,トーレペフ W(自材),1:対象外,0,0.00,250.00,S ,2013,スリット機1　湖南,0,0,0.00,0.00,B2N25APF8250FN1,551,ペフ,50101,トーレペフ W(自材),,,,,,,000001,2製品,02,社外加工,25025-AP17-1580X250F-A   P,,M,0:自社,,,,,,,,,,,2026/07/24,6780,古家 淳子,,,,0,1
00081818,原反,002,2026/07/22,2026/07/30,2026/07/30,2026/07/31,0:通常,0:通常,01,505201,湖南52,000052,湖南工場,049006,東ﾚ(株) 自材部,,,,,,,,,,,,,,,,,,,520201,湖南工場01本倉庫,0015,末締,01,東レ本体,0:しない,,,,W7-21,100,,,"21,480",0,1:完了,1:完了,0:通常,1:税抜,0,3:請求合計,1:金額,0:円未満,5:四捨五入,0:切り捨て,9:切り上げ,1:発行済,0:未承認,,0:しない,1:修正,,,,,,,,,,,,,,,,1:後加工,2026/07/30,1:通常,共和ﾚｻﾞｰ,,,0,,,,,0:1明細目,,,"分割,スリット,接続,E",440.00,495,3,2,"欠点個数確認チェックラベル◎

AP17を分割接続してJP17に繋いで",,50101,トーレペフ W(自材),1:対象外,0,0.00,245.00,K ,2013,スリット機1　湖南,0,0,0.00,0.00,B2N25JPE4250FN1,551,ペフ,50101,トーレペフ W(自材),,,,,,,000001,2製品,02,社外加工,25025-JP17-1440X245F-A   Q,,M,0:自社,,,,,,,,,,,2026/07/24,6783,古家 淳子,,,,0,1
00081822,製品,001,2026/07/22,2026/07/31,2026/07/31,2026/07/31,0:通常,0:通常,01,505101,国分後加工511,000051,国分後加工,049006,東ﾚ(株) 自材部,,,,,,,,,,,,,,,,,,,511101,国分工場01本倉庫,,,01,東レ本体,0:しない,,,,Y8-9,100,,,"12,700",0,1:完了,1:完了,0:通常,1:税抜,0,3:請求合計,1:金額,0:円未満,5:四捨五入,0:切り捨て,9:切り上げ,1:発行済,0:未承認,,0:しない,1:修正,,,,,,0051,国分,,,,,,,,,1:後加工,2026/07/31,1:通常,カラヤン,,,0,,,,,0:1明細目,,,"分割,スライス",700.00,600,2,1,30030は接続なしにしてください,,50103,トーレペフ Y(工材),1:対象外,0,0.00,500.00,,,,"7,500",0,500.00,15.00,A1O60AGA0100FN1,551,ペフ,50103,トーレペフ Y(工材),,,999999,対象外,,,000001,2製品,02,社外加工,30060-AG00-1000X100FA    C,,m,0:自社,,,,済,済,2026/07/29,2026/07/29,2026/07/30,2026/07/30,189401H,,6710,河合 直樹,,,0:なし,0,0
00081822,製品,002,2026/07/22,2026/07/31,2026/07/31,2026/07/31,0:通常,0:通常,01,505101,国分後加工511,000051,国分後加工,049006,東ﾚ(株) 自材部,,,,,,,,,,,,,,,,,,,511101,国分工場01本倉庫,,,01,東レ本体,0:しない,,,,Y8-9,100,,,"12,700",0,1:完了,1:完了,0:通常,1:税抜,0,3:請求合計,1:金額,0:円未満,5:四捨五入,0:切り捨て,9:切り上げ,1:発行済,0:未承認,,0:しない,1:修正,,,,,,0051,国分,,,,,,,,,1:後加工,2026/07/31,1:通常,カラヤン,,,0,,,,,0:1明細目,,,"分割,スライス",700.00,600,2,1,30030は接続なしにしてください,,50103,トーレペフ Y(工材),1:対象外,0,0.00,200.00,,,,"5,200",0,200.00,26.00,A1O30BGA0100FN1,551,ペフ,50103,トーレペフ Y(工材),,,999999,対象外,,,000001,2製品,02,社外加工,30030-BG00-1000X100FA    C,,m,0:自社,,,,済,済,2026/07/30,2026/07/30,2026/07/30,2026/07/30,189400M,,6713,河合 直樹,,,0:なし,0,0
00081822,原反,001,2026/07/22,2026/07/31,2026/07/31,2026/07/31,0:通常,0:通常,01,505101,国分後加工511,000051,国分後加工,049006,東ﾚ(株) 自材部,,,,,,,,,,,,,,,,,,,511101,国分工場01本倉庫,,,01,東レ本体,0:しない,,,,Y8-9,100,,,"12,700",0,1:完了,1:完了,0:通常,1:税抜,0,3:請求合計,1:金額,0:円未満,5:四捨五入,0:切り捨て,9:切り上げ,1:発行済,0:未承認,,0:しない,1:修正,,,,,,0051,国分,,,,,,,,,1:後加工,2026/07/31,1:通常,カラヤン,,,0,,,,,0:1明細目,,,"分割,スライス",700.00,600,2,1,30030は接続なしにしてください,,50103,トーレペフ Y(工材),1:対象外,0,0.00,600.00,SG,1043,スリット機2,0,0,0.00,0.00,B1O60AGA0100FN1,551,ペフ,55109,ﾍﾟﾌ　その他,,,,,,,000001,2製品,02,社外加工,30060-AG00-1000X200FA    C,,m,0:自社,,,,,,,,,,,2026/07/28,6710,河合 直樹,,,,0,3
00081823,製品,001,2026/07/22,2026/09/17,2026/09/17,2026/07/31,0:通常,0:通常,01,105501,営業55,000571,中川 航一,049002,東ﾚ(株)滋賀事業場,,,,,,,,,049002,東レ㈱滋賀事業 電子材料生産部,東レ㈱滋賀事業 電子材料生産部, 実装材料生産課　松居佳奈,520-0824,滋賀県大津市園山1-1-1,第7工場集荷口,,077-533-8200,,511101,国分工場01本倉庫,,,01,東レ本体,0:しない,,1:する,2:様,,100,,,"79,800","7,980",0:未完,0:未完,0:通常,1:税抜,0,2:伝票合計,1:金額,0:円未満,5:四捨五入,0:切り捨て,5:四捨五入,1:発行済,0:未承認,,0:しない,1:修正,,,,,,1001,営業,,,,,,営）見№5857,,,2:自社,,1:通常,東レ電生部,,,0,,,,,0:1明細目,自社 東レT-122 ｹｰｽ,,"バーチカル,打抜き,目",140.00,4,1,1,"ﾍﾟﾌﾎﾞｰﾄﾞ材料手配お願いします。専用打抜型有
国分にて目抜き(出荷)、ﾎﾞｰﾄﾞ1枚35丁取",,51200,自社加工,1:対象外,"42,776",305.54,140.00,,,,"79,800",0,140.00,570.00,A5FA0A834107ZG2,551,ペフ,51200,自社加工,,,420300,東レ-売上,,,000001,2製品,01,社外製品,ﾍﾟﾌﾎﾞｰﾄﾞ(G2/ｸﾞﾚｰ)15100-343X107.6/6-φ12,,枚,0:自社,,,,一部,,,,,,,,TRAY,末永　忍,,,0:なし,0,0
00081823,原反,001,2026/07/22,2026/09/17,2026/09/17,2026/07/31,0:通常,0:通常,01,105501,営業55,000571,中川 航一,049002,東ﾚ(株)滋賀事業場,,,,,,,,,049002,東レ㈱滋賀事業 電子材料生産部,東レ㈱滋賀事業 電子材料生産部, 実装材料生産課　松居佳奈,520-0824,滋賀県大津市園山1-1-1,第7工場集荷口,,077-533-8200,,511101,国分工場01本倉庫,,,01,東レ本体,0:しない,,1:する,2:様,,100,,,"79,800","7,980",0:未完,0:未完,0:通常,1:税抜,0,2:伝票合計,1:金額,0:円未満,5:四捨五入,0:切り捨て,5:四捨五入,1:発行済,0:未承認,,0:しない,1:修正,,,,,,1001,営業,,,,,,営）見№5857,,,2:自社,,1:通常,東レ電生部,,,0,,,,,0:1明細目,自社 東レT-122 ｹｰｽ,,"バーチカル,打抜き,目",140.00,4,1,1,"ﾍﾟﾌﾎﾞｰﾄﾞ材料手配お願いします。専用打抜型有
国分にて目抜き(出荷)、ﾎﾞｰﾄﾞ1枚35丁取",,51200,自社加工,1:対象外,0,0.00,4.00,OD,1111,バーチカルカット,0,0,0.00,0.00,P5FA0A8A0200XG1,551,ペフ,55109,ﾍﾟﾌ　その他,,,420303,東レ-仕入-材,,,000003,4原材料,01,社外製品,PEﾗｲﾄ A-8 10tX1000X2000（ｸﾞﾚｰ）,,枚,0:自社,,,,,,,,,,,2026/09/04,JSYA,末永　忍,,,,0,0
00081827,製品,001,2026/07/22,2026/08/05,2026/08/04,2026/07/31,0:通常,0:通常,01,503201,大石工場32,000032,大石工場,049007,東ﾚ(株) ﾄﾚｼｰ事業室,,,,,,,,,100121,ＮＬＣ(株)　日名田,ＮＬＣ㈱　日名田,,340-0808,埼玉県八潮市,緑町1-3-7,,048-999-3111,,320301,大石工場01本倉庫,,,01,東レ本体,0:しない,,1:する,2:様,8I-1,100,,,"30,720",0,1:完了,0:未完,0:通常,1:税抜,0,3:請求合計,1:金額,0:円未満,5:四捨五入,0:切り捨て,5:四捨五入,1:発行済,0:未承認,,0:しない,0:新規,,,,,,0009,ヤマト運輸,,,,,,,,,2:自社,2026/08/05,1:通常,,,,0,,,,,0:1明細目,,"トレシー面を外巻き・加工後の起毛方向が順目
継目や欠点をマップに記載し、
生地とフィルムが剥がれる部分は除去する
製品の巻き始めと表層に製品ラベルを貼る",ﾌｨﾙﾑｽﾘｯﾄ,8.00,0,1,1,,,,,1:対象外,0,0.00,8.00,,,,"30,720",0,8.00,"3,840.00",F3322531,999,その他,,,,,,,,,000001,2製品,02,社外加工,IDﾗﾍﾞﾙ　NLC向け　03W-MT84-32000G9,,,0:自社,,,,済,済,2026/08/04,2026/08/04,,,,,0   ,片岡 千草,,,0:なし,0,0
00081827,原反,001,2026/07/22,2026/08/05,2026/08/04,2026/07/31,0:通常,0:通常,01,503201,大石工場32,000032,大石工場,049007,東ﾚ(株) ﾄﾚｼｰ事業室,,,,,,,,,100121,ＮＬＣ(株)　日名田,ＮＬＣ㈱　日名田,,340-0808,埼玉県八潮市,緑町1-3-7,,048-999-3111,,320301,大石工場01本倉庫,,,01,東レ本体,0:しない,,1:する,2:様,8I-1,100,,,"30,720",0,1:完了,0:未完,0:通常,1:税抜,0,3:請求合計,1:金額,0:円未満,5:四捨五入,0:切り捨て,5:四捨五入,1:発行済,0:未承認,,0:しない,0:新規,,,,,,0009,ヤマト運輸,,,,,,,,,2:自社,2026/08/05,1:通常,,,,0,,,,,0:1明細目,,"トレシー面を外巻き・加工後の起毛方向が順目
継目や欠点をマップに記載し、
生地とフィルムが剥がれる部分は除去する
製品の巻き始めと表層に製品ラベルを貼る",ﾌｨﾙﾑｽﾘｯﾄ,8.00,0,1,1,,,,,1:対象外,0,0.00,0.00,,,,0,0,0.00,0.00,F3322500,999,その他,,,,,,,,,000001,2製品,02,社外加工,C260205-7①,,,0:自社,,,,,,,,,,,2026/07/17,0   ,片岡 千草,,,,0,0
00081828,製品,001,2026/07/22,2026/08/05,2026/08/04,2026/07/31,0:通常,0:通常,01,503201,大石工場32,000032,大石工場,049007,東ﾚ(株) ﾄﾚｼｰ事業室,,,,,,,,,100121,ＮＬＣ(株)　日名田,ＮＬＣ㈱　日名田,,340-0808,埼玉県八潮市,緑町1-3-7,,048-999-3111,,320301,大石工場01本倉庫,,,01,東レ本体,0:しない,,1:する,2:様,8I-2,100,,,"30,720",0,0:未完,0:未完,0:通常,1:税抜,0,3:請求合計,1:金額,0:円未満,5:四捨五入,0:切り捨て,5:四捨五入,1:発行済,0:未承認,,0:しない,0:新規,,,,,,0009,ヤマト運輸,,,,,,,,,2:自社,2026/08/05,1:通常,,,,0,,,,,0:1明細目,,"トレシー面を外巻き・加工後の起毛方向が順目
継目や欠点をマップに記載し、
生地とフィルムが剥がれる部分は除去する
製品の巻き始めと表層に製品ラベルを貼る",ﾌｨﾙﾑｽﾘｯﾄ,8.00,0,1,1,,,,,1:対象外,0,0.00,8.00,,,,"30,720",0,8.00,"3,840.00",F3322531,999,その他,,,,,,,,,000001,2製品,02,社外加工,IDﾗﾍﾞﾙ　NLC向け　03W-MT84-32000G9,,,0:自社,,,,済,,,,,,,,0   ,片岡 千草,,,0:なし,0,0
00081828,原反,001,2026/07/22,2026/08/05,2026/08/04,2026/07/31,0:通常,0:通常,01,503201,大石工場32,000032,大石工場,049007,東ﾚ(株) ﾄﾚｼｰ事業室,,,,,,,,,100121,ＮＬＣ(株)　日名田,ＮＬＣ㈱　日名田,,340-0808,埼玉県八潮市,緑町1-3-7,,048-999-3111,,320301,大石工場01本倉庫,,,01,東レ本体,0:しない,,1:する,2:様,8I-2,100,,,"30,720",0,0:未完,0:未完,0:通常,1:税抜,0,3:請求合計,1:金額,0:円未満,5:四捨五入,0:切り捨て,5:四捨五入,1:発行済,0:未承認,,0:しない,0:新規,,,,,,0009,ヤマト運輸,,,,,,,,,2:自社,2026/08/05,1:通常,,,,0,,,,,0:1明細目,,"トレシー面を外巻き・加工後の起毛方向が順目
継目や欠点をマップに記載し、
生地とフィルムが剥がれる部分は除去する
製品の巻き始めと表層に製品ラベルを貼る",ﾌｨﾙﾑｽﾘｯﾄ,8.00,0,1,1,,,,,1:対象外,0,0.00,0.00,,,,0,0,0.00,0.00,F3322500,999,その他,,,,,,,,,000001,2製品,02,社外加工,C260205-7②,,,0:自社,,,,,,,,,,,2026/07/17,0   ,片岡 千草,,,,0,0
00081829,製品,001,2026/07/22,2026/07/31,2026/07/31,2026/07/31,0:通常,0:通常,01,505201,湖南52,000052,湖南工場,049006,東ﾚ(株) 自材部,,,,,,,,,,,,,,,,,,,520201,湖南工場01本倉庫,0015,末締,01,東レ本体,0:しない,,,,C7-27,100,,,"17,000",0,1:完了,1:完了,0:通常,1:税抜,0,3:請求合計,1:金額,0:円未満,5:四捨五入,0:切り捨て,9:切り上げ,1:発行済,0:未承認,,0:しない,1:修正,,,,,,,,,,,,,,,,1:後加工,2026/07/31,1:通常,屋根,,,0,,,,,0:1明細目,,,スリット,"1,000.00","1,000",1,1,,,50103,トーレペフ Y(工材),1:対象外,0,0.00,"1,000.00",,,,"17,000",0,"1,000.00",17.00,A2P408Y80200FG4,551,ペフ,50103,トーレペフ Y(工材),,,,,,,000001,2製品,02,社外加工,0R040-8Y0B- 800X200F-AGA1C,,M,0:自社,,,,済,済,2026/07/28,2026/07/28,2026/07/28,2026/07/28,189479W,,6713,古家 淳子,,,1:あり,0,0
00081829,原反,001,2026/07/22,2026/07/31,2026/07/31,2026/07/31,0:通常,0:通常,01,505201,湖南52,000052,湖南工場,049006,東ﾚ(株) 自材部,,,,,,,,,,,,,,,,,,,520201,湖南工場01本倉庫,0015,末締,01,東レ本体,0:しない,,,,C7-27,100,,,"17,000",0,1:完了,1:完了,0:通常,1:税抜,0,3:請求合計,1:金額,0:円未満,5:四捨五入,0:切り捨て,9:切り上げ,1:発行済,0:未承認,,0:しない,1:修正,,,,,,,,,,,,,,,,1:後加工,2026/07/31,1:通常,屋根,,,0,,,,,0:1明細目,,,スリット,"1,000.00","1,000",1,1,,,50103,トーレペフ Y(工材),1:対象外,0,0.00,"1,000.00",K ,2013,スリット機1　湖南,0,0,0.00,0.00,B2P408Y87200FG4,551,ペフ,55109,ﾍﾟﾌ　その他,,,,,,,000001,2製品,02,社外加工,0R040-8Y0B- 870X200F-AGA1Q,,M,0:自社,,,,,,,,,,,2026/07/24,6713,古家 淳子,,,,0,5
00081830,製品,001,2026/07/22,2026/08/06,2026/08/06,2026/07/31,0:通常,0:通常,01,505101,国分後加工511,000051,国分後加工,049006,東ﾚ(株) 自材部,,,,,,,,,,,,,,,,,,,511101,国分工場01本倉庫,0015,末締,01,東レ本体,0:しない,,,,T7-111,100,,,"2,200",0,1:完了,1:完了,0:通常,1:税抜,0,3:請求合計,1:金額,0:円未満,5:四捨五入,0:切り捨て,9:切り上げ,1:発行済,0:未承認,,0:しない,1:修正,,,,,,0051,国分,,,,,,,,,1:後加工,2026/08/06,1:通常,中央物産,,,0,,,,,0:1明細目,,,スライス,200.00,100,2,1,,,50103,トーレペフ Y(工材),1:対象外,0,0.00,100.00,,,,"1,100",0,100.00,11.00,A1O30BGA0100FNA,551,ペフ,50103,トーレペフ Y(工材),,,999999,対象外,,,000001,2製品,02,社外加工,30030-BG00-1000X100FA BK0C,原反10mm 3mm/7mm,m,0:自社,,,,済,済,2026/08/03,2026/08/03,2026/08/12,2026/08/12,189684P,,6713,河合 直樹,,,0:なし,0,0
00081830,製品,002,2026/07/22,2026/08/06,2026/08/06,2026/07/31,0:通常,0:通常,01,505101,国分後加工511,000051,国分後加工,049006,東ﾚ(株) 自材部,,,,,,,,,,,,,,,,,,,511101,国分工場01本倉庫,0015,末締,01,東レ本体,0:しない,,,,T7-111,100,,,"2,200",0,1:完了,1:完了,0:通常,1:税抜,0,3:請求合計,1:金額,0:円未満,5:四捨五入,0:切り捨て,9:切り上げ,1:発行済,0:未承認,,0:しない,1:修正,,,,,,0051,国分,,,,,,,,,1:後加工,2026/08/06,1:通常,中央物産,,,0,,,,,0:1明細目,,,スライス,200.00,100,2,1,,,50103,トーレペフ Y(工材),1:対象外,0,0.00,100.00,,,,"1,100",0,100.00,11.00,A1O70BGA0100FNA,551,ペフ,50103,トーレペフ Y(工材),,,999999,対象外,,,000001,2製品,02,社外加工,30070-BG00-1000X100FA BK0C,原反10mm 3mm/7mm,m,0:自社,,,,済,済,2026/08/03,2026/08/03,2026/08/12,2026/08/12,189685J,,6713,河合 直樹,,,0:なし,0,0
00081830,原反,001,2026/07/22,2026/08/06,2026/08/06,2026/07/31,0:通常,0:通常,01,505101,国分後加工511,000051,国分後加工,049006,東ﾚ(株) 自材部,,,,,,,,,,,,,,,,,,,511101,国分工場01本倉庫,0015,末締,01,東レ本体,0:しない,,,,T7-111,100,,,"2,200",0,1:完了,1:完了,0:通常,1:税抜,0,3:請求合計,1:金額,0:円未満,5:四捨五入,0:切り捨て,9:切り上げ,1:発行済,0:未承認,,0:しない,1:修正,,,,,,0051,国分,,,,,,,,,1:後加工,2026/08/06,1:通常,中央物産,,,0,,,,,0:1明細目,,,スライス,200.00,100,2,1,,,50103,トーレペフ Y(工材),1:対象外,0,0.00,100.00,SG,1022,スライス機3,0,0,0.00,0.00,B1OA0AGA0100FN1,551,ペフ,55109,ﾍﾟﾌ　その他,,,,,,,000001,2製品,02,社外加工,30100-AG00-1000X100FA BK0C,,m,0:自社,,,,,,,,,,,2026/08/03,6710,河合 直樹,,,,0,1
00081831,製品,001,2026/07/22,2026/07/31,2026/07/31,2026/07/31,0:通常,0:通常,01,505101,国分後加工511,000051,国分後加工,049006,東ﾚ(株) 自材部,,,,,,,,,,,,,,,,,,,511101,国分工場01本倉庫,,,01,東レ本体,0:しない,,,,T7-112,100,,,"18,000",0,1:完了,1:完了,0:通常,1:税抜,0,3:請求合計,1:金額,0:円未満,5:四捨五入,0:切り捨て,9:切り上げ,1:発行済,0:未承認,,0:しない,1:修正,,,,,,0051,国分,,,,,,,,,1:後加工,2026/07/31,1:通常,中央物産,,,0,,,,,0:1明細目,,接続方法：両面ﾍﾞｰｼﾞｭﾊﾝﾃﾞｨｶｯﾄﾃｰﾌﾟ(幅:50mm),EC,"1,000.00","1,000",1,1,,,50103,トーレペフ Y(工材),1:対象外,0,0.00,"1,000.00",,,,"18,000",0,"1,000.00",18.00,A1O40JGA3200FB4,551,ペフ,50103,トーレペフ Y(工材),,,999999,対象外,,,000001,2製品,02,社外加工,30040-JG00-1030x200FABK0Q,,m,0:自社,,,,済,済,2026/07/29,2026/07/29,2026/07/30,2026/07/30,189686A,,6713,河合 直樹,02,Ｑ面,0:なし,0,0
00081831,原反,001,2026/07/22,2026/07/31,2026/07/31,2026/07/31,0:通常,0:通常,01,505101,国分後加工511,000051,国分後加工,049006,東ﾚ(株) 自材部,,,,,,,,,,,,,,,,,,,511101,国分工場01本倉庫,,,01,東レ本体,0:しない,,,,T7-112,100,,,"18,000",0,1:完了,1:完了,0:通常,1:税抜,0,3:請求合計,1:金額,0:円未満,5:四捨五入,0:切り捨て,9:切り上げ,1:発行済,0:未承認,,0:しない,1:修正,,,,,,0051,国分,,,,,,,,,1:後加工,2026/07/31,1:通常,中央物産,,,0,,,,,0:1明細目,,接続方法：両面ﾍﾞｰｼﾞｭﾊﾝﾃﾞｨｶｯﾄﾃｰﾌﾟ(幅:50mm),EC,"1,000.00","1,000",1,1,,,50103,トーレペフ Y(工材),1:対象外,0,0.00,"1,000.00",SG,1021,EC,0,0,0.00,0.00,B1O40AGA3200FB4,551,ペフ,55109,ﾍﾟﾌ　その他,,,,,,,000001,2製品,02,社外加工,30040-AG00-1030x200FABK0C,,m,0:自社,,,,,,,,,,,2026/07/28,6710,河合 直樹,,,,0,5
00081832,製品,001,2026/07/22,2026/07/31,2026/07/31,2026/07/31,0:通常,0:通常,01,505101,国分後加工511,000051,国分後加工,049006,東ﾚ(株) 自材部,,,,,,,,,,,,,,,,,,,511101,国分工場01本倉庫,0015,末締,01,東レ本体,0:しない,,,,T7-113,100,,,"4,400",0,1:完了,1:完了,0:通常,1:税抜,0,3:請求合計,1:金額,0:円未満,5:四捨五入,0:切り捨て,9:切り上げ,1:発行済,0:未承認,,0:しない,1:修正,,,,,,0051,国分,,,,,,,,,1:後加工,2026/07/31,1:通常,中央物産,,,0,,,,,0:1明細目,一般 151-200m 接続4個以内 間隔10m以上,,スライス,400.00,200,1,1,,,50103,トーレペフ Y(工材),1:対象外,0,0.00,400.00,,,,"4,400",0,400.00,11.00,A1O25BSA0200FN1,551,ペフ,50103,トーレペフ Y(工材),,,999999,対象外,,,000001,2製品,02,社外加工,30025-BS60-1000X200FA    C,一般 151-200m,m,0:自社,,,,済,済,2026/07/27,2026/07/27,2026/07/30,2026/07/30,189395S,,6783,河合 直樹,,,0:なし,0,0
00081832,原反,001,2026/07/22,2026/07/31,2026/07/31,2026/07/31,0:通常,0:通常,01,505101,国分後加工511,000051,国分後加工,049006,東ﾚ(株) 自材部,,,,,,,,,,,,,,,,,,,511101,国分工場01本倉庫,0015,末締,01,東レ本体,0:しない,,,,T7-113,100,,,"4,400",0,1:完了,1:完了,0:通常,1:税抜,0,3:請求合計,1:金額,0:円未満,5:四捨五入,0:切り捨て,9:切り上げ,1:発行済,0:未承認,,0:しない,1:修正,,,,,,0051,国分,,,,,,,,,1:後加工,2026/07/31,1:通常,中央物産,,,0,,,,,0:1明細目,一般 151-200m 接続4個以内 間隔10m以上,,スライス,400.00,200,1,1,,,50103,トーレペフ Y(工材),1:対象外,0,0.00,200.00,SG,1011,スライス機1,0,0,0.00,0.00,B1O50ASA0200FN1,551,ペフ,50105,トーレペフ V(TPI),,,,,,,000001,2製品,02,社外加工,30050-AS60-1000X200F-A   C,,m,0:自社,,,,,,,,,,,2026/07/24,6780,河合 直樹,,,,0,1
00081833,製品,001,2026/07/22,2026/08/19,2026/08/19,2026/07/31,0:通常,0:通常,01,505101,国分後加工511,000051,国分後加工,049006,東ﾚ(株) 自材部,,,,,,,,,,,,,,,,,,,511101,国分工場01本倉庫,0015,末締,01,東レ本体,0:しない,,,,Y8-1,100,,,"180,400",0,1:完了,0:未完,0:通常,1:税抜,0,3:請求合計,1:金額,0:円未満,5:四捨五入,0:切り捨て,9:切り上げ,1:発行済,0:未承認,,0:しない,1:修正,,,,,,0051,国分,,,,,,,,,1:後加工,2026/08/19,1:通常,阿部加工,,,0,,,,,0:1明細目,,,スライス,"16,400.00","8,200",1,1,,,50103,トーレペフ Y(工材),1:対象外,0,0.00,"16,400.00",,,,"180,400",0,"16,400.00",11.00,A1O33BY64200FG3,551,ペフ,50103,トーレペフ Y(工材),,,999999,対象外,,,000001,2製品,02,社外加工,30033-BY00-640x200FAGA0C,,m,0:自社,,,,済,済,2026/08/17,2026/08/18,,,189390W,,6713,河合 直樹,,,0:なし,0,0
00081833,原反,001,2026/07/22,2026/08/19,2026/08/19,2026/07/31,0:通常,0:通常,01,505101,国分後加工511,000051,国分後加工,049006,東ﾚ(株) 自材部,,,,,,,,,,,,,,,,,,,511101,国分工場01本倉庫,0015,末締,01,東レ本体,0:しない,,,,Y8-1,100,,,"180,400",0,1:完了,0:未完,0:通常,1:税抜,0,3:請求合計,1:金額,0:円未満,5:四捨五入,0:切り捨て,9:切り上げ,1:発行済,0:未承認,,0:しない,1:修正,,,,,,0051,国分,,,,,,,,,1:後加工,2026/08/19,1:通常,阿部加工,,,0,,,,,0:1明細目,,,スライス,"16,400.00","8,200",1,1,,,50103,トーレペフ Y(工材),1:対象外,0,0.00,"8,200.00",SG,1011,スライス機1,0,0,0.00,0.00,B1O66AY64200FG3,551,ペフ,55109,ﾍﾟﾌ　その他,,,,,,,000001,2製品,02,社外加工,30066-AY00-640x200FAGA0C,,m,0:自社,,,,,,,,,,,2026/08/10,6710,河合 直樹,,,,0,41
00081836,製品,001,2026/07/22,2026/08/21,2026/08/21,2026/07/31,0:通常,0:通常,01,505101,国分後加工511,000051,国分後加工,049006,東ﾚ(株) 自材部,,,,,,,,,,,,,,,,,,,511101,国分工場01本倉庫,0015,末締,01,東レ本体,0:しない,,,,Y8-2,100,,,"198,000",0,0:未完,0:未完,0:通常,1:税抜,0,3:請求合計,1:金額,0:円未満,5:四捨五入,0:切り捨て,9:切り上げ,1:発行済,0:未承認,,0:しない,1:修正,,,,,,0051,国分,,,,,,,,,1:後加工,2026/08/21,1:通常,菅原電気,,,0,,,,,0:1明細目,３インチ紙管に巻取り,,スライス,"18,000.00","9,000",1,1,3インチ紙管,,50103,トーレペフ Y(工材),1:対象外,0,0.00,"18,000.00",,,,"198,000",0,"18,000.00",11.00,A1O20BG78300FB1,551,ペフ,50103,トーレペフ Y(工材),,,999999,対象外,,,000001,2製品,02,社外加工,30020-BG00- 780X300FA    V,,m,0:自社,,,,済,一部,2026/08/18,2026/08/18,,,189391R,,6713,河合 直樹,,,0:なし,0,0
00081836,原反,001,2026/07/22,2026/08/21,2026/08/21,2026/07/31,0:通常,0:通常,01,505101,国分後加工511,000051,国分後加工,049006,東ﾚ(株) 自材部,,,,,,,,,,,,,,,,,,,511101,国分工場01本倉庫,0015,末締,01,東レ本体,0:しない,,,,Y8-2,100,,,"198,000",0,0:未完,0:未完,0:通常,1:税抜,0,3:請求合計,1:金額,0:円未満,5:四捨五入,0:切り捨て,9:切り上げ,1:発行済,0:未承認,,0:しない,1:修正,,,,,,0051,国分,,,,,,,,,1:後加工,2026/08/21,1:通常,菅原電気,,,0,,,,,0:1明細目,３インチ紙管に巻取り,,スライス,"18,000.00","9,000",1,1,3インチ紙管,,50103,トーレペフ Y(工材),1:対象外,0,0.00,"9,000.00",SG,1011,スライス機1,0,0,0.00,0.00,B1O40AG78300FB1,551,ペフ,50103,トーレペフ Y(工材),,,,,,,000001,2製品,02,社外加工,30040-AG00- 780X300F-A   C,,m,0:自社,,,,,,,,,,,2026/08/11,6710,河合 直樹,,,,0,30
00081837,製品,001,2026/07/22,2026/08/24,2026/08/24,2026/07/31,0:通常,0:通常,01,505101,国分後加工511,000051,国分後加工,049006,東ﾚ(株) 自材部,,,,,,,,,,,,,,,,,,,511101,国分工場01本倉庫,0015,末締,01,東レ本体,0:しない,,,,Y8-3,100,,,"198,000",0,0:未完,0:未完,0:通常,1:税抜,0,3:請求合計,1:金額,0:円未満,5:四捨五入,0:切り捨て,9:切り上げ,1:発行済,0:未承認,,0:しない,1:修正,,,,,,0051,国分,,,,,,,,,1:後加工,2026/08/24,1:通常,菅原電気,,,0,,,,,0:1明細目,３インチ紙管に巻取り,,スライス,"18,000.00","9,000",1,1,3インチ紙管,,50103,トーレペフ Y(工材),1:対象外,0,0.00,"18,000.00",,,,"198,000",0,"18,000.00",11.00,A1O20BG78300FB1,551,ペフ,50103,トーレペフ Y(工材),,,999999,対象外,,,000001,2製品,02,社外加工,30020-BG00- 780X300FA    V,,m,0:自社,,,,済,,,,,,189392L,,6713,河合 直樹,,,0:なし,0,0
00081837,原反,001,2026/07/22,2026/08/24,2026/08/24,2026/07/31,0:通常,0:通常,01,505101,国分後加工511,000051,国分後加工,049006,東ﾚ(株) 自材部,,,,,,,,,,,,,,,,,,,511101,国分工場01本倉庫,0015,末締,01,東レ本体,0:しない,,,,Y8-3,100,,,"198,000",0,0:未完,0:未完,0:通常,1:税抜,0,3:請求合計,1:金額,0:円未満,5:四捨五入,0:切り捨て,9:切り上げ,1:発行済,0:未承認,,0:しない,1:修正,,,,,,0051,国分,,,,,,,,,1:後加工,2026/08/24,1:通常,菅原電気,,,0,,,,,0:1明細目,３インチ紙管に巻取り,,スライス,"18,000.00","9,000",1,1,3インチ紙管,,50103,トーレペフ Y(工材),1:対象外,0,0.00,"9,000.00",SG,1011,スライス機1,0,0,0.00,0.00,B1O40AG78300FB1,551,ペフ,50103,トーレペフ Y(工材),,,,,,,000001,2製品,02,社外加工,30040-AG00- 780X300F-A   C,,m,0:自社,,,,,,,,,,,2026/08/18,6710,河合 直樹,,,,0,30
00081838,製品,001,2026/07/22,2026/08/24,2026/08/24,2026/07/31,0:通常,0:通常,01,505101,国分後加工511,000051,国分後加工,049006,東ﾚ(株) 自材部,,,,,,,,,,,,,,,,,,,511101,国分工場01本倉庫,,,01,東レ本体,0:しない,,,,Y8-4,100,,,"198,000",0,0:未完,0:未完,0:通常,1:税抜,0,3:請求合計,1:金額,0:円未満,5:四捨五入,0:切り捨て,9:切り上げ,1:発行済,0:未承認,,0:しない,1:修正,,,,,,0051,国分,,,,,,,,,1:後加工,2026/08/24,1:通常,大伸工業,,,0,,,,,0:1明細目,,,スライス,"18,000.00","9,000",1,1,,,50103,トーレペフ Y(工材),1:対象外,0,0.00,"18,000.00",,,,"198,000",0,"18,000.00",11.00,A1O22BGA0200FW3,551,ペフ,50101,トーレペフ W(自材),,,999999,対象外,,,000001,2製品,02,社外加工,30022-BG00-1000X200F-AWH1C,,m,0:自社,,,,済,,,,,,189393G,,6713,河合 直樹,,,0:なし,0,0
00081838,原反,001,2026/07/22,2026/08/24,2026/08/24,2026/07/31,0:通常,0:通常,01,505101,国分後加工511,000051,国分後加工,049006,東ﾚ(株) 自材部,,,,,,,,,,,,,,,,,,,511101,国分工場01本倉庫,,,01,東レ本体,0:しない,,,,Y8-4,100,,,"198,000",0,0:未完,0:未完,0:通常,1:税抜,0,3:請求合計,1:金額,0:円未満,5:四捨五入,0:切り捨て,9:切り上げ,1:発行済,0:未承認,,0:しない,1:修正,,,,,,0051,国分,,,,,,,,,1:後加工,2026/08/24,1:通常,大伸工業,,,0,,,,,0:1明細目,,,スライス,"18,000.00","9,000",1,1,,,50103,トーレペフ Y(工材),1:対象外,0,0.00,"9,000.00",SG,1022,スライス機3,0,0,0.00,0.00,B1O40AGA0200FBD,551,ペフ,55109,ﾍﾟﾌ　その他,,,,,,,000001,2製品,02,社外加工,30044-AG00-1000X200FAWH1C,,m,0:自社,,,,,,,,,,,2026/08/19,6710,河合 直樹,,,,0,45
00081839,製品,001,2026/07/22,2026/07/30,2026/07/30,2026/07/31,0:通常,0:通常,01,505101,国分後加工511,000051,国分後加工,049006,東ﾚ(株) 自材部,,,,,,,,,,,,,,,,,,,511101,国分工場01本倉庫,,,01,東レ本体,0:しない,,,,Y8-6,100,,,"17,600",0,1:完了,1:完了,0:通常,1:税抜,0,3:請求合計,1:金額,0:円未満,5:四捨五入,0:切り捨て,9:切り上げ,1:発行済,0:未承認,,0:しない,1:修正,,,,,,0051,国分,,,,,,,,,1:後加工,2026/07/30,1:通常,芙蓉,,,0,,,,,0:1明細目,,,スライス,"1,600.00",800,1,1,,,50103,トーレペフ Y(工材),1:対象外,0,0.00,"1,600.00",,,,"17,600",0,"1,600.00",11.00,A1O20BGA3200FB4,551,ペフ,50103,トーレペフ Y(工材),,,999999,対象外,,,000001,2製品,02,社外加工,30020-BG00-1030x200FABK0C,,m,0:自社,,,,済,済,2026/07/25,2026/07/25,2026/07/30,2026/07/30,189394Y,,6713,河合 直樹,,,0:なし,0,0
00081839,原反,001,2026/07/22,2026/07/30,2026/07/30,2026/07/31,0:通常,0:通常,01,505101,国分後加工511,000051,国分後加工,049006,東ﾚ(株) 自材部,,,,,,,,,,,,,,,,,,,511101,国分工場01本倉庫,,,01,東レ本体,0:しない,,,,Y8-6,100,,,"17,600",0,1:完了,1:完了,0:通常,1:税抜,0,3:請求合計,1:金額,0:円未満,5:四捨五入,0:切り捨て,9:切り上げ,1:発行済,0:未承認,,0:しない,1:修正,,,,,,0051,国分,,,,,,,,,1:後加工,2026/07/30,1:通常,芙蓉,,,0,,,,,0:1明細目,,,スライス,"1,600.00",800,1,1,,,50103,トーレペフ Y(工材),1:対象外,0,0.00,800.00,SG,1011,スライス機1,0,0,0.00,0.00,B1O40AGA3200FB4,551,ペフ,55109,ﾍﾟﾌ　その他,,,,,,,000001,2製品,02,社外加工,30040-AG00-1030x200FABK0C,,m,0:自社,,,,,,,,,,,2026/07/24,6710,河合 直樹,,,,0,4
00081840,製品,001,2026/07/22,2026/08/06,2026/08/06,2026/07/31,0:通常,0:通常,01,505101,国分後加工511,000051,国分後加工,049006,東ﾚ(株) 自材部,,,,,,,,,,,,,,,,,,,511101,国分工場01本倉庫,,,01,東レ本体,0:しない,,,,Y8-7,100,,,"21,000",0,1:完了,1:完了,0:通常,1:税抜,0,3:請求合計,1:金額,0:円未満,5:四捨五入,0:切り捨て,9:切り上げ,1:発行済,0:未承認,,0:しない,1:修正,,,,,,0051,国分,,,,,,,,,1:後加工,2026/08/06,1:通常,芙容,,,0,,,,,0:1明細目,,"夏季温度（上下310℃）
冬季温度（上下320℃）
加工速度（8～9m/min）","融着,分割",200.00,400,1,1,,,50103,トーレペフ Y(工材),1:対象外,0,0.00,200.00,,,,"21,000",0,200.00,105.00,A1OCBDG97050FB4,551,ペフ,50103,トーレペフ Y(工材),,,999999,対象外,,,000001,2製品,02,社外加工,30120-DG00-970x50FABK0,,m,0:自社,,,,済,一部,2026/08/04,2026/08/04,2026/08/12,2026/08/12,189398Z,,6713,河合 直樹,,,1:あり,2,0
00081840,原反,001,2026/07/22,2026/08/06,2026/08/06,2026/07/31,0:通常,0:通常,01,505101,国分後加工511,000051,国分後加工,049006,東ﾚ(株) 自材部,,,,,,,,,,,,,,,,,,,511101,国分工場01本倉庫,,,01,東レ本体,0:しない,,,,Y8-7,100,,,"21,000",0,1:完了,1:完了,0:通常,1:税抜,0,3:請求合計,1:金額,0:円未満,5:四捨五入,0:切り捨て,9:切り上げ,1:発行済,0:未承認,,0:しない,1:修正,,,,,,0051,国分,,,,,,,,,1:後加工,2026/08/06,1:通常,芙容,,,0,,,,,0:1明細目,,"夏季温度（上下310℃）
冬季温度（上下320℃）
加工速度（8～9m/min）","融着,分割",200.00,400,1,1,,,50103,トーレペフ Y(工材),1:対象外,0,0.00,400.00,SG,1121,融着機,0,0,0.00,0.00,B1O60AGA0100FBD,551,ペフ,55109,ﾍﾟﾌ　その他,,,,,,,000001,2製品,02,社外加工,30060-AG00-1000X200FA BK0C,,m,0:自社,,,,,,,,,,,2026/08/03,6710,河合 直樹,,,,0,2
00081841,製品,001,2026/07/22,2026/08/06,2026/08/06,2026/07/31,0:通常,0:通常,01,505101,国分後加工511,000051,国分後加工,049006,東ﾚ(株) 自材部,,,,,,,,,,,,,,,,,,,511101,国分工場01本倉庫,0015,末締,01,東レ本体,0:しない,,,,Y8-8,100,,,"18,000",0,1:完了,1:完了,0:通常,1:税抜,0,3:請求合計,1:金額,0:円未満,5:四捨五入,0:切り捨て,9:切り上げ,1:発行済,0:未承認,,0:しない,1:修正,,,,,,0051,国分,,,,,,,,,1:後加工,2026/08/06,1:通常,共同技研,,,0,,,,,0:1明細目,3インチ紙管,巻取り紙管：3x3x1110　巻だし：Ｈ面上出し　ぬれ検査頻度：1回/5本,EC,"1,000.00","1,000",1,1,3インチ紙管,,50103,トーレペフ Y(工材),1:対象外,0,0.00,"1,000.00",,,,"18,000",0,"1,000.00",18.00,A1I15N6B0200FWC,551,ペフ,50103,トーレペフ Y(工材),,,999999,対象外,,,000001,2製品,02,社外加工,18015-N600-1100x200FAWH1V,,m,0:自社,,,,済,済,2026/08/06,2026/08/06,2026/08/12,2026/08/12,189399T,,6713,河合 直樹,01,両面,0:なし,0,0
00081841,原反,001,2026/07/22,2026/08/06,2026/08/06,2026/07/31,0:通常,0:通常,01,505101,国分後加工511,000051,国分後加工,049006,東ﾚ(株) 自材部,,,,,,,,,,,,,,,,,,,511101,国分工場01本倉庫,0015,末締,01,東レ本体,0:しない,,,,Y8-8,100,,,"18,000",0,1:完了,1:完了,0:通常,1:税抜,0,3:請求合計,1:金額,0:円未満,5:四捨五入,0:切り捨て,9:切り上げ,1:発行済,0:未承認,,0:しない,1:修正,,,,,,0051,国分,,,,,,,,,1:後加工,2026/08/06,1:通常,共同技研,,,0,,,,,0:1明細目,3インチ紙管,巻取り紙管：3x3x1110　巻だし：Ｈ面上出し　ぬれ検査頻度：1回/5本,EC,"1,000.00","1,000",1,1,3インチ紙管,,50103,トーレペフ Y(工材),1:対象外,0,0.00,"1,000.00",SG,1013,LAC/EC機,0,0,0.00,0.00,B1I15A6B0200FW3,551,ペフ,55109,ﾍﾟﾌ　その他,,,,,,,000001,2製品,02,社外加工,18015-A600-1100X200FA WH1C,,m,0:自社,,,,,,,,,,,2026/08/04,6710,河合 直樹,,,,0,5
00081848,製品,001,2026/07/22,2026/08/05,2026/08/04,2026/07/31,0:通常,0:通常,01,104101,営業41,000571,中川 航一,049001,東ﾚ(株)岡崎工場,東レ株式会社 岡崎工場,医療器材生産部中空糸生産課,444-8522,愛知県岡崎市矢作町出口1番地,,,0564-34-2430,0564-34-2286,096001,東レ(株)岡崎工場,東レ株式会社 岡崎工場,医療器材生産部中空糸生産課,444-8522,愛知県岡崎市矢作町出口1番地,,,0564-34-2430,0564-34-2286,320301,大石工場01本倉庫,0015,末締,03,その他,1:する,2:様,1:する,2:様,,100,岡崎工場 江中様,,"50,500","5,050",1:完了,1:完了,0:通常,1:税抜,0,2:伝票合計,1:金額,0:円未満,5:四捨五入,0:切り捨て,5:四捨五入,1:発行済,0:未承認,,0:しない,1:修正,,,,,,0009,ヤマト運輸,,,原反:納入済み　※作業前、装置清掃お願いします。,"原反巾:700mm→100mm*4R,110mm*1R,120mm*1R採取(両耳ﾄﾘﾐﾝｸﾞ破棄)/巻面変更無し","100mm:17R(前回加工分1R)、110mm,120mm:全数の発送お願いしま",送り先：医療器材生産部中空糸生産課 ﾄﾚｽﾙﾎﾝ製糸掛(ST.035) 江中様宛/納:FAX・郵送,,,2:自社,,1:通常,,,,0,,,,,0:1明細目,,,ﾌｨﾙﾑｽﾘｯﾄ,2.00,0,1,1,"振替@6000X2.5h+紙管→2SET
100mmX1330m:5Rで1ｹｰｽ梱包",,41102,ﾌｨﾙﾑ　工業,1:対象外,"37,950","18,975.00",2.00,,,,"50,500",0,2.00,"25,250.00",F49900002,411,フィルム,41102,ﾌｨﾙﾑ　工業,,,,,,,000001,2製品,01,社外製品,ｱｸｽﾀｰ(M1020-6T)20g/㎡ 700mmX2660m,"→(100mm*8R,110mm*2R,120mm*2R)X1330m",ST,0:自社,,,,済,済,2026/08/04,2026/08/04,2026/08/05,2026/08/05,,,1   ,中川 航一,,,0:なし,0,0
00081848,原反,001,2026/07/22,2026/08/05,2026/08/04,2026/07/31,0:通常,0:通常,01,104101,営業41,000571,中川 航一,049001,東ﾚ(株)岡崎工場,東レ株式会社 岡崎工場,医療器材生産部中空糸生産課,444-8522,愛知県岡崎市矢作町出口1番地,,,0564-34-2430,0564-34-2286,096001,東レ(株)岡崎工場,東レ株式会社 岡崎工場,医療器材生産部中空糸生産課,444-8522,愛知県岡崎市矢作町出口1番地,,,0564-34-2430,0564-34-2286,320301,大石工場01本倉庫,0015,末締,03,その他,1:する,2:様,1:する,2:様,,100,岡崎工場 江中様,,"50,500","5,050",1:完了,1:完了,0:通常,1:税抜,0,2:伝票合計,1:金額,0:円未満,5:四捨五入,0:切り捨て,5:四捨五入,1:発行済,0:未承認,,0:しない,1:修正,,,,,,0009,ヤマト運輸,,,原反:納入済み　※作業前、装置清掃お願いします。,"原反巾:700mm→100mm*4R,110mm*1R,120mm*1R採取(両耳ﾄﾘﾐﾝｸﾞ破棄)/巻面変更無し","100mm:17R(前回加工分1R)、110mm,120mm:全数の発送お願いしま",送り先：医療器材生産部中空糸生産課 ﾄﾚｽﾙﾎﾝ製糸掛(ST.035) 江中様宛/納:FAX・郵送,,,2:自社,,1:通常,,,,0,,,,,0:1明細目,,,ﾌｨﾙﾑｽﾘｯﾄ,2.00,0,1,1,"振替@6000X2.5h+紙管→2SET
100mmX1330m:5Rで1ｹｰｽ梱包",,41102,ﾌｨﾙﾑ　工業,1:対象外,0,0.00,0.00,,,,0,0,0.00,0.00,F49900002,411,フィルム,41102,ﾌｨﾙﾑ　工業,,,,,,,000001,2製品,01,社外製品,ｱｸｽﾀｰ(M1020-6T)20g/㎡ 700mmX2660m,,,0:自社,,,,,,,,,,,,1   ,中川 航一,,,,0,0
00081849,製品,001,2026/07/22,2026/08/04,2026/08/03,2026/07/31,0:通常,0:通常,01,105501,営業55,000543,宇野 浩紀,064012,(株)富士商会 東京★※,,,,,,,,,100148,平田化成(株),平田化成株式会社,,111-0056,東京都台東区小島2-10-12,,,03-3851-8660,,511101,国分工場01本倉庫,,,03,その他,0:しない,,1:する,1:御中,,100,,,"54,800",0,1:完了,1:完了,0:通常,1:税抜,0,3:請求合計,1:金額,0:円未満,5:四捨五入,0:切り捨て,0:切り捨て,1:発行済,0:未承認,,0:しない,1:修正,,,,,,0012,中央倉庫(EDI)土曜無,,,再）納期前倒しお願いします　　8/4出8/6着➡7/31出8/3着,,,"中倉(4本\5,805円)　河合(4本\6,400円)",,,2:自社,2026/07/31,1:通常,平田化成,,,0,,,,,0:1明細目,自社,,スライス,400.00,100,2,1,,,51200,自社加工,1:対象外,"19,314",96.57,200.00,,,,"27,400",0,200.00,137.00,A5O15BGA0100FN1,551,ペフ,51200,自社加工,,,430500,加工-売上,,,000001,2製品,02,社外加工,ﾄｰﾚﾍﾟﾌ 30015-BG00-1000X100F-A C,,m,0:自社,,,平田化成㈱,済,済,2026/07/31,2026/07/31,2026/07/31,2026/07/31,,,KAKO,菱田 昌美,,,0:なし,0,0
00081849,製品,002,2026/07/22,2026/08/04,2026/08/03,2026/07/31,0:通常,0:通常,01,105501,営業55,000543,宇野 浩紀,064012,(株)富士商会 東京★※,,,,,,,,,100148,平田化成(株),平田化成株式会社,,111-0056,東京都台東区小島2-10-12,,,03-3851-8660,,511101,国分工場01本倉庫,,,03,その他,0:しない,,1:する,1:御中,,100,,,"54,800",0,1:完了,1:完了,0:通常,1:税抜,0,3:請求合計,1:金額,0:円未満,5:四捨五入,0:切り捨て,0:切り捨て,1:発行済,0:未承認,,0:しない,1:修正,,,,,,0012,中央倉庫(EDI)土曜無,,,再）納期前倒しお願いします　　8/4出8/6着➡7/31出8/3着,,,"中倉(4本\5,805円)　河合(4本\6,400円)",,,2:自社,2026/07/31,1:通常,平田化成,,,0,,,,,0:1明細目,自社,,スライス,400.00,100,2,1,,,51200,自社加工,1:対象外,"19,312",96.56,200.00,,,,"27,400",0,200.00,137.00,A5O15CGA0100FN1,551,ペフ,51200,自社加工,,,430500,加工-売上,,,000001,2製品,02,社外加工,ﾄｰﾚﾍﾟﾌ 30015-CG00-1000X100F-A C,,m,0:自社,,,平田化成㈱,済,済,2026/07/31,2026/07/31,2026/07/31,2026/07/31,,,KAKO,菱田 昌美,,,0:なし,0,0
00081849,原反,001,2026/07/22,2026/08/04,2026/08/03,2026/07/31,0:通常,0:通常,01,105501,営業55,000543,宇野 浩紀,064012,(株)富士商会 東京★※,,,,,,,,,100148,平田化成(株),平田化成株式会社,,111-0056,東京都台東区小島2-10-12,,,03-3851-8660,,511101,国分工場01本倉庫,,,03,その他,0:しない,,1:する,1:御中,,100,,,"54,800",0,1:完了,1:完了,0:通常,1:税抜,0,3:請求合計,1:金額,0:円未満,5:四捨五入,0:切り捨て,0:切り捨て,1:発行済,0:未承認,,0:しない,1:修正,,,,,,0012,中央倉庫(EDI)土曜無,,,再）納期前倒しお願いします　　8/4出8/6着➡7/31出8/3着,,,"中倉(4本\5,805円)　河合(4本\6,400円)",,,2:自社,2026/07/31,1:通常,平田化成,,,0,,,,,0:1明細目,自社,,スライス,400.00,100,2,1,,,51200,自社加工,1:対象外,0,0.00,100.00,EI,1011,スライス機1,0,0,0.00,0.00,P5O60AGA0100FN1,551,ペフ,55109,ﾍﾟﾌ　その他,,,430503,加工-仕入-材,,,000001,2製品,01,社外製品,30060-AG00-1000X100F-A C,,m,0:自社,,,,,,,,,,,2026/07/29,JSYA,菱田 昌美,,,,0,1
00081944,製品,001,2026/07/22,2026/08/20,2026/08/19,2026/07/31,0:通常,0:通常,01,105501,営業55,000591,毛利 麻椰,028019,(株)甲南※,,,,,,,,,096001,アトラック株式会社,アトラック株式会社,,574-0056,大阪府大東市,新田中町1-5,,072-870-3768,,511101,国分工場01本倉庫,,,03,その他,0:しない,,1:する,2:様,,100,,,0,0,1:完了,0:未完,0:通常,1:税抜,0,3:請求合計,1:金額,0:円未満,5:四捨五入,0:切り捨て,5:四捨五入,1:発行済,0:未承認,,0:しない,1:修正,,,,,,0002,河合運輸倉庫,,,ﾌｫｰﾑｴｰｽの有償試作です。(松永課長ご相談済み),試作立ち会い希望です。(新庄次長、毛利) 8/7(金)予定 時間帯ご連絡ください。,荷姿:ﾌｨﾙﾑ梱包/3inch紙管/指定ﾗﾍﾞﾙなし(手書き),原反・製品の厚み測定、報告を希望します。(ｽﾀｰﾄ/ｴﾝﾄﾞ),フィルム梱包,,2:自社,2026/08/20,1:通常,,,,0,,,,,0:1明細目,自社　スライス,,スライス,200.00,100,1,1,,,51200,自社加工,1:対象外,0,0.00,200.00,,,,0,0,200.00,0.00,A5O201A0100GB,551,ペフ,51200,自社加工,,,430500,加工-売上,,,000001,2製品,02,社外加工,NB-3000 黒-30020-1000X100（黒）片ｽﾗｲｽ,※両スライスの中心材＝1巻は廃棄,m,0:自社,,,,済,済,2026/08/19,2026/08/19,,,,,ATKA,毛利 麻椰,,,0:なし,0,0
00081944,原反,001,2026/07/22,2026/08/20,2026/08/19,2026/07/31,0:通常,0:通常,01,105501,営業55,000591,毛利 麻椰,028019,(株)甲南※,,,,,,,,,096001,アトラック株式会社,アトラック株式会社,,574-0056,大阪府大東市,新田中町1-5,,072-870-3768,,511101,国分工場01本倉庫,,,03,その他,0:しない,,1:する,2:様,,100,,,0,0,1:完了,0:未完,0:通常,1:税抜,0,3:請求合計,1:金額,0:円未満,5:四捨五入,0:切り捨て,5:四捨五入,1:発行済,0:未承認,,0:しない,1:修正,,,,,,0002,河合運輸倉庫,,,ﾌｫｰﾑｴｰｽの有償試作です。(松永課長ご相談済み),試作立ち会い希望です。(新庄次長、毛利) 8/7(金)予定 時間帯ご連絡ください。,荷姿:ﾌｨﾙﾑ梱包/3inch紙管/指定ﾗﾍﾞﾙなし(手書き),原反・製品の厚み測定、報告を希望します。(ｽﾀｰﾄ/ｴﾝﾄﾞ),フィルム梱包,,2:自社,2026/08/20,1:通常,,,,0,,,,,0:1明細目,自社　スライス,,スライス,200.00,100,1,1,,,51200,自社加工,1:対象外,0,0.00,100.00,,,,0,0,0.00,0.00,P5O601A0100GB,551,ペフ,55109,ﾍﾟﾌ　その他,,,430503,加工-仕入-材,,,000001,2製品,01,社外製品,NB-3000 黒-30060-1000X100（黒）,お客様支給原反,m,0:自社,,,,,,,,,,,2026/08/06,ATKA,毛利 麻椰,,,,0,1
00081856,製品,001,2026/07/23,2026/07/29,2026/07/29,2026/07/31,0:通常,0:通常,01,505101,国分後加工511,000051,国分後加工,049006,東ﾚ(株) 自材部,,,,,,,,,,,,,,,,,,,511101,国分工場01本倉庫,0015,末締,01,東レ本体,0:しない,,,,W7-47,100,,,"14,000",0,1:完了,1:完了,0:通常,1:税抜,0,3:請求合計,1:金額,0:円未満,5:四捨五入,0:切り捨て,9:切り上げ,1:発行済,0:未承認,,0:しない,1:修正,,,,,,0051,国分,,,,,,,,,1:後加工,2026/07/29,1:通常,共レ新城,,,0,,,,,0:1明細目,"欠点個数確認　共レ301-400m長は欠点９個以下：接続４個以内(含む)
Ｈ区分：Ｈ面端部赤テープ　Ｑ面中央部Ｑ面黒テープ
接続：両面緑テープ","欠点個数確認チェックをすること（赤丸）
接続点を含む","スリット,EC",400.00,400,1,1,"
欠点個数確認チェック
ラベル◎",,50101,トーレペフ W(自材),1:対象外,0,0.00,400.00,,,,"14,000",0,400.00,35.00,A1A10NPC8400FNA,551,ペフ,50101,トーレペフ W(自材),,,999999,対象外,,,000001,2製品,02,社外加工,10010-NP67-1280X400F-A   P,共レ：301-400m：Ｈ区分,m,0:自社,,,,済,済,2026/07/28,2026/07/28,2026/07/30,2026/07/30,189490J,,6783,河合 直樹,01,両面,1:あり,0,0
00081856,原反,001,2026/07/23,2026/07/29,2026/07/29,2026/07/31,0:通常,0:通常,01,505101,国分後加工511,000051,国分後加工,049006,東ﾚ(株) 自材部,,,,,,,,,,,,,,,,,,,511101,国分工場01本倉庫,0015,末締,01,東レ本体,0:しない,,,,W7-47,100,,,"14,000",0,1:完了,1:完了,0:通常,1:税抜,0,3:請求合計,1:金額,0:円未満,5:四捨五入,0:切り捨て,9:切り上げ,1:発行済,0:未承認,,0:しない,1:修正,,,,,,0051,国分,,,,,,,,,1:後加工,2026/07/29,1:通常,共レ新城,,,0,,,,,0:1明細目,"欠点個数確認　共レ301-400m長は欠点９個以下：接続４個以内(含む)
Ｈ区分：Ｈ面端部赤テープ　Ｑ面中央部Ｑ面黒テープ
接続：両面緑テープ","欠点個数確認チェックをすること（赤丸）
接続点を含む","スリット,EC",400.00,400,1,1,"
欠点個数確認チェック
ラベル◎",,50101,トーレペフ W(自材),1:対象外,0,0.00,400.00,SG,1043,スリット機2,0,0,0.00,0.00,B1A10APF5400FN1,551,ペフ,50101,トーレペフ W(自材),,,,,,,000001,2製品,02,社外加工,10010-AP67-1550X400FA    P,,m,0:自社,,,,,,,,,,,2026/07/24,6780,河合 直樹,,,,0,1
00081857,製品,001,2026/07/23,2026/09/09,2026/09/08,2026/07/31,0:通常,0:通常,01,105501,営業55,000567,佐藤 久美子,030024,三省物産(株)※,,,,,,,,,100070,(株)栄光化学工業所,株式会社　栄光化学工業所,,651-2271,兵庫県神戸市西区,高塚台3丁目1-19,,078-991-2258,078-991-1368,511101,国分工場01本倉庫,,,03,その他,0:しない,,1:する,1:御中,,100,,,"116,000",0,0:未完,0:未完,0:通常,1:税抜,0,3:請求合計,1:金額,0:円未満,5:四捨五入,0:切り捨て,5:四捨五入,1:発行済,0:未承認,,0:しない,1:修正,,,,,,0009,ヤマト運輸,,,,,,★大石工場にも印刷　　付属➡目抜き➡320301大石工場,,,2:自社,,1:通常,三省物産→栄光化学,,,0,,,,,0:1明細目,,,"カット,バーチカル,打","20,000.00",0,1,1,"4粗切→50丁取
ｶｯﾄｻｲｽﾞ：1070X50ZA
ﾊﾞｰﾁｶﾙｶｯﾄｻｲｽﾞ：270X50",,55102,ﾍﾟﾌ　自動車部品,1:対象外,"60,800",3.04,"20,000.00",,,,"116,000",0,"20,000.00",5.80,A5F30BA01001ZN1,551,ペフ,55102,ﾍﾟﾌ　自動車部品,,,420200,一般-売上,,,000001,2製品,01,社外製品,371-411-11260,,枚,0:自社,,,,済,,,,,,,,IPAN,菱田 昌美,,,0:なし,0,0
00081857,原反,001,2026/07/23,2026/09/09,2026/09/08,2026/07/31,0:通常,0:通常,01,105501,営業55,000567,佐藤 久美子,030024,三省物産(株)※,,,,,,,,,100070,(株)栄光化学工業所,株式会社　栄光化学工業所,,651-2271,兵庫県神戸市西区,高塚台3丁目1-19,,078-991-2258,078-991-1368,511101,国分工場01本倉庫,,,03,その他,0:しない,,1:する,1:御中,,100,,,"116,000",0,0:未完,0:未完,0:通常,1:税抜,0,3:請求合計,1:金額,0:円未満,5:四捨五入,0:切り捨て,5:四捨五入,1:発行済,0:未承認,,0:しない,1:修正,,,,,,0009,ヤマト運輸,,,,,,★大石工場にも印刷　　付属➡目抜き➡320301大石工場,,,2:自社,,1:通常,三省物産→栄光化学,,,0,,,,,0:1明細目,,,"カット,バーチカル,打","20,000.00",0,1,1,"4粗切→50丁取
ｶｯﾄｻｲｽﾞ：1070X50ZA
ﾊﾞｰﾁｶﾙｶｯﾄｻｲｽﾞ：270X50",,55102,ﾍﾟﾌ　自動車部品,1:対象外,0,0.00,0.00,SG,1041,単板カット機,0,0,0.00,0.00,P5F30AAA7150F4A,551,ペフ,55109,ﾍﾟﾌ　その他,,,410103,巻芯-仕入-材,,,000001,2製品,01,社外製品,15030-AA00-1070X150FA    C,,m,0:自社,,,,,,,,,,,2026/08/19,JSYA,菱田 昌美,,,,0,0
00081858,製品,001,2026/07/23,2026/09/01,2026/08/31,2026/07/31,0:通常,0:通常,01,105501,営業55,000567,佐藤 久美子,030024,三省物産(株)※,,,,,,,,,100070,(株)栄光化学工業所,株式会社　栄光化学工業所,,651-2271,兵庫県神戸市西区,高塚台3丁目1-19,,078-991-2258,078-991-1368,511101,国分工場01本倉庫,,,03,その他,0:しない,,1:する,1:御中,,100,,,"63,000",0,0:未完,0:未完,0:通常,1:税抜,0,3:請求合計,1:金額,0:円未満,5:四捨五入,0:切り捨て,5:四捨五入,1:発行済,0:未承認,,0:しない,1:修正,,,,,,0009,ヤマト運輸,,,,,,★石工場にも印刷　　付属➡目抜き➡320301大石工場,,,2:自社,,1:通常,三省物産→栄光,,,0,,,,,0:1明細目,自社 一般 ｹｰｽ 15010-BA00-1030x56ZA,,"カット,バーチカル,打","2,000.00",0,1,1,"自社 一般 ｹｰｽ 
8粗切→4丁取
ｶｯﾄｻｲｽﾞ：15010-BA00-1030x56ZA
ﾊﾞｰﾁｶﾙｶｯﾄｻｲｽﾞ：257X28",,55102,ﾍﾟﾌ　自動車部品,1:対象外,"32,760",16.38,"2,000.00",,,,"63,000",0,"2,000.00",31.50,A5F10BA010SN015,551,ペフ,55102,ﾍﾟﾌ　自動車部品,,,420200,一般-売上,,,000001,2製品,01,社外製品,412-334-80087,,枚,0:自社,,,,済,一部,,,,,,,IPAN,菱田 昌美,,,0:なし,0,0
00081858,原反,001,2026/07/23,2026/09/01,2026/08/31,2026/07/31,0:通常,0:通常,01,105501,営業55,000567,佐藤 久美子,030024,三省物産(株)※,,,,,,,,,100070,(株)栄光化学工業所,株式会社　栄光化学工業所,,651-2271,兵庫県神戸市西区,高塚台3丁目1-19,,078-991-2258,078-991-1368,511101,国分工場01本倉庫,,,03,その他,0:しない,,1:する,1:御中,,100,,,"63,000",0,0:未完,0:未完,0:通常,1:税抜,0,3:請求合計,1:金額,0:円未満,5:四捨五入,0:切り捨て,5:四捨五入,1:発行済,0:未承認,,0:しない,1:修正,,,,,,0009,ヤマト運輸,,,,,,★石工場にも印刷　　付属➡目抜き➡320301大石工場,,,2:自社,,1:通常,三省物産→栄光,,,0,,,,,0:1明細目,自社 一般 ｹｰｽ 15010-BA00-1030x56ZA,,"カット,バーチカル,打","2,000.00",0,1,1,"自社 一般 ｹｰｽ 
8粗切→4丁取
ｶｯﾄｻｲｽﾞ：15010-BA00-1030x56ZA
ﾊﾞｰﾁｶﾙｶｯﾄｻｲｽﾞ：257X28",,55102,ﾍﾟﾌ　自動車部品,1:対象外,0,0.00,0.00,KB,1041,単板カット機,0,0,0.00,0.00,P5F20AAA3300FN1,551,ペフ,51200,自社加工,,,420203,一般-仕入-材,,,000003,4原材料,01,社外製品,15020-AA00-1030X400FA ,,m,0:自社,,,,,,,,,,,,JSYA,菱田 昌美,,,,0,0
00081859,製品,001,2026/07/23,2026/09/18,2026/09/17,2026/07/31,0:通常,0:通常,01,105501,営業55,000567,佐藤 久美子,030024,三省物産(株)※,,,,,,,,,100070,(株)栄光化学工業所,株式会社　栄光化学工業所,,651-2271,兵庫県神戸市西区,高塚台3丁目1-19,,078-991-2258,078-991-1368,511101,国分工場01本倉庫,,,03,その他,0:しない,,1:する,1:御中,,100,,,"63,000",0,0:未完,0:未完,0:通常,1:税抜,0,3:請求合計,1:金額,0:円未満,5:四捨五入,0:切り捨て,5:四捨五入,1:発行済,0:未承認,,0:しない,0:新規,,,,,,0009,ヤマト運輸,,,,,,★石工場にも印刷　　付属➡目抜き➡320301大石工場,,,2:自社,,1:通常,三省物産→栄光,,,0,,,,,0:1明細目,自社 一般 ｹｰｽ 15010-BA00-1030x56ZA,,"カット,バーチカル,打","2,000.00",0,1,1,"自社 一般 ｹｰｽ 
8粗切→4丁取
ｶｯﾄｻｲｽﾞ：15010-BA00-1030x56ZA
ﾊﾞｰﾁｶﾙｶｯﾄｻｲｽﾞ：257X28",,55102,ﾍﾟﾌ　自動車部品,1:対象外,"32,760",16.38,"2,000.00",,,,"63,000",0,"2,000.00",31.50,A5F10BA010SN015,551,ペフ,55102,ﾍﾟﾌ　自動車部品,,,420200,一般-売上,,,000001,2製品,01,社外製品,412-334-80087,,枚,0:自社,,,,済,一部,,,,,,,IPAN,菱田 昌美,,,0:なし,0,0
00081859,原反,001,2026/07/23,2026/09/18,2026/09/17,2026/07/31,0:通常,0:通常,01,105501,営業55,000567,佐藤 久美子,030024,三省物産(株)※,,,,,,,,,100070,(株)栄光化学工業所,株式会社　栄光化学工業所,,651-2271,兵庫県神戸市西区,高塚台3丁目1-19,,078-991-2258,078-991-1368,511101,国分工場01本倉庫,,,03,その他,0:しない,,1:する,1:御中,,100,,,"63,000",0,0:未完,0:未完,0:通常,1:税抜,0,3:請求合計,1:金額,0:円未満,5:四捨五入,0:切り捨て,5:四捨五入,1:発行済,0:未承認,,0:しない,0:新規,,,,,,0009,ヤマト運輸,,,,,,★石工場にも印刷　　付属➡目抜き➡320301大石工場,,,2:自社,,1:通常,三省物産→栄光,,,0,,,,,0:1明細目,自社 一般 ｹｰｽ 15010-BA00-1030x56ZA,,"カット,バーチカル,打","2,000.00",0,1,1,"自社 一般 ｹｰｽ 
8粗切→4丁取
ｶｯﾄｻｲｽﾞ：15010-BA00-1030x56ZA
ﾊﾞｰﾁｶﾙｶｯﾄｻｲｽﾞ：257X28",,55102,ﾍﾟﾌ　自動車部品,1:対象外,0,0.00,0.00,KB,1041,単板カット機,0,0,0.00,0.00,P5F20AAA3300FN1,551,ペフ,51200,自社加工,,,420203,一般-仕入-材,,,000003,4原材料,01,社外製品,15020-AA00-1030X400FA ,,m,0:自社,,,,,,,,,,,,JSYA,菱田 昌美,,,,0,0
00081860,製品,001,2026/07/23,2026/07/30,2026/07/30,2026/07/31,0:通常,0:通常,01,505101,国分後加工511,000051,国分後加工,049006,東ﾚ(株) 自材部,,,,,,,,,,,,,,,,,,,511101,国分工場01本倉庫,0015,末締,01,東レ本体,0:しない,,,,W7-48,100,,,"6,250",0,1:完了,1:完了,0:通常,1:税抜,0,3:請求合計,1:金額,0:円未満,5:四捨五入,0:切り捨て,9:切り上げ,1:発行済,0:未承認,,0:しない,1:修正,,,,,,0051,国分,,,,,,,,,1:後加工,2026/07/30,1:通常,共和レザー,,,0,,,,,0:1明細目,"欠点個数確認　共レ200m長以下：欠点４個以下：接続２個以内
Ｐ区分：Ｈ面端部赤テープ+Ｈ面中央部黒マジック+Ｑ面中央部黒テープ
接続：両面緑テープ",,"スリット,分割",258.00,250,2,1,,,50101,トーレペフ W(自材),1:対象外,0,0.00,140.00,,,,"4,480",0,140.00,32.00,A1N25APC5140FN1,551,ペフ,50101,トーレペフ W(自材),,,,,,,000001,2製品,02,社外加工,25025-AP17-1250X140F-A   P,共レ：200m以下：Ｐ区分,m,0:自社,,,,済,一部,2026/07/27,2026/07/27,2026/07/30,2026/07/30,189492V,,6783,河合 直樹,,,0:なし,0,0
00081860,製品,002,2026/07/23,2026/07/30,2026/07/30,2026/07/31,0:通常,0:通常,01,505101,国分後加工511,000051,国分後加工,049006,東ﾚ(株) 自材部,,,,,,,,,,,,,,,,,,,511101,国分工場01本倉庫,0015,末締,01,東レ本体,0:しない,,,,W7-48,100,,,"6,250",0,1:完了,1:完了,0:通常,1:税抜,0,3:請求合計,1:金額,0:円未満,5:四捨五入,0:切り捨て,9:切り上げ,1:発行済,0:未承認,,0:しない,1:修正,,,,,,0051,国分,,,,,,,,,1:後加工,2026/07/30,1:通常,共和レザー,,,0,,,,,0:1明細目,"欠点個数確認　共レ200m長以下：欠点４個以下：接続２個以内
Ｐ区分：Ｈ面端部赤テープ+Ｈ面中央部黒マジック+Ｑ面中央部黒テープ
接続：両面緑テープ",,"スリット,分割",258.00,250,2,1,,,50101,トーレペフ W(自材),1:対象外,0,0.00,118.00,,,,"1,770",0,118.00,15.00,A1N25APB4130FNL,551,ペフ,50101,トーレペフ W(自材),,,,,,,000001,2製品,02,社外加工,25025-AP17-1580X118F-A   P,共レ：200m以下：Ｐ区分,m,0:自社,,,,済,一部,2026/07/30,2026/07/30,2026/07/30,2026/07/30,189881A,,6785,河合 直樹,,,0:なし,0,0
00081860,原反,001,2026/07/23,2026/07/30,2026/07/30,2026/07/31,0:通常,0:通常,01,505101,国分後加工511,000051,国分後加工,049006,東ﾚ(株) 自材部,,,,,,,,,,,,,,,,,,,511101,国分工場01本倉庫,0015,末締,01,東レ本体,0:しない,,,,W7-48,100,,,"6,250",0,1:完了,1:完了,0:通常,1:税抜,0,3:請求合計,1:金額,0:円未満,5:四捨五入,0:切り捨て,9:切り上げ,1:発行済,0:未承認,,0:しない,1:修正,,,,,,0051,国分,,,,,,,,,1:後加工,2026/07/30,1:通常,共和レザー,,,0,,,,,0:1明細目,"欠点個数確認　共レ200m長以下：欠点４個以下：接続２個以内
Ｐ区分：Ｈ面端部赤テープ+Ｈ面中央部黒マジック+Ｑ面中央部黒テープ
接続：両面緑テープ",,"スリット,分割",258.00,250,2,1,,,50101,トーレペフ W(自材),1:対象外,0,0.00,250.00,SG,1043,スリット機2,0,0,0.00,0.00,B1N25APF8250FN1,551,ペフ,55102,ﾍﾟﾌ　自動車部品,,,,,,,000003,4原材料,02,社外加工,25025-AP17-1580X250FA    P,,m,0:自社,,,,,,,,,,,2026/07/24,6783,河合 直樹,,,,0,1
00081861,製品,001,2026/07/23,2026/10/01,2026/09/30,2026/07/31,0:通常,0:通常,01,105501,営業55,000567,佐藤 久美子,030024,三省物産(株)※,,,,,,,,,100070,(株)栄光化学工業所,株式会社 栄光化学工業所,,651-2271,兵庫県神戸市西区,高塚台3丁目1-19,,078-991-2258,078-991-1368,511101,国分工場01本倉庫,0013,20締,03,その他,0:しない,,1:する,1:御中,,100,,,"1,200",0,0:未完,0:未完,0:通常,1:税抜,0,3:請求合計,1:金額,0:円未満,5:四捨五入,0:切り捨て,5:四捨五入,1:発行済,0:未承認,,0:しない,1:修正,,,,,,0009,ヤマト運輸,,,前回:2025年2月,,,大石工場にも印刷　　付属➡目抜き➡320301大石工場,,,2:自社,,1:通常,,,,0,,,,,0:1明細目,自社 一般I-562 15010-BP81-890x74ZA→120x370(10丁取) 原反は2025年頃まで国分に在庫あり,型厚み：23mm、ＰＰあて板を別途使用して打ち抜き。,"打抜き,目抜き",100.00,0,1,1,ﾊﾝﾄﾞｶｯﾄ➡打抜き➡目抜き(大石),,55102,ﾍﾟﾌ　自動車部品,1:対象外,"1,172",11.72,100.00,,,,"1,200",0,100.00,12.00,A5F10BP01001ZNA,551,ペフ,55102,ﾍﾟﾌ　自動車部品,,,420200,一般-売上,,,000001,2製品,01,社外製品,371-411-13000,,枚,0:自社,,,,一部,,,,,,,,IPAN,菱田 昌美,,,0:なし,0,0
00081861,原反,001,2026/07/23,2026/10/01,2026/09/30,2026/07/31,0:通常,0:通常,01,105501,営業55,000567,佐藤 久美子,030024,三省物産(株)※,,,,,,,,,100070,(株)栄光化学工業所,株式会社 栄光化学工業所,,651-2271,兵庫県神戸市西区,高塚台3丁目1-19,,078-991-2258,078-991-1368,511101,国分工場01本倉庫,0013,20締,03,その他,0:しない,,1:する,1:御中,,100,,,"1,200",0,0:未完,0:未完,0:通常,1:税抜,0,3:請求合計,1:金額,0:円未満,5:四捨五入,0:切り捨て,5:四捨五入,1:発行済,0:未承認,,0:しない,1:修正,,,,,,0009,ヤマト運輸,,,前回:2025年2月,,,大石工場にも印刷　　付属➡目抜き➡320301大石工場,,,2:自社,,1:通常,,,,0,,,,,0:1明細目,自社 一般I-562 15010-BP81-890x74ZA→120x370(10丁取) 原反は2025年頃まで国分に在庫あり,型厚み：23mm、ＰＰあて板を別途使用して打ち抜き。,"打抜き,目抜き",100.00,0,1,1,ﾊﾝﾄﾞｶｯﾄ➡打抜き➡目抜き(大石),,55102,ﾍﾟﾌ　自動車部品,1:対象外,0,0.00,0.00,KB,,,0,0,0.00,0.00,P5F10BP89200FN1,551,ペフ,55109,ﾍﾟﾌ　その他,,,420203,一般-仕入-材,,,000003,4原材料,07,社内加工,15010-BP81- 890X200F-A C,分類：一般,m,0:自社,,,,,,,,,,,,JSYA,菱田 昌美,,,,0,0
00081862,製品,001,2026/07/23,2026/10/01,2026/09/30,2026/07/31,0:通常,0:通常,01,105501,営業55,000567,佐藤 久美子,030024,三省物産(株)※,,,,,,,,,100070,(株)栄光化学工業所,株式会社　栄光化学工業所,,651-2271,兵庫県神戸市西区,高塚台3丁目1-19,,078-991-2258,078-991-1368,511101,国分工場01本倉庫,,,03,その他,0:しない,,1:する,1:御中,,100,,,"116,000",0,0:未完,0:未完,0:通常,1:税抜,0,3:請求合計,1:金額,0:円未満,5:四捨五入,0:切り捨て,5:四捨五入,1:発行済,0:未承認,,0:しない,0:新規,,,,,,0009,ヤマト運輸,,,,,,★大石工場にも印刷　　付属➡目抜き➡320301大石工場,,,2:自社,,1:通常,三省物産→栄光化学,,,0,,,,,0:1明細目,,,"カット,バーチカル,打","20,000.00",0,1,1,"4粗切→50丁取
ｶｯﾄｻｲｽﾞ：1070X50ZA
ﾊﾞｰﾁｶﾙｶｯﾄｻｲｽﾞ：270X50",,55102,ﾍﾟﾌ　自動車部品,1:対象外,"60,800",3.04,"20,000.00",,,,"116,000",0,"20,000.00",5.80,A5F30BA01001ZN1,551,ペフ,55102,ﾍﾟﾌ　自動車部品,,,420200,一般-売上,,,000001,2製品,01,社外製品,371-411-11260,,枚,0:自社,,,,一部,,,,,,,,IPAN,菱田 昌美,,,0:なし,0,0
00081862,原反,001,2026/07/23,2026/10/01,2026/09/30,2026/07/31,0:通常,0:通常,01,105501,営業55,000567,佐藤 久美子,030024,三省物産(株)※,,,,,,,,,100070,(株)栄光化学工業所,株式会社　栄光化学工業所,,651-2271,兵庫県神戸市西区,高塚台3丁目1-19,,078-991-2258,078-991-1368,511101,国分工場01本倉庫,,,03,その他,0:しない,,1:する,1:御中,,100,,,"116,000",0,0:未完,0:未完,0:通常,1:税抜,0,3:請求合計,1:金額,0:円未満,5:四捨五入,0:切り捨て,5:四捨五入,1:発行済,0:未承認,,0:しない,0:新規,,,,,,0009,ヤマト運輸,,,,,,★大石工場にも印刷　　付属➡目抜き➡320301大石工場,,,2:自社,,1:通常,三省物産→栄光化学,,,0,,,,,0:1明細目,,,"カット,バーチカル,打","20,000.00",0,1,1,"4粗切→50丁取
ｶｯﾄｻｲｽﾞ：1070X50ZA
ﾊﾞｰﾁｶﾙｶｯﾄｻｲｽﾞ：270X50",,55102,ﾍﾟﾌ　自動車部品,1:対象外,0,0.00,0.00,KB,1041,単板カット機,0,0,0.00,0.00,P5F30AAA7150F4A,551,ペフ,55109,ﾍﾟﾌ　その他,,,410103,巻芯-仕入-材,,,000001,2製品,01,社外製品,15030-AA00-1070X150FA    C,,m,0:自社,,,,,,,,,,,,JSYA,菱田 昌美,,,,0,0
00081863,製品,001,2026/07/23,2026/10/01,2026/09/30,2026/07/31,0:通常,0:通常,01,105501,営業55,000567,佐藤 久美子,030024,三省物産(株)※,,,,,,,,,100070,(株)栄光化学工業所,株式会社　栄光化学工業所,,651-2271,兵庫県神戸市西区,高塚台3丁目1-19,,078-991-2258,078-991-1368,511101,国分工場01本倉庫,,,03,その他,0:しない,,1:する,1:御中,,100,,,"15,000",0,0:未完,0:未完,0:通常,1:税抜,0,3:請求合計,1:金額,0:円未満,5:四捨五入,0:切り捨て,5:四捨五入,1:発行済,0:未承認,,0:しない,0:新規,,,,,,0009,ヤマト運輸,,,,,,大石工場にも印刷　　付属➡目抜き➡320301大石工場,,,2:自社,,1:通常,,,,0,,,,,0:1明細目,,,"スライス,カット,バー","1,000.00",0,1,1,,,55102,ﾍﾟﾌ　自動車部品,1:対象外,"22,610",22.61,"1,000.00",,,,"15,000",0,"1,000.00",15.00,A5F15BA01001ZNA,551,ペフ,55102,ﾍﾟﾌ　自動車部品,,,420200,一般-売上,,,000001,2製品,01,社外製品,459-221-42011,,枚,0:自社,,,,一部,,,,,,,,IPAN,菱田 昌美,,,0:なし,0,0
00081863,原反,001,2026/07/23,2026/10/01,2026/09/30,2026/07/31,0:通常,0:通常,01,105501,営業55,000567,佐藤 久美子,030024,三省物産(株)※,,,,,,,,,100070,(株)栄光化学工業所,株式会社　栄光化学工業所,,651-2271,兵庫県神戸市西区,高塚台3丁目1-19,,078-991-2258,078-991-1368,511101,国分工場01本倉庫,,,03,その他,0:しない,,1:する,1:御中,,100,,,"15,000",0,0:未完,0:未完,0:通常,1:税抜,0,3:請求合計,1:金額,0:円未満,5:四捨五入,0:切り捨て,5:四捨五入,1:発行済,0:未承認,,0:しない,0:新規,,,,,,0009,ヤマト運輸,,,,,,大石工場にも印刷　　付属➡目抜き➡320301大石工場,,,2:自社,,1:通常,,,,0,,,,,0:1明細目,,,"スライス,カット,バー","1,000.00",0,1,1,,,55102,ﾍﾟﾌ　自動車部品,1:対象外,0,0.00,0.00,,,,0,0,0.00,0.00,P5F30AAA0205FN1,551,ペフ,55109,ﾍﾟﾌ　その他,,,430503,加工-仕入-材,,,000003,4原材料,01,社外製品,15030-AA00-1000X205F-A C,分類：加工,m,0:自社,,,,,,,,,,,,JSYA,菱田 昌美,,,,0,0
00081864,製品,001,2026/07/23,2026/10/01,2026/09/30,2026/07/31,0:通常,0:通常,01,105501,営業55,000567,佐藤 久美子,030024,三省物産(株)※,,,,,,,,,100070,(株)栄光化学工業所,株式会社　栄光化学工業所,,651-2271,兵庫県神戸市西区,高塚台3丁目1-19,,078-991-2258,078-991-1368,511101,国分工場01本倉庫,,,03,その他,0:しない,,1:する,1:御中,,100,,,"118,500",0,0:未完,0:未完,0:通常,1:税抜,0,3:請求合計,1:金額,0:円未満,5:四捨五入,0:切り捨て,5:四捨五入,1:発行済,0:未承認,,0:しない,0:新規,,,,,,0009,ヤマト運輸,,,,,,★大石工場にも印刷　　付属➡目抜き➡320301大石工場,,,2:自社,,1:通常,三省物産→栄光化学,,,0,,,,,0:1明細目,自社 一般 ｹｰｽ 15013-BA00-500x50ZA,,"打抜き,目抜き","10,000.00",0,1,1,"原反：15030-AA00→15013-BA00３枚割り中間層廃棄
　　　カット行き（打抜き製品）",,55102,ﾍﾟﾌ　自動車部品,1:対象外,"74,000",7.40,"10,000.00",,,,"118,500",0,"10,000.00",11.85,A5F13BA01001ZN1,551,ペフ,55102,ﾍﾟﾌ　自動車部品,,,420200,一般-売上,,,000001,2製品,01,社外製品,4B-51295-1,,枚,0:自社,,,,一部,,,,,,,,IPAN,菱田 昌美,,,0:なし,0,0
00081864,原反,001,2026/07/23,2026/10/01,2026/09/30,2026/07/31,0:通常,0:通常,01,105501,営業55,000567,佐藤 久美子,030024,三省物産(株)※,,,,,,,,,100070,(株)栄光化学工業所,株式会社　栄光化学工業所,,651-2271,兵庫県神戸市西区,高塚台3丁目1-19,,078-991-2258,078-991-1368,511101,国分工場01本倉庫,,,03,その他,0:しない,,1:する,1:御中,,100,,,"118,500",0,0:未完,0:未完,0:通常,1:税抜,0,3:請求合計,1:金額,0:円未満,5:四捨五入,0:切り捨て,5:四捨五入,1:発行済,0:未承認,,0:しない,0:新規,,,,,,0009,ヤマト運輸,,,,,,★大石工場にも印刷　　付属➡目抜き➡320301大石工場,,,2:自社,,1:通常,三省物産→栄光化学,,,0,,,,,0:1明細目,自社 一般 ｹｰｽ 15013-BA00-500x50ZA,,"打抜き,目抜き","10,000.00",0,1,1,"原反：15030-AA00→15013-BA00３枚割り中間層廃棄
　　　カット行き（打抜き製品）",,55102,ﾍﾟﾌ　自動車部品,1:対象外,0,0.00,0.00,SG,1022,スライス機3,0,0,0.00,0.00,P5F30AAA0205FN1,551,ペフ,55109,ﾍﾟﾌ　その他,,,430503,加工-仕入-材,,,000003,4原材料,01,社外製品,15030-AA00-1000X205F-A C,分類：一般,m,0:自社,,,,,,,,,,,,JSYA,菱田 昌美,,,,0,0
00081866,製品,001,2026/07/23,2026/08/03,2026/07/31,2026/07/31,0:通常,0:通常,01,105501,営業55,000543,宇野 浩紀,900001,清水惣(株)向け,清水惣(株)向け,,,,,,,,100086,百々(株)　緑橋工場,百々株式会社,　緑橋工場,537-0021,大阪市東成区東中本3-12-21,,,06-6972-7151,,511101,国分工場01本倉庫,0007,随 出荷日＝売上計上,03,その他,1:する,2:様,1:する,2:様,,100,,,0,0,1:完了,1:完了,0:通常,1:税抜,0,1:伝票明細,1:金額,0:円未満,0:切り捨て,0:切り捨て,0:切り捨て,1:発行済,0:未承認,,0:しない,1:修正,,,,,,0002,河合運輸倉庫,,,原反はお客様より支給　７／２３(木)着,,,,,,2:自社,2026/08/03,1:通常,,,,0,,,,,0:1明細目,自社　半分割／３インチ紙管,分割／３インチ紙管,分割,205.00,205,2,1,紙管のサイズはお任せします,,51200,自社加工,1:対象外,0,0.00,100.00,,,,0,0,100.00,0.00,A5F30AAA0102FN1,551,ペフ,51200,自社加工,,,430500,加工-売上,,,000001,2製品,02,社外加工,ﾄｰﾚﾍﾟﾌ 15030-AA00-1000X100F-A C,,m,0:自社,,,,済,済,2026/07/31,2026/07/31,2026/07/31,2026/07/31,,,KAKO,菱田 昌美,,,0:なし,0,0
00081866,製品,002,2026/07/23,2026/08/03,2026/07/31,2026/07/31,0:通常,0:通常,01,105501,営業55,000543,宇野 浩紀,900001,清水惣(株)向け,清水惣(株)向け,,,,,,,,100086,百々(株)　緑橋工場,百々株式会社,　緑橋工場,537-0021,大阪市東成区東中本3-12-21,,,06-6972-7151,,511101,国分工場01本倉庫,0007,随 出荷日＝売上計上,03,その他,1:する,2:様,1:する,2:様,,100,,,0,0,1:完了,1:完了,0:通常,1:税抜,0,1:伝票明細,1:金額,0:円未満,0:切り捨て,0:切り捨て,0:切り捨て,1:発行済,0:未承認,,0:しない,1:修正,,,,,,0002,河合運輸倉庫,,,原反はお客様より支給　７／２３(木)着,,,,,,2:自社,2026/08/03,1:通常,,,,0,,,,,0:1明細目,自社　半分割／３インチ紙管,分割／３インチ紙管,分割,205.00,205,2,1,紙管のサイズはお任せします,,51200,自社加工,1:対象外,0,0.00,105.00,,,,0,0,105.00,0.00,A5F30AAA0102FN1,551,ペフ,51200,自社加工,,,430500,加工-売上,,,000001,2製品,02,社外加工,ﾄｰﾚﾍﾟﾌ 15030-AA00-1000X105F-A C,,m,0:自社,,,,済,済,2026/07/31,2026/07/31,2026/07/31,2026/07/31,,,KAKO,菱田 昌美,,,0:なし,0,0
00081866,原反,001,2026/07/23,2026/08/03,2026/07/31,2026/07/31,0:通常,0:通常,01,105501,営業55,000543,宇野 浩紀,900001,清水惣(株)向け,清水惣(株)向け,,,,,,,,100086,百々(株)　緑橋工場,百々株式会社,　緑橋工場,537-0021,大阪市東成区東中本3-12-21,,,06-6972-7151,,511101,国分工場01本倉庫,0007,随 出荷日＝売上計上,03,その他,1:する,2:様,1:する,2:様,,100,,,0,0,1:完了,1:完了,0:通常,1:税抜,0,1:伝票明細,1:金額,0:円未満,0:切り捨て,0:切り捨て,0:切り捨て,1:発行済,0:未承認,,0:しない,1:修正,,,,,,0002,河合運輸倉庫,,,原反はお客様より支給　７／２３(木)着,,,,,,2:自社,2026/08/03,1:通常,,,,0,,,,,0:1明細目,自社　半分割／３インチ紙管,分割／３インチ紙管,分割,205.00,205,2,1,紙管のサイズはお任せします,,51200,自社加工,1:対象外,0,0.00,205.00,EI,1043,スリット機2,0,0,0.00,0.00,P5F30AAA0205FN1,551,ペフ,55109,ﾍﾟﾌ　その他,,,430503,加工-仕入-材,,,000003,4原材料,01,社外製品,15030-AA00-1000X205F-A C,分類：加工,m,0:自社,,,,,,,,,,,2026/07/23,JSYA,菱田 昌美,,,,0,1
00081873,製品,001,2026/07/23,2026/07/31,2026/07/31,2026/07/31,0:通常,0:通常,01,104101,営業41,000571,中川 航一,049065,東ﾚｺﾑｽﾞ滋賀(株) 事業推進部※,,,,,,,,,,,,,,,,,,,320301,大石工場01本倉庫,0014,25締,02,東レグループ,0:しない,,,,,100,,,"47,385","4,739",1:完了,1:完了,0:通常,1:税抜,0,2:伝票合計,1:金額,0:円未満,5:四捨五入,0:切り捨て,5:四捨五入,1:発行済,0:未承認,,0:しない,1:修正,,,,,,,,,,7/23ご依頼分,"20m巻*5R(100m分)加工済み,追加で44本製作。残原反はテープ止めのみ",残原反は東レコムズ上出様引取り予定。,※可能であれば残原反の巻き長をご確認いただけますでしょうか。,,,2:自社,,1:通常,,,,0,,,,,0:1明細目,,,ﾌｨﾙﾑｽﾘｯﾄ,"1,053.00","1,000",1,1,,,41102,ﾌｨﾙﾑ　工業,1:対象外,"31,590",30.00,"1,053.00",,,,"47,385",0,"1,053.00",45.00,F49900002,411,フィルム,41102,ﾌｨﾙﾑ　工業,,,,,,,000001,2製品,01,社外製品,ｱｸｽﾀｰﾏﾝﾄﾙ防草ｼｰﾄG2100GA 1050mmX20m,数量 52本＋残原反13m分,,0:自社,,,,済,済,2026/07/31,2026/07/31,2026/07/28,2026/07/28,,,1   ,中川 航一,,,0:なし,0,0
00081873,原反,001,2026/07/23,2026/07/31,2026/07/31,2026/07/31,0:通常,0:通常,01,104101,営業41,000571,中川 航一,049065,東ﾚｺﾑｽﾞ滋賀(株) 事業推進部※,,,,,,,,,,,,,,,,,,,320301,大石工場01本倉庫,0014,25締,02,東レグループ,0:しない,,,,,100,,,"47,385","4,739",1:完了,1:完了,0:通常,1:税抜,0,2:伝票合計,1:金額,0:円未満,5:四捨五入,0:切り捨て,5:四捨五入,1:発行済,0:未承認,,0:しない,1:修正,,,,,,,,,,7/23ご依頼分,"20m巻*5R(100m分)加工済み,追加で44本製作。残原反はテープ止めのみ",残原反は東レコムズ上出様引取り予定。,※可能であれば残原反の巻き長をご確認いただけますでしょうか。,,,2:自社,,1:通常,,,,0,,,,,0:1明細目,,,ﾌｨﾙﾑｽﾘｯﾄ,"1,053.00","1,000",1,1,,,41102,ﾌｨﾙﾑ　工業,1:対象外,0,0.00,"1,000.00",,,,0,0,0.00,0.00,F49900002,411,フィルム,41102,ﾌｨﾙﾑ　工業,,,,,,,000001,2製品,01,社外製品,ｱｸｽﾀｰﾏﾝﾄﾙ防草ｼｰﾄG2100GA 1050mmX1000m,,,0:自社,,,,,,,,,,,,1   ,中川 航一,,,,0,1
00081874,製品,001,2026/07/23,2026/07/30,2026/07/30,2026/07/31,0:通常,0:通常,01,505101,国分後加工511,000051,国分後加工,049006,東ﾚ(株) 自材部,,,,,,,,,,,,,,,,,,,511101,国分工場01本倉庫,0015,末締,01,東レ本体,0:しない,,,,Y8-21,100,,,"3,200",0,1:完了,1:完了,0:通常,1:税抜,0,3:請求合計,1:金額,0:円未満,5:四捨五入,0:切り捨て,9:切り上げ,1:発行済,0:未承認,,0:しない,0:新規,,,,,,0051,国分,,,,,,,,,1:後加工,2026/07/30,1:通常,ミツマル,,,0,,,,,0:1明細目,,"原反AG20のカット実測長は+10mmで加工する。
ｶｯﾄ長さｾｯﾄ値（目安）2030mm",カット,200.00,400,1,1,,,50103,トーレペフ Y(工材),1:対象外,0,0.00,200.00,,,,"3,200",0,200.00,16.00,A1O50AGA5200ZG3,551,ペフ,50103,トーレペフ Y(工材),,,999999,対象外,,,000001,2製品,02,社外加工,30050-AG20-1050X200ZA GA0U,,枚,0:自社,,,,済,済,2026/07/24,2026/07/24,2026/07/29,2026/07/29,189513V,,6713,河合 直樹,,,0:なし,0,0
00081874,原反,001,2026/07/23,2026/07/30,2026/07/30,2026/07/31,0:通常,0:通常,01,505101,国分後加工511,000051,国分後加工,049006,東ﾚ(株) 自材部,,,,,,,,,,,,,,,,,,,511101,国分工場01本倉庫,0015,末締,01,東レ本体,0:しない,,,,Y8-21,100,,,"3,200",0,1:完了,1:完了,0:通常,1:税抜,0,3:請求合計,1:金額,0:円未満,5:四捨五入,0:切り捨て,9:切り上げ,1:発行済,0:未承認,,0:しない,0:新規,,,,,,0051,国分,,,,,,,,,1:後加工,2026/07/30,1:通常,ミツマル,,,0,,,,,0:1明細目,,"原反AG20のカット実測長は+10mmで加工する。
ｶｯﾄ長さｾｯﾄ値（目安）2030mm",カット,200.00,400,1,1,,,50103,トーレペフ Y(工材),1:対象外,0,0.00,400.00,SG,1041,単板カット機,0,0,0.00,0.00,B1O50AGA5200FG3,551,ペフ,50103,トーレペフ Y(工材),,,,,,,000003,4原材料,02,社外加工,30050-AG20-1050X200F-AGA0U,,m,0:自社,,,,,,,,,,,2026/07/24,6710,河合 直樹,,,,0,2
00081875,製品,001,2026/07/23,2026/07/30,2026/07/30,2026/07/31,0:通常,0:通常,01,505101,国分後加工511,000051,国分後加工,049006,東ﾚ(株) 自材部,,,,,,,,,,,,,,,,,,,511101,国分工場01本倉庫,0015,末締,01,東レ本体,0:しない,,,,Y8-22,100,,,"23,280",0,0:未完,0:未完,0:通常,1:税抜,0,3:請求合計,1:金額,0:円未満,5:四捨五入,0:切り捨て,9:切り上げ,1:発行済,0:未承認,,0:しない,1:修正,,,,,,0051,国分,,,,,,,,,1:後加工,2026/07/30,1:通常,丸信あずみの,,,0,,,,,0:1明細目,カール注意,熱風温度上下：夏季360℃、冬季370℃,融着,97.00,600,1,1,,,50103,トーレペフ Y(工材),1:対象外,0,0.00,97.00,,,,"23,280",0,97.00,240.00,A1OF0DGA0200ZGC,551,ペフ,50103,トーレペフ Y(工材),,,999999,対象外,,,000001,2製品,02,社外加工,30150-DG20-1000X200ZA GA0U,,枚,0:自社,,,,済,済,2026/07/24,2026/07/24,2026/07/29,2026/07/29,189515K,,6713,河合 直樹,,,1:あり,3,0
00081875,原反,001,2026/07/23,2026/07/30,2026/07/30,2026/07/31,0:通常,0:通常,01,505101,国分後加工511,000051,国分後加工,049006,東ﾚ(株) 自材部,,,,,,,,,,,,,,,,,,,511101,国分工場01本倉庫,0015,末締,01,東レ本体,0:しない,,,,Y8-22,100,,,"23,280",0,0:未完,0:未完,0:通常,1:税抜,0,3:請求合計,1:金額,0:円未満,5:四捨五入,0:切り捨て,9:切り上げ,1:発行済,0:未承認,,0:しない,1:修正,,,,,,0051,国分,,,,,,,,,1:後加工,2026/07/30,1:通常,丸信あずみの,,,0,,,,,0:1明細目,カール注意,熱風温度上下：夏季360℃、冬季370℃,融着,97.00,600,1,1,,,50103,トーレペフ Y(工材),1:対象外,0,0.00,600.00,SG,1121,融着機,0,0,0.00,0.00,B1O50AGA5200FG3,551,ペフ,50103,トーレペフ Y(工材),,,,,,,000003,4原材料,02,社外加工,30050-AG20-1050X200F-AGA0U,,m,0:自社,,,,,,,,,,,2026/07/24,6710,河合 直樹,,,,0,3
00081876,製品,001,2026/07/23,2026/07/30,2026/07/30,2026/07/31,0:通常,0:通常,01,505101,国分後加工511,000051,国分後加工,049006,東ﾚ(株) 自材部,,,,,,,,,,,,,,,,,,,511101,国分工場01本倉庫,0015,末締,01,東レ本体,0:しない,,,,Y8-23,100,,,"9,690",0,1:完了,1:完了,0:通常,1:税抜,0,3:請求合計,1:金額,0:円未満,5:四捨五入,0:切り捨て,9:切り上げ,1:発行済,0:未承認,,0:しない,0:新規,,,,,,0051,国分,,,,,,,,,1:後加工,2026/07/30,1:通常,芙蓉アステック,,,0,,,,,0:1明細目,,熱風温度上下：夏季330℃、冬季340℃,融着,57.00,200,1,1,,,50103,トーレペフ Y(工材),1:対象外,0,0.00,57.00,,,,"9,690",0,57.00,170.00,A1OACDG98170ZB4,551,ペフ,50103,トーレペフ Y(工材),,,999999,対象外,,,000001,2製品,02,社外加工,30200-DG00-980x170ZABK0,,枚,0:自社,,,,済,済,2026/07/24,2026/07/24,2026/07/29,2026/07/29,189516F,,6713,河合 直樹,,,0:なし,2,0
00081876,原反,001,2026/07/23,2026/07/30,2026/07/30,2026/07/31,0:通常,0:通常,01,505101,国分後加工511,000051,国分後加工,049006,東ﾚ(株) 自材部,,,,,,,,,,,,,,,,,,,511101,国分工場01本倉庫,0015,末締,01,東レ本体,0:しない,,,,Y8-23,100,,,"9,690",0,1:完了,1:完了,0:通常,1:税抜,0,3:請求合計,1:金額,0:円未満,5:四捨五入,0:切り捨て,9:切り上げ,1:発行済,0:未承認,,0:しない,0:新規,,,,,,0051,国分,,,,,,,,,1:後加工,2026/07/30,1:通常,芙蓉アステック,,,0,,,,,0:1明細目,,熱風温度上下：夏季330℃、冬季340℃,融着,57.00,200,1,1,,,50103,トーレペフ Y(工材),1:対象外,0,0.00,200.00,SG,1121,融着機,0,0,0.00,0.00,B1OA0AGA0100FB4,551,ペフ,55109,ﾍﾟﾌ　その他,,,,,,,000001,2製品,02,社外加工,30100-AG00-1000X100FA BK0C,,m,0:自社,,,,,,,,,,,2026/07/24,6710,河合 直樹,,,,0,2
00081877,製品,001,2026/07/23,2026/07/30,2026/07/30,2026/07/31,0:通常,0:通常,01,505101,国分後加工511,000051,国分後加工,049006,東ﾚ(株) 自材部,,,,,,,,,,,,,,,,,,,511101,国分工場01本倉庫,0015,末締,01,東レ本体,0:しない,,,,Y8-13,100,,,"9,675",0,1:完了,1:完了,0:通常,1:税抜,0,3:請求合計,1:金額,0:円未満,5:四捨五入,0:切り捨て,9:切り上げ,1:発行済,0:未承認,,0:しない,0:新規,,,,,,0051,国分,,,,,,,,,1:後加工,2026/07/30,1:通常,サンエイ,,,0,,,,,0:1明細目,,"熱風温度上下：夏季360℃、冬季370℃
トリミング幅1035mm",融着,45.00,200,1,1,,,50103,トーレペフ Y(工材),1:対象外,0,0.00,45.00,,,,"9,675",0,45.00,215.00,A1OC0DGA0215ZG3,551,ペフ,50103,トーレペフ Y(工材),,,999999,対象外,,,000001,2製品,02,社外加工,30120-DG20-1000X215ZA GA0U,,枚,0:自社,,,,済,済,2026/07/25,2026/07/25,2026/07/30,2026/07/30,189509T,,6713,河合 直樹,,,1:あり,2,0
00081877,原反,001,2026/07/23,2026/07/30,2026/07/30,2026/07/31,0:通常,0:通常,01,505101,国分後加工511,000051,国分後加工,049006,東ﾚ(株) 自材部,,,,,,,,,,,,,,,,,,,511101,国分工場01本倉庫,0015,末締,01,東レ本体,0:しない,,,,Y8-13,100,,,"9,675",0,1:完了,1:完了,0:通常,1:税抜,0,3:請求合計,1:金額,0:円未満,5:四捨五入,0:切り捨て,9:切り上げ,1:発行済,0:未承認,,0:しない,0:新規,,,,,,0051,国分,,,,,,,,,1:後加工,2026/07/30,1:通常,サンエイ,,,0,,,,,0:1明細目,,"熱風温度上下：夏季360℃、冬季370℃
トリミング幅1035mm",融着,45.00,200,1,1,,,50103,トーレペフ Y(工材),1:対象外,0,0.00,200.00,SG,1121,融着機,0,0,0.00,0.00,B1O60AGB0100FG3,551,ペフ,55109,ﾍﾟﾌ　その他,,,,,,,000001,2製品,02,社外加工,30060-AG20-1100X100FA GA0U,,m,0:自社,,,,,,,,,,,2026/07/24,6710,河合 直樹,,,,0,2
00081878,製品,001,2026/07/23,2026/07/30,2026/07/30,2026/07/31,0:通常,0:通常,01,505101,国分後加工511,000051,国分後加工,049006,東ﾚ(株) 自材部,,,,,,,,,,,,,,,,,,,511101,国分工場01本倉庫,0015,末締,01,東レ本体,0:しない,,,,Y8-17,100,,,"1,600",0,1:完了,1:完了,0:通常,1:税抜,0,3:請求合計,1:金額,0:円未満,5:四捨五入,0:切り捨て,9:切り上げ,1:発行済,0:未承認,,0:しない,0:新規,,,,,,0051,国分,,,,,,,,,1:後加工,2026/07/30,1:通常,芙蓉アステック,,,0,,,,,0:1明細目,,,カット,100.00,200,1,1,,,50103,トーレペフ Y(工材),1:対象外,0,0.00,100.00,,,,"1,600",0,100.00,16.00,A1O50AGA0200ZN1,551,ペフ,50103,トーレペフ Y(工材),,,999999,対象外,,,000001,2製品,02,社外加工,30050-AG00-1000x200ZA,,枚,0:自社,,,,済,済,2026/07/25,2026/07/25,2026/07/30,2026/07/30,189510P,,6713,河合 直樹,,,0:なし,0,0
00081878,原反,001,2026/07/23,2026/07/30,2026/07/30,2026/07/31,0:通常,0:通常,01,505101,国分後加工511,000051,国分後加工,049006,東ﾚ(株) 自材部,,,,,,,,,,,,,,,,,,,511101,国分工場01本倉庫,0015,末締,01,東レ本体,0:しない,,,,Y8-17,100,,,"1,600",0,1:完了,1:完了,0:通常,1:税抜,0,3:請求合計,1:金額,0:円未満,5:四捨五入,0:切り捨て,9:切り上げ,1:発行済,0:未承認,,0:しない,0:新規,,,,,,0051,国分,,,,,,,,,1:後加工,2026/07/30,1:通常,芙蓉アステック,,,0,,,,,0:1明細目,,,カット,100.00,200,1,1,,,50103,トーレペフ Y(工材),1:対象外,0,0.00,200.00,SG,1041,単板カット機,0,0,0.00,0.00,B1O50AGA0200FN1,551,ペフ,55109,ﾍﾟﾌ　その他,,,,,,,000003,4原材料,02,社外加工,30050-AG00-1000x200FA C,,m,0:自社,,,,,,,,,,,2026/07/24,6710,河合 直樹,,,,0,1
00081881,製品,001,2026/07/23,2026/07/31,2026/07/31,2026/07/31,0:通常,0:通常,01,505201,湖南52,000052,湖南工場,049006,東ﾚ(株) 自材部,,,,,,,,,,,,,,,,,,,520201,湖南工場01本倉庫,0015,末締,01,東レ本体,0:しない,,,,C7-28,100,,,"27,200",0,1:完了,1:完了,0:通常,1:税抜,0,3:請求合計,1:金額,0:円未満,5:四捨五入,0:切り捨て,9:切り上げ,1:発行済,0:未承認,,0:しない,1:修正,,,,,,,,,,,,,,,,1:後加工,2026/07/31,1:通常,屋根,,,0,,,,,0:1明細目,,,スリット,"3,200.00","1,600",1,1,,,50103,トーレペフ Y(工材),1:対象外,0,0.00,"3,200.00",,,,"27,200",0,"3,200.00",8.50,A2P408Y34200GB1,551,ペフ,50103,トーレペフ Y(工材),,,,,,,000001,2製品,02,社外加工,0R040-8Y0B- 345X200G-ABG1C,,M,0:自社,,,,済,済,2026/07/29,2026/07/29,2026/07/29,2026/07/29,189771Z,,6713,砂田 奈美,,,1:あり,0,0
00081881,原反,001,2026/07/23,2026/07/31,2026/07/31,2026/07/31,0:通常,0:通常,01,505201,湖南52,000052,湖南工場,049006,東ﾚ(株) 自材部,,,,,,,,,,,,,,,,,,,520201,湖南工場01本倉庫,0015,末締,01,東レ本体,0:しない,,,,C7-28,100,,,"27,200",0,1:完了,1:完了,0:通常,1:税抜,0,3:請求合計,1:金額,0:円未満,5:四捨五入,0:切り捨て,9:切り上げ,1:発行済,0:未承認,,0:しない,1:修正,,,,,,,,,,,,,,,,1:後加工,2026/07/31,1:通常,屋根,,,0,,,,,0:1明細目,,,スリット,"3,200.00","1,600",1,1,,,50103,トーレペフ Y(工材),1:対象外,0,0.00,"1,600.00",K ,2013,スリット機1　湖南,0,0,0.00,0.00,B2P408Y87200FB1,551,ペフ,55109,ﾍﾟﾌ　その他,,,,,,,000001,2製品,02,社外加工,0R040-8Y0B- 870X200F-ABG1C,,M,0:自社,,,,,,,,,,,2026/07/28,6713,砂田 奈美,,,,0,8
00081882,製品,001,2026/07/23,2026/07/31,2026/07/31,2026/07/31,0:通常,0:通常,01,505201,湖南52,000052,湖南工場,049052,東ﾚﾍﾟﾌ加工品(株) 国分・湖南,,,,,,,,,,,,,,,,,,,520201,湖南工場01本倉庫,0015,末締,02,東レグループ,0:しない,,,,GB60702,100,,,"4,550",0,1:完了,1:完了,0:通常,1:税抜,0,3:請求合計,1:金額,0:円未満,5:四捨五入,9:切り上げ,5:四捨五入,1:発行済,0:未承認,,0:しない,1:修正,,,,,,,,,,,,,,,,1:後加工,2026/07/31,1:通常,,,,0,,,,,0:1明細目,,,スライス,200.00,100,1,1,立会いなし,,50200,ＴＰＩ,1:対象外,0,0.00,200.00,,,,"4,550",0,200.00,22.75,A3O30GBA5100FN1,551,ペフ,50200,ＴＰＩ,,,,,,,000001,2製品,02,社外加工,HB3000GB45-1050X100F-A,,M,0:自社,,,,済,済,2026/07/30,2026/07/30,2026/07/30,2026/07/30,,,0   ,砂田 奈美,,,0:なし,0,0
00081882,原反,001,2026/07/23,2026/07/31,2026/07/31,2026/07/31,0:通常,0:通常,01,505201,湖南52,000052,湖南工場,049052,東ﾚﾍﾟﾌ加工品(株) 国分・湖南,,,,,,,,,,,,,,,,,,,520201,湖南工場01本倉庫,0015,末締,02,東レグループ,0:しない,,,,GB60702,100,,,"4,550",0,1:完了,1:完了,0:通常,1:税抜,0,3:請求合計,1:金額,0:円未満,5:四捨五入,9:切り上げ,5:四捨五入,1:発行済,0:未承認,,0:しない,1:修正,,,,,,,,,,,,,,,,1:後加工,2026/07/31,1:通常,,,,0,,,,,0:1明細目,,,スライス,200.00,100,1,1,立会いなし,,50200,ＴＰＩ,1:対象外,0,0.00,100.00,K ,2011,スライス機1　湖南,0,0,0.00,0.00,B3O30GBA5100FN1,551,ペフ,50200,ＴＰＩ,,,,,,,000001,2製品,02,社外加工,HB3000GB90-1050X100F-A,,M,0:自社,,,,,,,,,,,2026/07/30,0   ,砂田 奈美,,,,0,1
00081888,製品,001,2026/07/23,2026/07/31,2026/07/31,2026/07/31,0:通常,0:通常,01,505101,国分後加工511,000051,国分後加工,049006,東ﾚ(株) 自材部,,,,,,,,,,,,,,,,,,,511101,国分工場01本倉庫,0015,末締,01,東レ本体,0:しない,,,,Y7-78,100,,,"220,000",0,1:完了,1:完了,0:通常,1:税抜,0,3:請求合計,1:金額,0:円未満,5:四捨五入,0:切り捨て,9:切り上げ,1:発行済,0:未承認,,0:しない,1:修正,,,,,,0051,国分,,,,,,,,,1:後加工,2026/07/31,1:通常,阿部加工,,,0,,,,,0:1明細目,,,スライス,"20,000.00","10,000",1,1,湖南からC7-18依頼分,,50103,トーレペフ Y(工材),1:対象外,0,0.00,"20,000.00",,,,"220,000",0,"20,000.00",11.00,A1O33BY64200FG3,551,ペフ,50103,トーレペフ Y(工材),,,999999,対象外,,,000001,2製品,02,社外加工,30033-BY00-640x200FAGA0C,,m,0:自社,,,,済,済,2026/07/27,2026/07/29,2026/07/30,2026/07/30,189553L,,6713,河合 直樹,,,0:なし,0,0
00081888,原反,001,2026/07/23,2026/07/31,2026/07/31,2026/07/31,0:通常,0:通常,01,505101,国分後加工511,000051,国分後加工,049006,東ﾚ(株) 自材部,,,,,,,,,,,,,,,,,,,511101,国分工場01本倉庫,0015,末締,01,東レ本体,0:しない,,,,Y7-78,100,,,"220,000",0,1:完了,1:完了,0:通常,1:税抜,0,3:請求合計,1:金額,0:円未満,5:四捨五入,0:切り捨て,9:切り上げ,1:発行済,0:未承認,,0:しない,1:修正,,,,,,0051,国分,,,,,,,,,1:後加工,2026/07/31,1:通常,阿部加工,,,0,,,,,0:1明細目,,,スライス,"20,000.00","10,000",1,1,湖南からC7-18依頼分,,50103,トーレペフ Y(工材),1:対象外,0,0.00,"10,000.00",SG,1011,スライス機1,0,0,0.00,0.00,B1O66AY64200FG3,551,ペフ,55109,ﾍﾟﾌ　その他,,,,,,,000001,2製品,02,社外加工,30066-AY00-640x200FAGA0C,,m,0:自社,,,,,,,,,,,2026/07/27,6710,河合 直樹,,,,0,50
00081889,製品,001,2026/07/23,2026/08/10,2026/08/10,2026/07/31,0:通常,0:通常,01,505101,国分後加工511,000051,国分後加工,049006,東ﾚ(株) 自材部,,,,,,,,,,,,,,,,,,,511101,国分工場01本倉庫,0015,末締,01,東レ本体,0:しない,,,,Y8-11,100,,,"22,000",0,1:完了,1:完了,0:通常,1:税抜,0,3:請求合計,1:金額,0:円未満,5:四捨五入,0:切り捨て,9:切り上げ,1:発行済,0:未承認,,0:しない,1:修正,,,,,,0051,国分,,,,,,,,,1:後加工,2026/08/10,1:通常,丸信あずみの,,,0,,,,,0:1明細目,,,スライス,"2,000.00","1,000",1,1,黒テープつけたままでOK,,50103,トーレペフ Y(工材),1:対象外,0,0.00,"2,000.00",,,,"22,000",0,"2,000.00",11.00,A1F15BPA0200FN1,551,ペフ,50103,トーレペフ Y(工材),,,999999,対象外,,,000001,2製品,02,社外加工,15015-BP61-1000X200FA    C,,m,0:自社,,,,済,済,2026/08/07,2026/08/07,2026/08/12,2026/08/12,189730R,,6783,河合 直樹,,,0:なし,0,0
00081889,原反,001,2026/07/23,2026/08/10,2026/08/10,2026/07/31,0:通常,0:通常,01,505101,国分後加工511,000051,国分後加工,049006,東ﾚ(株) 自材部,,,,,,,,,,,,,,,,,,,511101,国分工場01本倉庫,0015,末締,01,東レ本体,0:しない,,,,Y8-11,100,,,"22,000",0,1:完了,1:完了,0:通常,1:税抜,0,3:請求合計,1:金額,0:円未満,5:四捨五入,0:切り捨て,9:切り上げ,1:発行済,0:未承認,,0:しない,1:修正,,,,,,0051,国分,,,,,,,,,1:後加工,2026/08/10,1:通常,丸信あずみの,,,0,,,,,0:1明細目,,,スライス,"2,000.00","1,000",1,1,黒テープつけたままでOK,,50103,トーレペフ Y(工材),1:対象外,0,0.00,"1,000.00",SG,1022,スライス機3,0,0,0.00,0.00,B1F30APA0200FN1,551,ペフ,55109,ﾍﾟﾌ　その他,,,,,,,000001,2製品,02,社外加工,15030-AP61-1000X200FA    H,,m,0:自社,,,,,,,,,,,2026/08/05,6780,河合 直樹,,,,0,5
00081890,製品,001,2026/07/23,2026/08/10,2026/08/10,2026/07/31,0:通常,0:通常,01,505101,国分後加工511,000051,国分後加工,049006,東ﾚ(株) 自材部,,,,,,,,,,,,,,,,,,,511101,国分工場01本倉庫,0015,末締,01,東レ本体,0:しない,,,,Y8-12,100,,,"21,934",0,0:未完,0:未完,0:通常,1:税抜,0,3:請求合計,1:金額,0:円未満,5:四捨五入,0:切り捨て,9:切り上げ,1:発行済,0:未承認,,0:しない,1:修正,,,,,,0051,国分,,,,,,,,,1:後加工,2026/08/10,1:通常,丸信あずみの,,,0,,,,,0:1明細目,,,スライス,"1,994.00","1,000",2,1,黒テープつけたままでOK,,50103,トーレペフ Y(工材),1:対象外,0,0.00,"1,600.00",,,,"17,600",0,"1,600.00",11.00,A1F15BPA0200FN1,551,ペフ,50103,トーレペフ Y(工材),,,999999,対象外,,,000001,2製品,02,社外加工,15015-BP61-1000X200FA    C,,m,0:自社,,,,済,済,2026/08/07,2026/08/07,2026/08/12,2026/08/12,189731L,,6783,河合 直樹,,,0:なし,0,0
00081890,製品,002,2026/07/23,2026/08/10,2026/08/10,2026/07/31,0:通常,0:通常,01,505101,国分後加工511,000051,国分後加工,049006,東ﾚ(株) 自材部,,,,,,,,,,,,,,,,,,,511101,国分工場01本倉庫,0015,末締,01,東レ本体,0:しない,,,,Y8-12,100,,,"21,934",0,0:未完,0:未完,0:通常,1:税抜,0,3:請求合計,1:金額,0:円未満,5:四捨五入,0:切り捨て,9:切り上げ,1:発行済,0:未承認,,0:しない,1:修正,,,,,,0051,国分,,,,,,,,,1:後加工,2026/08/10,1:通常,丸信あずみの,,,0,,,,,0:1明細目,,,スライス,"1,994.00","1,000",2,1,黒テープつけたままでOK,,50103,トーレペフ Y(工材),1:対象外,0,0.00,394.00,,,,"4,334",0,394.00,11.00,A1F15BPA0195FN1,551,ペフ,50103,トーレペフ Y(工材),,,999999,対象外,,,000001,2製品,02,社外加工,15015-BP61-1000X197FA    C,短尺　195-199m,m,0:自社,,,,済,済,2026/08/11,2026/08/11,2026/08/12,2026/08/12,191333F,,6783,河合 直樹,,,0:なし,0,0
00081890,原反,001,2026/07/23,2026/08/10,2026/08/10,2026/07/31,0:通常,0:通常,01,505101,国分後加工511,000051,国分後加工,049006,東ﾚ(株) 自材部,,,,,,,,,,,,,,,,,,,511101,国分工場01本倉庫,0015,末締,01,東レ本体,0:しない,,,,Y8-12,100,,,"21,934",0,0:未完,0:未完,0:通常,1:税抜,0,3:請求合計,1:金額,0:円未満,5:四捨五入,0:切り捨て,9:切り上げ,1:発行済,0:未承認,,0:しない,1:修正,,,,,,0051,国分,,,,,,,,,1:後加工,2026/08/10,1:通常,丸信あずみの,,,0,,,,,0:1明細目,,,スライス,"1,994.00","1,000",2,1,黒テープつけたままでOK,,50103,トーレペフ Y(工材),1:対象外,0,0.00,"1,000.00",SG,1022,スライス機3,0,0,0.00,0.00,B1F30APA0200FN1,551,ペフ,55109,ﾍﾟﾌ　その他,,,,,,,000001,2製品,02,社外加工,15030-AP61-1000X200FA    H,,m,0:自社,,,,,,,,,,,2026/08/05,6780,河合 直樹,,,,0,5
00081891,製品,001,2026/07/23,2026/07/31,2026/07/31,2026/07/31,0:通常,0:通常,01,505101,国分後加工511,000051,国分後加工,049006,東ﾚ(株) 自材部,,,,,,,,,,,,,,,,,,,511101,国分工場01本倉庫,0015,末締,01,東レ本体,0:しない,,,,W7-49,100,,,"36,800",0,1:完了,1:完了,0:通常,1:税抜,0,3:請求合計,1:金額,0:円未満,5:四捨五入,0:切り捨て,9:切り上げ,1:発行済,0:未承認,,0:しない,1:修正,,,,,,0051,国分,,,,,,,,,1:後加工,2026/07/31,1:通常,共レ,,,0,,,,,0:1明細目,"欠点個数確認　実数と合致していれば赤丸
共和レザー：251～300m長は欠点７個以下　接続：３個以内　両面緑テープ
P区分：Ｈ面端部赤テープ+Ｈ面中央部黒マジック+Q面中央部黒テープ",接続は欠点に含む,"スリット,分割","1,150.00","1,500",1,1,"欠点個数確認チェック
ラベル◎
70ｍは廃棄してください。",,50101,トーレペフ W(自材),1:対象外,0,0.00,"1,150.00",,,,"36,800",0,"1,150.00",32.00,A1K20AP94230FN1,551,ペフ,50101,トーレペフ W(自材),,,999999,対象外,,,000001,2製品,02,社外加工,20020-AP17-940X230F-A   P,共レ 251～300m以下 P区分,m,0:自社,,,,一部,一部,2026/07/30,2026/07/30,2026/07/30,2026/07/30,189654B,,6783,河合 直樹,,,0:なし,0,0
00081891,原反,001,2026/07/23,2026/07/31,2026/07/31,2026/07/31,0:通常,0:通常,01,505101,国分後加工511,000051,国分後加工,049006,東ﾚ(株) 自材部,,,,,,,,,,,,,,,,,,,511101,国分工場01本倉庫,0015,末締,01,東レ本体,0:しない,,,,W7-49,100,,,"36,800",0,1:完了,1:完了,0:通常,1:税抜,0,3:請求合計,1:金額,0:円未満,5:四捨五入,0:切り捨て,9:切り上げ,1:発行済,0:未承認,,0:しない,1:修正,,,,,,0051,国分,,,,,,,,,1:後加工,2026/07/31,1:通常,共レ,,,0,,,,,0:1明細目,"欠点個数確認　実数と合致していれば赤丸
共和レザー：251～300m長は欠点７個以下　接続：３個以内　両面緑テープ
P区分：Ｈ面端部赤テープ+Ｈ面中央部黒マジック+Q面中央部黒テープ",接続は欠点に含む,"スリット,分割","1,150.00","1,500",1,1,"欠点個数確認チェック
ラベル◎
70ｍは廃棄してください。",,50101,トーレペフ W(自材),1:対象外,0,0.00,"1,500.00",OK,1043,スリット機2,0,0,0.00,0.00,A1K21NP98300FN1,551,ペフ,50102,トーレペフ B(自輸),,,999999,対象外,,,000001,2製品,02,社外加工,20021-NP17- 980X300F-A   B,輸出251-300m Ｂ区分,m,0:自社,,,,,,,,,,,2026/07/29,6781,河合 直樹,,,,0,5
00081892,製品,001,2026/07/23,2026/07/31,2026/07/31,2026/07/31,0:通常,0:通常,01,505101,国分後加工511,000051,国分後加工,049006,東ﾚ(株) 自材部,,,,,,,,,,,,,,,,,,,511101,国分工場01本倉庫,0015,末締,01,東レ本体,0:しない,,,,T7-114,100,,,"11,840",0,0:未完,0:未完,0:通常,1:税抜,0,3:請求合計,1:金額,0:円未満,5:四捨五入,0:切り捨て,9:切り上げ,1:発行済,0:未承認,,0:しない,1:修正,,,,,,0051,国分,,,,,,,,,1:後加工,2026/07/31,1:通常,サンパック,,,0,,,,,0:1明細目,,,カット,740.00,900,2,1,長在のため投入は7月にお願いします,,50103,トーレペフ Y(工材),1:対象外,0,0.00,440.00,,,,"7,040",0,440.00,16.00,A1F30AAA7136ZNA,551,ペフ,50103,トーレペフ Y(工材),,,999999,対象外,,,000001,2製品,02,社外加工,15030-AA00-1070X136ZA ,,枚,0:自社,,,,済,済,2026/07/29,2026/07/29,2026/07/30,2026/07/30,189556S,,6713,河合 直樹,,,0:なし,0,0
00081892,製品,002,2026/07/23,2026/07/31,2026/07/31,2026/07/31,0:通常,0:通常,01,505101,国分後加工511,000051,国分後加工,049006,東ﾚ(株) 自材部,,,,,,,,,,,,,,,,,,,511101,国分工場01本倉庫,0015,末締,01,東レ本体,0:しない,,,,T7-114,100,,,"11,840",0,0:未完,0:未完,0:通常,1:税抜,0,3:請求合計,1:金額,0:円未満,5:四捨五入,0:切り捨て,9:切り上げ,1:発行済,0:未承認,,0:しない,1:修正,,,,,,0051,国分,,,,,,,,,1:後加工,2026/07/31,1:通常,サンパック,,,0,,,,,0:1明細目,,,カット,740.00,900,2,1,長在のため投入は7月にお願いします,,50103,トーレペフ Y(工材),1:対象外,0,0.00,300.00,,,,"4,800",0,300.00,16.00,A1F30AAA7100ZN1,551,ペフ,50103,トーレペフ Y(工材),,,999999,対象外,,,000001,2製品,02,社外加工,15030-AA00-1070X100ZA ,,枚,0:自社,,,,済,済,2026/07/30,2026/07/30,2026/07/30,2026/07/30,189557M,,6713,河合 直樹,,,0:なし,0,0
00081892,原反,001,2026/07/23,2026/07/31,2026/07/31,2026/07/31,0:通常,0:通常,01,505101,国分後加工511,000051,国分後加工,049006,東ﾚ(株) 自材部,,,,,,,,,,,,,,,,,,,511101,国分工場01本倉庫,0015,末締,01,東レ本体,0:しない,,,,T7-114,100,,,"11,840",0,0:未完,0:未完,0:通常,1:税抜,0,3:請求合計,1:金額,0:円未満,5:四捨五入,0:切り捨て,9:切り上げ,1:発行済,0:未承認,,0:しない,1:修正,,,,,,0051,国分,,,,,,,,,1:後加工,2026/07/31,1:通常,サンパック,,,0,,,,,0:1明細目,,,カット,740.00,900,2,1,長在のため投入は7月にお願いします,,50103,トーレペフ Y(工材),1:対象外,0,0.00,900.00,SG,1041,単板カット機,0,0,0.00,0.00,B1F30AAA7150FN1,551,ペフ,55109,ﾍﾟﾌ　その他,,,,,,,000001,2製品,02,社外加工,15030-AA00-1070X150FA    R,,m,0:自社,,,,,,,,,,,2026/07/27,6710,河合 直樹,,,,0,6
00081893,製品,001,2026/07/23,2026/07/31,2026/07/31,2026/07/31,0:通常,0:通常,01,505101,国分後加工511,000051,国分後加工,049006,東ﾚ(株) 自材部,,,,,,,,,,,,,,,,,,,511101,国分工場01本倉庫,0015,末締,01,東レ本体,0:しない,,,,Y8-24,100,,,"19,200",0,0:未完,0:未完,0:通常,1:税抜,0,3:請求合計,1:金額,0:円未満,5:四捨五入,0:切り捨て,9:切り上げ,1:発行済,0:未承認,,0:しない,1:修正,,,,,,0051,国分,,,,,,,,,1:後加工,2026/07/31,1:通常,芙蓉アステック,,,0,,,,,0:1明細目,カール注意,熱風温度設定：夏季上310℃下330℃、冬季：上320℃下340℃,融着,96.00,400,1,2,Q面融着,,50103,トーレペフ Y(工材),1:対象外,0,0.00,96.00,,,,"19,200",0,96.00,200.00,A1OFBDG98200ZB4,551,ペフ,50103,トーレペフ Y(工材),,,999999,対象外,,,000001,2製品,02,社外加工,30150-DG00-980x200ZABK0,,枚,0:自社,,,,済,済,2026/07/27,2026/07/27,2026/07/30,2026/07/30,189655K,,6713,河合 直樹,,,0:なし,2,0
00081893,原反,001,2026/07/23,2026/07/31,2026/07/31,2026/07/31,0:通常,0:通常,01,505101,国分後加工511,000051,国分後加工,049006,東ﾚ(株) 自材部,,,,,,,,,,,,,,,,,,,511101,国分工場01本倉庫,0015,末締,01,東レ本体,0:しない,,,,Y8-24,100,,,"19,200",0,0:未完,0:未完,0:通常,1:税抜,0,3:請求合計,1:金額,0:円未満,5:四捨五入,0:切り捨て,9:切り上げ,1:発行済,0:未承認,,0:しない,1:修正,,,,,,0051,国分,,,,,,,,,1:後加工,2026/07/31,1:通常,芙蓉アステック,,,0,,,,,0:1明細目,カール注意,熱風温度設定：夏季上310℃下330℃、冬季：上320℃下340℃,融着,96.00,400,1,2,Q面融着,,50103,トーレペフ Y(工材),1:対象外,0,0.00,200.00,SG,1121,融着機,0,0,0.00,0.00,B1OA0AGA0100FB4,551,ペフ,55109,ﾍﾟﾌ　その他,,,,,,,000001,2製品,02,社外加工,30100-AG00-1000X100FA BK0C,,m,0:自社,,,,,,,,,,,2026/07/27,6710,河合 直樹,,,,0,2
00081893,原反,002,2026/07/23,2026/07/31,2026/07/31,2026/07/31,0:通常,0:通常,01,505101,国分後加工511,000051,国分後加工,049006,東ﾚ(株) 自材部,,,,,,,,,,,,,,,,,,,511101,国分工場01本倉庫,0015,末締,01,東レ本体,0:しない,,,,Y8-24,100,,,"19,200",0,0:未完,0:未完,0:通常,1:税抜,0,3:請求合計,1:金額,0:円未満,5:四捨五入,0:切り捨て,9:切り上げ,1:発行済,0:未承認,,0:しない,1:修正,,,,,,0051,国分,,,,,,,,,1:後加工,2026/07/31,1:通常,芙蓉アステック,,,0,,,,,0:1明細目,カール注意,熱風温度設定：夏季上310℃下330℃、冬季：上320℃下340℃,融着,96.00,400,1,2,Q面融着,,50103,トーレペフ Y(工材),1:対象外,0,0.00,200.00,SG,1121,融着機,0,0,0.00,0.00,B1O50AGA3200FB4,551,ペフ,55109,ﾍﾟﾌ　その他,,,,,,,000001,2製品,02,社外加工,30050-AG00-1030X200FA BK0C,,m,0:自社,,,,,,,,,,,2026/07/27,6710,河合 直樹,,,,0,1
00081894,製品,001,2026/07/23,2026/07/31,2026/07/31,2026/07/31,0:通常,0:通常,01,505101,国分後加工511,000051,国分後加工,049006,東ﾚ(株) 自材部,,,,,,,,,,,,,,,,,,,511101,国分工場01本倉庫,0015,末締,01,東レ本体,0:しない,,,,Y8-14,100,,,"21,000",0,1:完了,1:完了,0:通常,1:税抜,0,3:請求合計,1:金額,0:円未満,5:四捨五入,0:切り捨て,9:切り上げ,1:発行済,0:未承認,,0:しない,1:修正,,,,,,0051,国分,,,,,,,,,1:後加工,2026/07/31,1:通常,サンエイ,,,0,,,,,0:1明細目,,熱風温度設定(上下)：夏季350℃、冬季360℃,"融着,分割",200.00,400,1,1,,,50103,トーレペフ Y(工材),1:対象外,0,0.00,200.00,,,,"21,000",0,200.00,105.00,A1O80DEA0100FG3,551,ペフ,50103,トーレペフ Y(工材),,,999999,対象外,,,000001,2製品,02,社外加工,30080-DG20-1000X100FA GA0U,,m,0:自社,,,,済,一部,2026/07/31,2026/07/31,2026/07/31,2026/07/31,190059M,,6713,河合 直樹,,,1:あり,2,0
00081894,原反,001,2026/07/23,2026/07/31,2026/07/31,2026/07/31,0:通常,0:通常,01,505101,国分後加工511,000051,国分後加工,049006,東ﾚ(株) 自材部,,,,,,,,,,,,,,,,,,,511101,国分工場01本倉庫,0015,末締,01,東レ本体,0:しない,,,,Y8-14,100,,,"21,000",0,1:完了,1:完了,0:通常,1:税抜,0,3:請求合計,1:金額,0:円未満,5:四捨五入,0:切り捨て,9:切り上げ,1:発行済,0:未承認,,0:しない,1:修正,,,,,,0051,国分,,,,,,,,,1:後加工,2026/07/31,1:通常,サンエイ,,,0,,,,,0:1明細目,,熱風温度設定(上下)：夏季350℃、冬季360℃,"融着,分割",200.00,400,1,1,,,50103,トーレペフ Y(工材),1:対象外,0,0.00,400.00,SG,1121,融着機,0,0,0.00,0.00,B1O40AEA5200FG3,551,ペフ,55109,ﾍﾟﾌ　その他,,,,,,,000001,2製品,02,社外加工,30040-AG20-1050X200FA GA0U,,m,0:自社,,,,,,,,,,,2026/07/30,6710,河合 直樹,,,,0,2
00081895,製品,001,2026/07/23,2026/07/31,2026/07/31,2026/07/31,0:通常,0:通常,01,505101,国分後加工511,000051,国分後加工,049006,東ﾚ(株) 自材部,,,,,,,,,,,,,,,,,,,511101,国分工場01本倉庫,0015,末締,01,東レ本体,0:しない,,,,Y8-15,100,,,"19,116",0,0:未完,0:未完,0:通常,1:税抜,0,3:請求合計,1:金額,0:円未満,5:四捨五入,0:切り捨て,9:切り上げ,1:発行済,0:未承認,,0:しない,1:修正,,,,,,0051,国分,,,,,,,,,1:後加工,2026/07/31,1:通常,丸信,,,0,,,,,0:1明細目,カール注意,熱風設定温度：夏季上：310℃・下：330℃、冬季上：320℃・下：340℃,融着,118.00,400,1,2,,,50103,トーレペフ Y(工材),1:対象外,0,0.00,118.00,,,,"19,116",0,118.00,162.00,A1OFBDG98162ZB4,551,ペフ,50103,トーレペフ Y(工材),,,999999,対象外,,,000001,2製品,02,社外加工,30150-DG00-980x162ZABK0,,枚,0:自社,,,,済,済,2026/07/27,2026/07/27,2026/07/30,2026/07/30,189656F,,6713,河合 直樹,,,0:なし,2,0
00081895,原反,001,2026/07/23,2026/07/31,2026/07/31,2026/07/31,0:通常,0:通常,01,505101,国分後加工511,000051,国分後加工,049006,東ﾚ(株) 自材部,,,,,,,,,,,,,,,,,,,511101,国分工場01本倉庫,0015,末締,01,東レ本体,0:しない,,,,Y8-15,100,,,"19,116",0,0:未完,0:未完,0:通常,1:税抜,0,3:請求合計,1:金額,0:円未満,5:四捨五入,0:切り捨て,9:切り上げ,1:発行済,0:未承認,,0:しない,1:修正,,,,,,0051,国分,,,,,,,,,1:後加工,2026/07/31,1:通常,丸信,,,0,,,,,0:1明細目,カール注意,熱風設定温度：夏季上：310℃・下：330℃、冬季上：320℃・下：340℃,融着,118.00,400,1,2,,,50103,トーレペフ Y(工材),1:対象外,0,0.00,200.00,SG,1121,融着機,0,0,0.00,0.00,B1OA0AGA0100FB4,551,ペフ,55109,ﾍﾟﾌ　その他,,,,,,,000001,2製品,02,社外加工,30100-AG00-1000X100FA BK0M,,m,0:自社,,,,,,,,,,,2026/07/27,6710,河合 直樹,,,,0,2
00081895,原反,002,2026/07/23,2026/07/31,2026/07/31,2026/07/31,0:通常,0:通常,01,505101,国分後加工511,000051,国分後加工,049006,東ﾚ(株) 自材部,,,,,,,,,,,,,,,,,,,511101,国分工場01本倉庫,0015,末締,01,東レ本体,0:しない,,,,Y8-15,100,,,"19,116",0,0:未完,0:未完,0:通常,1:税抜,0,3:請求合計,1:金額,0:円未満,5:四捨五入,0:切り捨て,9:切り上げ,1:発行済,0:未承認,,0:しない,1:修正,,,,,,0051,国分,,,,,,,,,1:後加工,2026/07/31,1:通常,丸信,,,0,,,,,0:1明細目,カール注意,熱風設定温度：夏季上：310℃・下：330℃、冬季上：320℃・下：340℃,融着,118.00,400,1,2,,,50103,トーレペフ Y(工材),1:対象外,0,0.00,200.00,SG,1121,融着機,0,0,0.00,0.00,B1O50AGA0200FB4,551,ペフ,55109,ﾍﾟﾌ　その他,,,,,,,000001,2製品,02,社外加工,30050-AG00-1030X200FA BK0C,,m,0:自社,,,,,,,,,,,2026/07/27,6710,河合 直樹,,,,0,1
00081896,製品,001,2026/07/23,2026/07/31,2026/07/31,2026/07/31,0:通常,0:通常,01,505101,国分後加工511,000051,国分後加工,049006,東ﾚ(株) 自材部,,,,,,,,,,,,,,,,,,,511101,国分工場01本倉庫,0015,末締,01,東レ本体,0:しない,,,,Y8-18,100,,,"19,328",0,1:完了,1:完了,0:通常,1:税抜,0,3:請求合計,1:金額,0:円未満,5:四捨五入,0:切り捨て,9:切り上げ,1:発行済,0:未承認,,0:しない,1:修正,,,,,,0051,国分,,,,,,,,,1:後加工,2026/07/31,1:通常,ドラーフタイト工場,,,0,,,,,0:1明細目,,熱風温度上下：夏季330℃、冬季340℃,融着,128.00,400,1,1,23枚梱包,,50103,トーレペフ Y(工材),1:対象外,0,0.00,128.00,,,,"19,328",0,128.00,151.00,A1OK0DGA0151ZB4,551,ペフ,50103,トーレペフ Y(工材),,,999999,対象外,,,000001,2製品,02,社外加工,30200-DG00-1000X151ZA BK0,,枚,0:自社,,,,済,済,2026/07/29,2026/07/29,2026/07/30,2026/07/30,189737Z,,6713,河合 直樹,,,1:あり,2,0
00081896,原反,001,2026/07/23,2026/07/31,2026/07/31,2026/07/31,0:通常,0:通常,01,505101,国分後加工511,000051,国分後加工,049006,東ﾚ(株) 自材部,,,,,,,,,,,,,,,,,,,511101,国分工場01本倉庫,0015,末締,01,東レ本体,0:しない,,,,Y8-18,100,,,"19,328",0,1:完了,1:完了,0:通常,1:税抜,0,3:請求合計,1:金額,0:円未満,5:四捨五入,0:切り捨て,9:切り上げ,1:発行済,0:未承認,,0:しない,1:修正,,,,,,0051,国分,,,,,,,,,1:後加工,2026/07/31,1:通常,ドラーフタイト工場,,,0,,,,,0:1明細目,,熱風温度上下：夏季330℃、冬季340℃,融着,128.00,400,1,1,23枚梱包,,50103,トーレペフ Y(工材),1:対象外,0,0.00,400.00,SG,1121,融着機,0,0,0.00,0.00,B1OA0AGA5100FBD,551,ペフ,55109,ﾍﾟﾌ　その他,,,,,,,000001,2製品,02,社外加工,30100-AG00-1050X100FA BK0M,,m,0:自社,,,,,,,,,,,2026/07/29,6710,河合 直樹,,,,0,4
00081897,製品,001,2026/07/23,2026/08/06,2026/08/06,2026/07/31,0:通常,0:通常,01,505101,国分後加工511,000051,国分後加工,049006,東ﾚ(株) 自材部,,,,,,,,,,,,,,,,,,,511101,国分工場01本倉庫,,,01,東レ本体,0:しない,,,,Y8-19,100,,,"11,597",0,0:未完,0:未完,0:通常,1:税抜,0,3:請求合計,1:金額,0:円未満,5:四捨五入,0:切り捨て,9:切り上げ,1:発行済,0:未承認,,0:しない,1:修正,,,,,,0051,国分,,,,,,,,,1:後加工,2026/08/06,1:通常,ドラーフタイト工場,,,0,,,,,0:1明細目,,熱風設定温度(上下)：夏季340℃、冬季350℃,融着,64.00,300,1,1,16枚梱包,,50103,トーレペフ Y(工材),1:対象外,0,0.00,64.00,,,,"11,597",0,64.00,181.20,A1OADDGA0151ZB4,551,ペフ,50103,トーレペフ Y(工材),,,999999,対象外,,,000001,2製品,02,社外加工,30300-DG00-1000x151ZABK0,,枚,0:自社,,,,済,済,2026/08/03,2026/08/03,2026/08/12,2026/08/12,189738T,,6713,河合 直樹,,,1:あり,3,0
00081897,原反,001,2026/07/23,2026/08/06,2026/08/06,2026/07/31,0:通常,0:通常,01,505101,国分後加工511,000051,国分後加工,049006,東ﾚ(株) 自材部,,,,,,,,,,,,,,,,,,,511101,国分工場01本倉庫,,,01,東レ本体,0:しない,,,,Y8-19,100,,,"11,597",0,0:未完,0:未完,0:通常,1:税抜,0,3:請求合計,1:金額,0:円未満,5:四捨五入,0:切り捨て,9:切り上げ,1:発行済,0:未承認,,0:しない,1:修正,,,,,,0051,国分,,,,,,,,,1:後加工,2026/08/06,1:通常,ドラーフタイト工場,,,0,,,,,0:1明細目,,熱風設定温度(上下)：夏季340℃、冬季350℃,融着,64.00,300,1,1,16枚梱包,,50103,トーレペフ Y(工材),1:対象外,0,0.00,300.00,SG,1121,融着機,0,0,0.00,0.00,B1OA0AGA0050FB4,551,ペフ,55109,ﾍﾟﾌ　その他,,,,,,,000003,4原材料,02,社外加工,30100-AG00-1050X100FA BK0M,,m,0:自社,,,,,,,,,,,2026/08/03,6710,河合 直樹,,,,0,3
00081898,製品,001,2026/07/23,2026/08/06,2026/08/06,2026/07/31,0:通常,0:通常,01,505101,国分後加工511,000051,国分後加工,049006,東ﾚ(株) 自材部,,,,,,,,,,,,,,,,,,,511101,国分工場01本倉庫,0015,末締,01,東レ本体,0:しない,,,,Y8-20,100,,,"83,055",0,0:未完,0:未完,0:通常,1:税抜,0,3:請求合計,1:金額,0:円未満,5:四捨五入,0:切り捨て,9:切り上げ,1:発行済,0:未承認,,0:しない,1:修正,,,,,,0051,国分,,,,,,,,,1:後加工,2026/08/06,1:通常,丸信あずみの,,,0,,,,,0:1明細目,巻芯部1.5mは使用しないこと。,原反巻き芯部1.5mは使用しないこと！1030幅の紙管､ﾄﾘﾐﾝｸﾞ有無要確認｡　熱風温度設定(上下)：夏季360℃、冬季370℃,"融着,分割",791.00,"1,600",2,1,,,50103,トーレペフ Y(工材),1:対象外,0,0.00,750.00,,,,"78,750",0,750.00,105.00,A1OA0DGA2050FG3,551,ペフ,50103,トーレペフ Y(工材),,,999999,対象外,,,000001,2製品,02,社外加工,30100-DG20-1020X 50FA GA0U,,m,0:自社,,,,済,一部,2026/08/04,2026/08/04,2026/08/12,2026/08/12,189740J,,6713,河合 直樹,,,1:あり,2,0
00081898,製品,002,2026/07/23,2026/08/06,2026/08/06,2026/07/31,0:通常,0:通常,01,505101,国分後加工511,000051,国分後加工,049006,東ﾚ(株) 自材部,,,,,,,,,,,,,,,,,,,511101,国分工場01本倉庫,0015,末締,01,東レ本体,0:しない,,,,Y8-20,100,,,"83,055",0,0:未完,0:未完,0:通常,1:税抜,0,3:請求合計,1:金額,0:円未満,5:四捨五入,0:切り捨て,9:切り上げ,1:発行済,0:未承認,,0:しない,1:修正,,,,,,0051,国分,,,,,,,,,1:後加工,2026/08/06,1:通常,丸信あずみの,,,0,,,,,0:1明細目,巻芯部1.5mは使用しないこと。,原反巻き芯部1.5mは使用しないこと！1030幅の紙管､ﾄﾘﾐﾝｸﾞ有無要確認｡　熱風温度設定(上下)：夏季360℃、冬季370℃,"融着,分割",791.00,"1,600",2,1,,,50103,トーレペフ Y(工材),1:対象外,0,0.00,41.00,,,,"4,305",0,41.00,105.00,A1OA0DGA2040FG3,551,ペフ,50103,トーレペフ Y(工材),,,999999,対象外,,,000001,2製品,02,社外加工,30100-DG20-1020X 41FA GA0U,短尺　40-44m,m,0:自社,,,,済,一部,2026/08/05,2026/08/05,2026/08/12,2026/08/12,191044J,,6713,河合 直樹,,,1:あり,2,0
00081898,原反,001,2026/07/23,2026/08/06,2026/08/06,2026/07/31,0:通常,0:通常,01,505101,国分後加工511,000051,国分後加工,049006,東ﾚ(株) 自材部,,,,,,,,,,,,,,,,,,,511101,国分工場01本倉庫,0015,末締,01,東レ本体,0:しない,,,,Y8-20,100,,,"83,055",0,0:未完,0:未完,0:通常,1:税抜,0,3:請求合計,1:金額,0:円未満,5:四捨五入,0:切り捨て,9:切り上げ,1:発行済,0:未承認,,0:しない,1:修正,,,,,,0051,国分,,,,,,,,,1:後加工,2026/08/06,1:通常,丸信あずみの,,,0,,,,,0:1明細目,巻芯部1.5mは使用しないこと。,原反巻き芯部1.5mは使用しないこと！1030幅の紙管､ﾄﾘﾐﾝｸﾞ有無要確認｡　熱風温度設定(上下)：夏季360℃、冬季370℃,"融着,分割",791.00,"1,600",2,1,,,50103,トーレペフ Y(工材),1:対象外,0,0.00,"1,600.00",SG,1121,融着機,0,0,0.00,0.00,B1O50AGA5200FG3,551,ペフ,50103,トーレペフ Y(工材),,,,,,,000003,4原材料,02,社外加工,30050-AG20-1050X200F-AGA0U,,m,0:自社,,,,,,,,,,,2026/08/03,6710,河合 直樹,,,,0,8
00081899,製品,001,2026/07/23,2026/08/06,2026/08/06,2026/07/31,0:通常,0:通常,01,505101,国分後加工511,000051,国分後加工,049006,東ﾚ(株) 自材部,,,,,,,,,,,,,,,,,,,511101,国分工場01本倉庫,0015,末締,01,東レ本体,0:しない,,,,Y8-16,100,,,"11,040",0,1:完了,1:完了,0:通常,1:税抜,0,3:請求合計,1:金額,0:円未満,5:四捨五入,0:切り捨て,9:切り上げ,1:発行済,0:未承認,,0:しない,1:修正,,,,,,0051,国分,,,,,,,,,1:後加工,2026/08/06,1:通常,芙蓉アステック,,,0,,,,,0:1明細目,,熱風設定温度(上下)：夏季310℃、冬季320℃,"分割,融着",48.00,200,1,1,,,50103,トーレペフ Y(工材),1:対象外,0,0.00,48.00,,,,"11,040",0,48.00,230.00,A1OCBDG98200ZN1,551,ペフ,50103,トーレペフ Y(工材),,,999999,対象外,,,000001,2製品,02,社外加工,30120-DG00- 980X200ZA ,,枚,0:自社,,,,済,済,2026/08/04,2026/08/04,2026/08/12,2026/08/12,189735M,,6713,河合 直樹,,,0:なし,2,0
00081899,原反,001,2026/07/23,2026/08/06,2026/08/06,2026/07/31,0:通常,0:通常,01,505101,国分後加工511,000051,国分後加工,049006,東ﾚ(株) 自材部,,,,,,,,,,,,,,,,,,,511101,国分工場01本倉庫,0015,末締,01,東レ本体,0:しない,,,,Y8-16,100,,,"11,040",0,1:完了,1:完了,0:通常,1:税抜,0,3:請求合計,1:金額,0:円未満,5:四捨五入,0:切り捨て,9:切り上げ,1:発行済,0:未承認,,0:しない,1:修正,,,,,,0051,国分,,,,,,,,,1:後加工,2026/08/06,1:通常,芙蓉アステック,,,0,,,,,0:1明細目,,熱風設定温度(上下)：夏季310℃、冬季320℃,"分割,融着",48.00,200,1,1,,,50103,トーレペフ Y(工材),1:対象外,0,0.00,200.00,SG,1043,スリット機2,0,0,0.00,0.00,B1O60AGA0100FN1,551,ペフ,55109,ﾍﾟﾌ　その他,,,,,,,000001,2製品,02,社外加工,30060-AG00-1000X200FA    C,,m,0:自社,,,,,,,,,,,2026/08/03,6710,河合 直樹,,,,0,1
00081911,製品,001,2026/07/24,2026/08/05,2026/08/05,2026/07/31,0:通常,0:通常,01,505101,国分後加工511,000051,国分後加工,049006,東ﾚ(株) 自材部,,,,,,,,,,,,,,,,,,,511101,国分工場01本倉庫,0015,末締,01,東レ本体,0:しない,,,,Y8-34,100,,,"151,200",0,1:完了,1:完了,0:通常,1:税抜,0,3:請求合計,1:金額,0:円未満,5:四捨五入,0:切り捨て,9:切り上げ,1:発行済,0:未承認,,0:しない,1:修正,,,,,,0051,国分,,,,,,,,,1:後加工,2026/08/05,1:通常,ダイウレ,,,0,,,,,0:1明細目,,接続：緑テープ75mm幅　ぬれ検査頻度：1回/5本　スライス行き（ﾀﾞｲｳﾚ向け片面EC）,"EC,スライス","7,200.00","1,800",3,1,,,50103,トーレペフ Y(工材),1:対象外,0,0.00,"1,800.00",,,,"62,100",0,"1,800.00",34.50,A1O10KSA3200FN1,551,ペフ,50103,トーレペフ Y(工材),,,999999,対象外,,,000001,2製品,02,社外加工,30010-KS60-1030x200FA H,,m,0:自社,,,,済,済,2026/08/03,2026/08/03,2026/08/12,2026/08/12,189755T,,6783,河合 直樹,03,Ｈ面,0:なし,0,0
00081911,製品,002,2026/07/24,2026/08/05,2026/08/05,2026/07/31,0:通常,0:通常,01,505101,国分後加工511,000051,国分後加工,049006,東ﾚ(株) 自材部,,,,,,,,,,,,,,,,,,,511101,国分工場01本倉庫,0015,末締,01,東レ本体,0:しない,,,,Y8-34,100,,,"151,200",0,1:完了,1:完了,0:通常,1:税抜,0,3:請求合計,1:金額,0:円未満,5:四捨五入,0:切り捨て,9:切り上げ,1:発行済,0:未承認,,0:しない,1:修正,,,,,,0051,国分,,,,,,,,,1:後加工,2026/08/05,1:通常,ダイウレ,,,0,,,,,0:1明細目,,接続：緑テープ75mm幅　ぬれ検査頻度：1回/5本　スライス行き（ﾀﾞｲｳﾚ向け片面EC）,"EC,スライス","7,200.00","1,800",3,1,,,50103,トーレペフ Y(工材),1:対象外,0,0.00,"1,800.00",,,,"29,700",0,"1,800.00",16.50,A1O10BSA3200FNA,551,ペフ,50103,トーレペフ Y(工材),,,999999,対象外,,,000001,2製品,02,社外加工,30010-BS60-1030x200FA Q,,m,0:自社,,,,済,済,2026/08/03,2026/08/03,2026/08/12,2026/08/12,189753H,,6783,河合 直樹,,,0:なし,0,0
00081911,製品,003,2026/07/24,2026/08/05,2026/08/05,2026/07/31,0:通常,0:通常,01,505101,国分後加工511,000051,国分後加工,049006,東ﾚ(株) 自材部,,,,,,,,,,,,,,,,,,,511101,国分工場01本倉庫,0015,末締,01,東レ本体,0:しない,,,,Y8-34,100,,,"151,200",0,1:完了,1:完了,0:通常,1:税抜,0,3:請求合計,1:金額,0:円未満,5:四捨五入,0:切り捨て,9:切り上げ,1:発行済,0:未承認,,0:しない,1:修正,,,,,,0051,国分,,,,,,,,,1:後加工,2026/08/05,1:通常,ダイウレ,,,0,,,,,0:1明細目,,接続：緑テープ75mm幅　ぬれ検査頻度：1回/5本　スライス行き（ﾀﾞｲｳﾚ向け片面EC）,"EC,スライス","7,200.00","1,800",3,1,,,50103,トーレペフ Y(工材),1:対象外,0,0.00,"3,600.00",,,,"59,400",0,"3,600.00",16.50,A1O10CSA3200FN1,551,ペフ,50103,トーレペフ Y(工材),,,999999,対象外,,,000001,2製品,02,社外加工,30010-CS60-1030x200FA C,,m,0:自社,,,,済,済,2026/08/03,2026/08/03,2026/08/12,2026/08/12,189756P,,6783,河合 直樹,,,0:なし,0,0
00081911,原反,001,2026/07/24,2026/08/05,2026/08/05,2026/07/31,0:通常,0:通常,01,505101,国分後加工511,000051,国分後加工,049006,東ﾚ(株) 自材部,,,,,,,,,,,,,,,,,,,511101,国分工場01本倉庫,0015,末締,01,東レ本体,0:しない,,,,Y8-34,100,,,"151,200",0,1:完了,1:完了,0:通常,1:税抜,0,3:請求合計,1:金額,0:円未満,5:四捨五入,0:切り捨て,9:切り上げ,1:発行済,0:未承認,,0:しない,1:修正,,,,,,0051,国分,,,,,,,,,1:後加工,2026/08/05,1:通常,ダイウレ,,,0,,,,,0:1明細目,,接続：緑テープ75mm幅　ぬれ検査頻度：1回/5本　スライス行き（ﾀﾞｲｳﾚ向け片面EC）,"EC,スライス","7,200.00","1,800",3,1,,,50103,トーレペフ Y(工材),1:対象外,0,0.00,"1,800.00",SG,1021,EC,0,0,0.00,0.00,B1O40ASA3200FN1,551,ペフ,55109,ﾍﾟﾌ　その他,,,,,,,000001,2製品,02,社外加工,30040-AS60-1030X200FA    C,,m,0:自社,,,,,,,,,,,2026/07/28,6780,河合 直樹,,,,0,9
00081912,製品,001,2026/07/24,2026/08/06,2026/08/06,2026/07/31,0:通常,0:通常,01,505101,国分後加工511,000051,国分後加工,049006,東ﾚ(株) 自材部,,,,,,,,,,,,,,,,,,,511101,国分工場01本倉庫,,,01,東レ本体,0:しない,,,,Y8-31,100,,,"8,880",0,1:完了,1:完了,0:通常,1:税抜,0,3:請求合計,1:金額,0:円未満,5:四捨五入,0:切り捨て,9:切り上げ,1:発行済,0:未承認,,0:しない,1:修正,,,,,,0051,国分,,,,,,,,,1:後加工,2026/08/06,1:通常,芙蓉アステック,,,0,,,,,0:1明細目,,,カット,555.00,400,1,1,,,50103,トーレペフ Y(工材),1:対象外,0,0.00,555.00,,,,"8,880",0,555.00,16.00,A1F20AAA3072ZN1,551,ペフ,50103,トーレペフ Y(工材),,,999999,対象外,,,000001,2製品,02,社外加工,15020-AA00-1030x72ZA,,枚,0:自社,,,,済,済,2026/08/03,2026/08/03,2026/08/12,2026/08/12,189750Y,,6713,河合 直樹,,,0:なし,0,0
00081912,原反,001,2026/07/24,2026/08/06,2026/08/06,2026/07/31,0:通常,0:通常,01,505101,国分後加工511,000051,国分後加工,049006,東ﾚ(株) 自材部,,,,,,,,,,,,,,,,,,,511101,国分工場01本倉庫,,,01,東レ本体,0:しない,,,,Y8-31,100,,,"8,880",0,1:完了,1:完了,0:通常,1:税抜,0,3:請求合計,1:金額,0:円未満,5:四捨五入,0:切り捨て,9:切り上げ,1:発行済,0:未承認,,0:しない,1:修正,,,,,,0051,国分,,,,,,,,,1:後加工,2026/08/06,1:通常,芙蓉アステック,,,0,,,,,0:1明細目,,,カット,555.00,400,1,1,,,50103,トーレペフ Y(工材),1:対象外,0,0.00,400.00,SG,1041,単板カット機,0,0,0.00,0.00,B1F20AAA3400FNA,551,ペフ,50105,トーレペフ V(TPI),,,,,,,000003,4原材料,02,社外加工,15020-AA00-1030X400FA    C,,m,0:自社,,,,,,,,,,,2026/07/30,6710,河合 直樹,,,,0,1
00081914,製品,001,2026/07/24,2026/07/24,2026/07/24,2026/07/31,0:通常,0:通常,01,505101,国分後加工511,000051,国分後加工,049006,東ﾚ(株) 自材部,,,,,,,,,,,,,,,,,,,511101,国分工場01本倉庫,0015,末締,01,東レ本体,0:しない,,,,Y8-32,100,,,"1,800",0,1:完了,1:完了,0:通常,1:税抜,0,3:請求合計,1:金額,0:円未満,5:四捨五入,0:切り捨て,9:切り上げ,1:発行済,0:未承認,,0:しない,1:修正,,,,,,0051,国分,,,,,,,,,1:後加工,2026/07/24,1:通常,カラヤン,,,0,,,,,0:1明細目,"75m長以下
接続：２個以内、10m間隔",接続：ベージュテープ50mm幅　ぬれ検査頻度：1回/5本,EC,100.00,100,1,1,,,50103,トーレペフ Y(工材),1:対象外,0,0.00,100.00,,,,"1,800",0,100.00,18.00,A1OA0JGA0100FN1,551,ペフ,50103,トーレペフ Y(工材),,,999999,対象外,,,000001,2製品,02,社外加工,30100-JG00-1000X100FA    H,,m,0:自社,,,,済,済,2026/07/29,2026/07/29,2026/07/30,2026/07/30,189751S,,6713,河合 直樹,03,Ｈ面,0:なし,0,0
00081914,原反,001,2026/07/24,2026/07/24,2026/07/24,2026/07/31,0:通常,0:通常,01,505101,国分後加工511,000051,国分後加工,049006,東ﾚ(株) 自材部,,,,,,,,,,,,,,,,,,,511101,国分工場01本倉庫,0015,末締,01,東レ本体,0:しない,,,,Y8-32,100,,,"1,800",0,1:完了,1:完了,0:通常,1:税抜,0,3:請求合計,1:金額,0:円未満,5:四捨五入,0:切り捨て,9:切り上げ,1:発行済,0:未承認,,0:しない,1:修正,,,,,,0051,国分,,,,,,,,,1:後加工,2026/07/24,1:通常,カラヤン,,,0,,,,,0:1明細目,"75m長以下
接続：２個以内、10m間隔",接続：ベージュテープ50mm幅　ぬれ検査頻度：1回/5本,EC,100.00,100,1,1,,,50103,トーレペフ Y(工材),1:対象外,0,0.00,100.00,SG,1021,EC,0,0,0.00,0.00,B1OA0AGA0100FN1,551,ペフ,55109,ﾍﾟﾌ　その他,,,,,,,000001,2製品,02,社外加工,30100-AG00-1000X100FA    C,,m,0:自社,,,,,,,,,,,2026/07/28,6710,河合 直樹,,,,0,1
00081916,製品,001,2026/07/24,2026/07/31,2026/07/31,2026/07/31,0:通常,0:通常,01,505101,国分後加工511,000051,国分後加工,049006,東ﾚ(株) 自材部,,,,,,,,,,,,,,,,,,,511101,国分工場01本倉庫,0015,末締,01,東レ本体,0:しない,,,,Y8-33,100,,,"19,350",0,0:未完,0:未完,0:通常,1:税抜,0,3:請求合計,1:金額,0:円未満,5:四捨五入,0:切り捨て,9:切り上げ,1:発行済,0:未承認,,0:しない,1:修正,,,,,,0051,国分,,,,,,,,,1:後加工,2026/07/31,1:通常,サンエイ,,,0,,,,,0:1明細目,,熱風設定温度(上下)：夏季310℃、冬季320℃,融着,129.00,400,1,1,,,50103,トーレペフ Y(工材),1:対象外,0,0.00,129.00,,,,"19,350",0,129.00,150.00,A1OCBDG98150ZB4,551,ペフ,50103,トーレペフ Y(工材),,,999999,対象外,,,000001,2製品,02,社外加工,30120-DG00-980x150ZABK0,,枚,0:自社,,,,済,済,2026/07/28,2026/07/28,2026/07/30,2026/07/30,189752M,,6713,河合 直樹,,,0:なし,2,0
00081916,原反,001,2026/07/24,2026/07/31,2026/07/31,2026/07/31,0:通常,0:通常,01,505101,国分後加工511,000051,国分後加工,049006,東ﾚ(株) 自材部,,,,,,,,,,,,,,,,,,,511101,国分工場01本倉庫,0015,末締,01,東レ本体,0:しない,,,,Y8-33,100,,,"19,350",0,0:未完,0:未完,0:通常,1:税抜,0,3:請求合計,1:金額,0:円未満,5:四捨五入,0:切り捨て,9:切り上げ,1:発行済,0:未承認,,0:しない,1:修正,,,,,,0051,国分,,,,,,,,,1:後加工,2026/07/31,1:通常,サンエイ,,,0,,,,,0:1明細目,,熱風設定温度(上下)：夏季310℃、冬季320℃,融着,129.00,400,1,1,,,50103,トーレペフ Y(工材),1:対象外,0,0.00,400.00,SG,1121,融着機,0,0,0.00,0.00,B1O60AGA0100FBD,551,ペフ,55109,ﾍﾟﾌ　その他,,,,,,,000001,2製品,02,社外加工,30060-AG00-1000X200FA BK0C,,m,0:自社,,,,,,,,,,,2026/07/28,6710,河合 直樹,,,,0,2
00081917,製品,001,2026/07/24,2026/07/31,2026/07/31,2026/07/31,0:通常,0:通常,01,505101,国分後加工511,000051,国分後加工,049006,東ﾚ(株) 自材部,,,,,,,,,,,,,,,,,,,511101,国分工場01本倉庫,,,01,東レ本体,0:しない,,,,Y8-27,100,,,"39,600",0,1:完了,1:完了,0:通常,1:税抜,0,3:請求合計,1:金額,0:円未満,5:四捨五入,0:切り捨て,9:切り上げ,1:発行済,0:未承認,,0:しない,1:修正,,,,,,0051,国分,,,,,,,,,1:後加工,2026/07/31,1:通常,サンエイ,,,0,,,,,0:1明細目,,,スライス,"3,600.00","1,800",1,1,,,50103,トーレペフ Y(工材),1:対象外,0,0.00,"3,600.00",,,,"39,600",0,"3,600.00",11.00,A1O20BGA3200FB4,551,ペフ,50103,トーレペフ Y(工材),,,999999,対象外,,,000001,2製品,02,社外加工,30020-BG00-1030x200FABK0C,,m,0:自社,,,,済,済,2026/07/30,2026/07/30,2026/07/30,2026/07/30,189743B,,6713,河合 直樹,,,0:なし,0,0
00081917,原反,001,2026/07/24,2026/07/31,2026/07/31,2026/07/31,0:通常,0:通常,01,505101,国分後加工511,000051,国分後加工,049006,東ﾚ(株) 自材部,,,,,,,,,,,,,,,,,,,511101,国分工場01本倉庫,,,01,東レ本体,0:しない,,,,Y8-27,100,,,"39,600",0,1:完了,1:完了,0:通常,1:税抜,0,3:請求合計,1:金額,0:円未満,5:四捨五入,0:切り捨て,9:切り上げ,1:発行済,0:未承認,,0:しない,1:修正,,,,,,0051,国分,,,,,,,,,1:後加工,2026/07/31,1:通常,サンエイ,,,0,,,,,0:1明細目,,,スライス,"3,600.00","1,800",1,1,,,50103,トーレペフ Y(工材),1:対象外,0,0.00,"1,800.00",SG,1011,スライス機1,0,0,0.00,0.00,B1O40AGA3200FB4,551,ペフ,55109,ﾍﾟﾌ　その他,,,,,,,000001,2製品,02,社外加工,30040-AG00-1030x200FABK0C,,m,0:自社,,,,,,,,,,,2026/07/28,6710,河合 直樹,,,,0,9
00081918,製品,001,2026/07/24,2026/08/10,2026/08/10,2026/07/31,0:通常,0:通常,01,505101,国分後加工511,000051,国分後加工,049006,東ﾚ(株) 自材部,,,,,,,,,,,,,,,,,,,511101,国分工場01本倉庫,0015,末締,01,東レ本体,0:しない,,,,Y8-25,100,,,"38,500",0,1:完了,1:完了,0:通常,1:税抜,0,3:請求合計,1:金額,0:円未満,5:四捨五入,0:切り捨て,9:切り上げ,1:発行済,0:未承認,,0:しない,1:修正,,,,,,0051,国分,,,,,,,,,1:後加工,2026/08/10,1:通常,恵比寿三重,,,0,,,,,0:1明細目,,,スライス,"3,500.00","1,750",1,1,,,50103,トーレペフ Y(工材),1:対象外,0,0.00,"3,500.00",,,,"38,500",0,"3,500.00",11.00,A1K10B6C5250FW3,551,ペフ,50103,トーレペフ Y(工材),,,999999,対象外,,,000001,2製品,02,社外加工,20010-B600-1250x250FAWH1C,,m,0:自社,,,,済,済,2026/08/06,2026/08/06,2026/08/12,2026/08/12,189741A,,6713,河合 直樹,,,0:なし,0,0
00081918,原反,001,2026/07/24,2026/08/10,2026/08/10,2026/07/31,0:通常,0:通常,01,505101,国分後加工511,000051,国分後加工,049006,東ﾚ(株) 自材部,,,,,,,,,,,,,,,,,,,511101,国分工場01本倉庫,0015,末締,01,東レ本体,0:しない,,,,Y8-25,100,,,"38,500",0,1:完了,1:完了,0:通常,1:税抜,0,3:請求合計,1:金額,0:円未満,5:四捨五入,0:切り捨て,9:切り上げ,1:発行済,0:未承認,,0:しない,1:修正,,,,,,0051,国分,,,,,,,,,1:後加工,2026/08/10,1:通常,恵比寿三重,,,0,,,,,0:1明細目,,,スライス,"3,500.00","1,750",1,1,,,50103,トーレペフ Y(工材),1:対象外,0,0.00,"1,750.00",SG,1022,スライス機3,0,0,0.00,0.00,B1K20A6C5250FW3,551,ペフ,55109,ﾍﾟﾌ　その他,,,,,,,000001,2製品,02,社外加工,20020-A600-1250X250FA WH1C,,m,0:自社,,,,,,,,,,,2026/08/05,6710,河合 直樹,,,,0,7
00081919,製品,001,2026/07/24,2026/08/21,2026/08/21,2026/07/31,0:通常,0:通常,01,505101,国分後加工511,000051,国分後加工,049006,東ﾚ(株) 自材部,,,,,,,,,,,,,,,,,,,511101,国分工場01本倉庫,0015,末締,01,東レ本体,0:しない,,,,Y8-26,100,,,"5,500",0,0:未完,0:未完,0:通常,1:税抜,0,3:請求合計,1:金額,0:円未満,5:四捨五入,0:切り捨て,9:切り上げ,1:発行済,0:未承認,,0:しない,1:修正,,,,,,0051,国分,,,,,,,,,1:後加工,2026/08/21,1:通常,恵比寿三重,,,0,,,,,0:1明細目,,,スライス,500.00,250,1,1,,,50103,トーレペフ Y(工材),1:対象外,0,0.00,500.00,,,,"5,500",0,500.00,11.00,A1K10B6C5250FW3,551,ペフ,50103,トーレペフ Y(工材),,,999999,対象外,,,000001,2製品,02,社外加工,20010-B600-1250x250FAWH1C,,m,0:自社,,,,済,一部,,,,,189742V,,6713,河合 直樹,,,0:なし,0,0
00081919,原反,001,2026/07/24,2026/08/21,2026/08/21,2026/07/31,0:通常,0:通常,01,505101,国分後加工511,000051,国分後加工,049006,東ﾚ(株) 自材部,,,,,,,,,,,,,,,,,,,511101,国分工場01本倉庫,0015,末締,01,東レ本体,0:しない,,,,Y8-26,100,,,"5,500",0,0:未完,0:未完,0:通常,1:税抜,0,3:請求合計,1:金額,0:円未満,5:四捨五入,0:切り捨て,9:切り上げ,1:発行済,0:未承認,,0:しない,1:修正,,,,,,0051,国分,,,,,,,,,1:後加工,2026/08/21,1:通常,恵比寿三重,,,0,,,,,0:1明細目,,,スライス,500.00,250,1,1,,,50103,トーレペフ Y(工材),1:対象外,0,0.00,250.00,SG,1022,スライス機3,0,0,0.00,0.00,B1K20A6C5250FW3,551,ペフ,55109,ﾍﾟﾌ　その他,,,,,,,000001,2製品,02,社外加工,20020-A600-1250X250FA WH1C,,m,0:自社,,,,,,,,,,,2026/08/17,6710,河合 直樹,,,,0,1
00081920,製品,001,2026/07/24,2026/08/17,2026/08/17,2026/07/31,0:通常,0:通常,01,505101,国分後加工511,000051,国分後加工,049006,東ﾚ(株) 自材部,,,,,,,,,,,,,,,,,,,511101,国分工場01本倉庫,0015,末締,01,東レ本体,0:しない,,,,Y8-28,100,,,"13,200",0,1:完了,0:未完,0:通常,1:税抜,0,3:請求合計,1:金額,0:円未満,5:四捨五入,0:切り捨て,9:切り上げ,1:発行済,0:未承認,,0:しない,1:修正,,,,,,0051,国分,,,,,,,,,1:後加工,2026/08/17,1:通常,エミー,,,0,,,,,0:1明細目,,,"スライス,輸出梱包",800.00,200,2,1,,,50103,トーレペフ Y(工材),1:対象外,0,0.00,400.00,,,,"6,600",0,400.00,16.50,A1O10BGA0200FB4,551,ペフ,50103,トーレペフ Y(工材),,,999999,対象外,,,000001,2製品,02,社外加工,30010-BG00-1030X200FA BK0A,,m,0:自社,,,,済,一部,2026/08/11,2026/08/11,,,189744K,,6713,河合 直樹,,,0:なし,0,0
00081920,製品,002,2026/07/24,2026/08/17,2026/08/17,2026/07/31,0:通常,0:通常,01,505101,国分後加工511,000051,国分後加工,049006,東ﾚ(株) 自材部,,,,,,,,,,,,,,,,,,,511101,国分工場01本倉庫,0015,末締,01,東レ本体,0:しない,,,,Y8-28,100,,,"13,200",0,1:完了,0:未完,0:通常,1:税抜,0,3:請求合計,1:金額,0:円未満,5:四捨五入,0:切り捨て,9:切り上げ,1:発行済,0:未承認,,0:しない,1:修正,,,,,,0051,国分,,,,,,,,,1:後加工,2026/08/17,1:通常,エミー,,,0,,,,,0:1明細目,,,"スライス,輸出梱包",800.00,200,2,1,,,50103,トーレペフ Y(工材),1:対象外,0,0.00,400.00,,,,"6,600",0,400.00,16.50,A1O10CGA0200FBD,551,ペフ,50103,トーレペフ Y(工材),,,999999,対象外,,,000001,2製品,02,社外加工,30010-CG00-1030X200FA BK0A,,m,0:自社,,,,済,一部,2026/08/11,2026/08/11,,,189747R,,6713,河合 直樹,,,0:なし,0,0
00081920,原反,001,2026/07/24,2026/08/17,2026/08/17,2026/07/31,0:通常,0:通常,01,505101,国分後加工511,000051,国分後加工,049006,東ﾚ(株) 自材部,,,,,,,,,,,,,,,,,,,511101,国分工場01本倉庫,0015,末締,01,東レ本体,0:しない,,,,Y8-28,100,,,"13,200",0,1:完了,0:未完,0:通常,1:税抜,0,3:請求合計,1:金額,0:円未満,5:四捨五入,0:切り捨て,9:切り上げ,1:発行済,0:未承認,,0:しない,1:修正,,,,,,0051,国分,,,,,,,,,1:後加工,2026/08/17,1:通常,エミー,,,0,,,,,0:1明細目,,,"スライス,輸出梱包",800.00,200,2,1,,,50103,トーレペフ Y(工材),1:対象外,0,0.00,200.00,SG,1011,スライス機1,0,0,0.00,0.00,B1O40AGA0200FBD,551,ペフ,55109,ﾍﾟﾌ　その他,,,,,,,000001,2製品,02,社外加工,30040-AG00-1030X200FA BK0C,,m,0:自社,,,,,,,,,,,2026/08/10,6710,河合 直樹,,,,0,1
00081921,製品,001,2026/07/24,2026/08/06,2026/08/06,2026/07/31,0:通常,0:通常,01,505101,国分後加工511,000051,国分後加工,049006,東ﾚ(株) 自材部,,,,,,,,,,,,,,,,,,,511101,国分工場01本倉庫,0015,末締,01,東レ本体,0:しない,,,,Y8-29,100,,,"30,800",0,1:完了,1:完了,0:通常,1:税抜,0,3:請求合計,1:金額,0:円未満,5:四捨五入,0:切り捨て,9:切り上げ,1:発行済,0:未承認,,0:しない,1:修正,,,,,,0051,国分,,,,,,,,,1:後加工,2026/08/06,1:通常,サンエイ,,,0,,,,,0:1明細目,,,スライス,"2,800.00","1,400",1,1,,,50103,トーレペフ Y(工材),1:対象外,0,0.00,"2,800.00",,,,"30,800",0,"2,800.00",11.00,A1O20BGA0200FN1,551,ペフ,50105,トーレペフ V(TPI),,,999999,対象外,,,000001,2製品,02,社外加工,30020-BG00-1000x200FA C,,m,0:自社,,,,済,済,2026/08/03,2026/08/03,2026/08/12,2026/08/12,189748L,,6713,河合 直樹,,,0:なし,0,0
00081921,原反,001,2026/07/24,2026/08/06,2026/08/06,2026/07/31,0:通常,0:通常,01,505101,国分後加工511,000051,国分後加工,049006,東ﾚ(株) 自材部,,,,,,,,,,,,,,,,,,,511101,国分工場01本倉庫,0015,末締,01,東レ本体,0:しない,,,,Y8-29,100,,,"30,800",0,1:完了,1:完了,0:通常,1:税抜,0,3:請求合計,1:金額,0:円未満,5:四捨五入,0:切り捨て,9:切り上げ,1:発行済,0:未承認,,0:しない,1:修正,,,,,,0051,国分,,,,,,,,,1:後加工,2026/08/06,1:通常,サンエイ,,,0,,,,,0:1明細目,,,スライス,"2,800.00","1,400",1,1,,,50103,トーレペフ Y(工材),1:対象外,0,0.00,"1,400.00",SG,1011,スライス機1,0,0,0.00,0.00,B1O40AGA0200FN1,551,ペフ,55109,ﾍﾟﾌ　その他,,,,,,,000001,2製品,02,社外加工,30040-AG00-1000X200F-A   C,,m,0:自社,,,,,,,,,,,2026/08/03,6710,河合 直樹,,,,0,7
00081922,製品,001,2026/07/24,2026/08/17,2026/08/17,2026/07/31,0:通常,0:通常,01,505101,国分後加工511,000051,国分後加工,049006,東ﾚ(株) 自材部,,,,,,,,,,,,,,,,,,,511101,国分工場01本倉庫,0015,末締,01,東レ本体,0:しない,,,,Y8-30,100,,,"39,600",0,1:完了,0:未完,0:通常,1:税抜,0,3:請求合計,1:金額,0:円未満,5:四捨五入,0:切り捨て,9:切り上げ,1:発行済,0:未承認,,0:しない,1:修正,,,,,,0051,国分,,,,,,,,,1:後加工,2026/08/17,1:通常,サンエイ,,,0,,,,,0:1明細目,,,スライス,"3,600.00","1,800",1,1,,,50103,トーレペフ Y(工材),1:対象外,0,0.00,"3,600.00",,,,"39,600",0,"3,600.00",11.00,A1O20BGA0200FN1,551,ペフ,50105,トーレペフ V(TPI),,,999999,対象外,,,000001,2製品,02,社外加工,30020-BG00-1000x200FA C,,m,0:自社,,,,済,済,2026/08/11,2026/08/11,,,189749G,,6713,河合 直樹,,,0:なし,0,0
00081922,原反,001,2026/07/24,2026/08/17,2026/08/17,2026/07/31,0:通常,0:通常,01,505101,国分後加工511,000051,国分後加工,049006,東ﾚ(株) 自材部,,,,,,,,,,,,,,,,,,,511101,国分工場01本倉庫,0015,末締,01,東レ本体,0:しない,,,,Y8-30,100,,,"39,600",0,1:完了,0:未完,0:通常,1:税抜,0,3:請求合計,1:金額,0:円未満,5:四捨五入,0:切り捨て,9:切り上げ,1:発行済,0:未承認,,0:しない,1:修正,,,,,,0051,国分,,,,,,,,,1:後加工,2026/08/17,1:通常,サンエイ,,,0,,,,,0:1明細目,,,スライス,"3,600.00","1,800",1,1,,,50103,トーレペフ Y(工材),1:対象外,0,0.00,"1,800.00",SG,1011,スライス機1,0,0,0.00,0.00,B1O40AGA0200FN1,551,ペフ,55109,ﾍﾟﾌ　その他,,,,,,,000001,2製品,02,社外加工,30040-AG00-1000X200F-A   C,,m,0:自社,,,,,,,,,,,2026/08/03,6710,河合 直樹,,,,0,9
00081923,製品,001,2026/07/24,2026/08/26,2026/08/26,2026/07/31,0:通常,0:通常,01,505101,国分後加工511,000051,国分後加工,049006,東ﾚ(株) 自材部,,,,,,,,,,,,,,,,,,,511101,国分工場01本倉庫,0015,末締,01,東レ本体,0:しない,,,,Y8-10,100,,,"593,400",0,0:未完,0:未完,0:通常,1:税抜,0,3:請求合計,1:金額,0:円未満,5:四捨五入,0:切り捨て,9:切り上げ,1:発行済,0:未承認,,0:しない,1:修正,,,,,,0051,国分,,,,,,,,,1:後加工,2026/08/26,1:通常,凸版印刷,,,0,,,,,0:1明細目,,,"スライス,スリット,接","27,600.00","6,900",1,1,,,50103,トーレペフ Y(工材),1:対象外,0,0.00,"27,600.00",,,,"593,400",0,"27,600.00",21.50,A1806BE50600FG5,551,ペフ,50103,トーレペフ Y(工材),,,999999,対象外,,,000001,2製品,02,社外加工,5H006-BE00-506x600FAGD0C,,m,0:自社,,,,済,一部,2026/08/18,2026/08/18,,,189729W,,6713,河合 直樹,,,1:あり,0,0
00081923,原反,001,2026/07/24,2026/08/26,2026/08/26,2026/07/31,0:通常,0:通常,01,505101,国分後加工511,000051,国分後加工,049006,東ﾚ(株) 自材部,,,,,,,,,,,,,,,,,,,511101,国分工場01本倉庫,0015,末締,01,東レ本体,0:しない,,,,Y8-10,100,,,"593,400",0,0:未完,0:未完,0:通常,1:税抜,0,3:請求合計,1:金額,0:円未満,5:四捨五入,0:切り捨て,9:切り上げ,1:発行済,0:未承認,,0:しない,1:修正,,,,,,0051,国分,,,,,,,,,1:後加工,2026/08/26,1:通常,凸版印刷,,,0,,,,,0:1明細目,,,"スライス,スリット,接","27,600.00","6,900",1,1,,,50103,トーレペフ Y(工材),1:対象外,0,0.00,"6,900.00",SG,1022,スライス機3,0,0,0.00,0.00,B1814AAA6300FG5,551,ペフ,55109,ﾍﾟﾌ　その他,,,,,,,000001,2製品,02,社外加工,08014-AA00-1060X300FA GD0C,,m,0:自社,,,,,,,,,,,2026/08/10,6710,河合 直樹,,,,0,23
00081925,製品,001,2026/07/24,2026/08/10,2026/08/10,2026/07/31,0:通常,0:通常,01,505101,国分後加工511,000051,国分後加工,049006,東ﾚ(株) 自材部,,,,,,,,,,,,,,,,,,,511101,国分工場01本倉庫,0015,末締,01,東レ本体,0:しない,,,,T8-2,100,,,"10,300",0,1:完了,1:完了,0:通常,1:税抜,0,3:請求合計,1:金額,0:円未満,5:四捨五入,0:切り捨て,9:切り上げ,1:発行済,0:未承認,,0:しない,1:修正,,,,,,0051,国分,,,,,,,,,1:後加工,2026/08/10,1:通常,中央物産,,,0,,,,,0:1明細目,接続３個以内　間隔10m以上　ベージュテープ,,"分割,EC,スライス",300.00,200,2,1,,,50103,トーレペフ Y(工材),1:対象外,0,0.00,100.00,,,,"1,500",0,100.00,15.00,A1O60AGA0100FN1,551,ペフ,50103,トーレペフ Y(工材),,,999999,対象外,,,000001,2製品,02,社外加工,30060-AG00-1000x100FA C,,m,0:自社,,,,済,済,2026/08/04,2026/08/04,2026/08/12,2026/08/12,189889G,,6713,河合 直樹,,,0:なし,0,0
00081925,製品,002,2026/07/24,2026/08/10,2026/08/10,2026/07/31,0:通常,0:通常,01,505101,国分後加工511,000051,国分後加工,049006,東ﾚ(株) 自材部,,,,,,,,,,,,,,,,,,,511101,国分工場01本倉庫,0015,末締,01,東レ本体,0:しない,,,,T8-2,100,,,"10,300",0,1:完了,1:完了,0:通常,1:税抜,0,3:請求合計,1:金額,0:円未満,5:四捨五入,0:切り捨て,9:切り上げ,1:発行済,0:未承認,,0:しない,1:修正,,,,,,0051,国分,,,,,,,,,1:後加工,2026/08/10,1:通常,中央物産,,,0,,,,,0:1明細目,接続３個以内　間隔10m以上　ベージュテープ,,"分割,EC,スライス",300.00,200,2,1,,,50103,トーレペフ Y(工材),1:対象外,0,0.00,200.00,,,,"8,800",0,200.00,44.00,A1O30KGA3100FN1,551,ペフ,50103,トーレペフ Y(工材),,,999999,対象外,,,000001,2製品,02,社外加工,30030-KG00-1000X100F-A   C,一般　76-150m長,m,0:自社,,,,済,済,2026/08/07,2026/08/07,2026/08/12,2026/08/12,189888L,,6713,河合 直樹,06,スキン面,0:なし,0,0
00081925,原反,001,2026/07/24,2026/08/10,2026/08/10,2026/07/31,0:通常,0:通常,01,505101,国分後加工511,000051,国分後加工,049006,東ﾚ(株) 自材部,,,,,,,,,,,,,,,,,,,511101,国分工場01本倉庫,0015,末締,01,東レ本体,0:しない,,,,T8-2,100,,,"10,300",0,1:完了,1:完了,0:通常,1:税抜,0,3:請求合計,1:金額,0:円未満,5:四捨五入,0:切り捨て,9:切り上げ,1:発行済,0:未承認,,0:しない,1:修正,,,,,,0051,国分,,,,,,,,,1:後加工,2026/08/10,1:通常,中央物産,,,0,,,,,0:1明細目,接続３個以内　間隔10m以上　ベージュテープ,,"分割,EC,スライス",300.00,200,2,1,,,50103,トーレペフ Y(工材),1:対象外,0,0.00,200.00,SG,1021,EC,0,0,0.00,0.00,B1O60AGA3200FN1,551,ペフ,50103,トーレペフ Y(工材),,,,,,,000003,4原材料,02,社外加工,30060-AG00-1000X200F-A   C,,m,0:自社,,,,,,,,,,,2026/08/03,6710,河合 直樹,,,,0,1
00081926,製品,001,2026/07/24,2026/08/07,2026/08/07,2026/07/31,0:通常,0:通常,01,505101,国分後加工511,000051,国分後加工,049006,東ﾚ(株) 自材部,,,,,,,,,,,,,,,,,,,511101,国分工場01本倉庫,,,01,東レ本体,0:しない,,,,T8-1,100,,,"4,250",0,1:完了,1:完了,0:通常,1:税抜,0,3:請求合計,1:金額,0:円未満,5:四捨五入,0:切り捨て,9:切り上げ,1:発行済,0:未承認,,0:しない,1:修正,,,,,,0051,国分,,,,,,,,,1:後加工,2026/08/07,1:通常,恵比寿茨城,,,0,,,,,0:1明細目,,,スリット,250.00,250,1,1,,,50103,トーレペフ Y(工材),1:対象外,0,0.00,250.00,,,,"4,250",0,250.00,17.00,A1O30AGA3250FG3,551,ペフ,50103,トーレペフ Y(工材),,,999999,対象外,,,000001,2製品,02,社外加工,30030-AG00-1030x250FAGA0C,,m,0:自社,,,,済,済,2026/08/05,2026/08/05,2026/08/12,2026/08/12,189887R,,6713,河合 直樹,,,0:なし,0,0
00081926,原反,001,2026/07/24,2026/08/07,2026/08/07,2026/07/31,0:通常,0:通常,01,505101,国分後加工511,000051,国分後加工,049006,東ﾚ(株) 自材部,,,,,,,,,,,,,,,,,,,511101,国分工場01本倉庫,,,01,東レ本体,0:しない,,,,T8-1,100,,,"4,250",0,1:完了,1:完了,0:通常,1:税抜,0,3:請求合計,1:金額,0:円未満,5:四捨五入,0:切り捨て,9:切り上げ,1:発行済,0:未承認,,0:しない,1:修正,,,,,,0051,国分,,,,,,,,,1:後加工,2026/08/07,1:通常,恵比寿茨城,,,0,,,,,0:1明細目,,,スリット,250.00,250,1,1,,,50103,トーレペフ Y(工材),1:対象外,0,0.00,250.00,SG,1043,スリット機2,0,0,0.00,0.00,B1O30AGC5250FG3,551,ペフ,55109,ﾍﾟﾌ　その他,,,,,,,000001,2製品,02,社外加工,30030-AG00-1150X250FA GA0C,,m,0:自社,,,,,,,,,,,2026/08/03,6710,河合 直樹,,,,0,1
00081927,製品,001,2026/07/24,2026/08/10,2026/08/10,2026/07/31,0:通常,0:通常,01,505101,国分後加工511,000051,国分後加工,049006,東ﾚ(株) 自材部,,,,,,,,,,,,,,,,,,,511101,国分工場01本倉庫,0015,末締,01,東レ本体,0:しない,,,,T8-3,100,,,"13,200",0,1:完了,1:完了,0:通常,1:税抜,0,3:請求合計,1:金額,0:円未満,5:四捨五入,0:切り捨て,9:切り上げ,1:発行済,0:未承認,,0:しない,1:修正,,,,,,0051,国分,,,,,,,,,1:後加工,2026/08/10,1:通常,恵比寿三重,,,0,,,,,0:1明細目,,,スライス,800.00,200,2,1,,,50103,トーレペフ Y(工材),1:対象外,0,0.00,400.00,,,,"6,600",0,400.00,16.50,A1O10BGA3200FBD,551,ペフ,50103,トーレペフ Y(工材),,,999999,対象外,,,000001,2製品,02,社外加工,30010-BG00-1030x200FABK0C,,m,0:自社,,,,済,済,2026/08/07,2026/08/07,2026/08/12,2026/08/12,189891S,,6713,河合 直樹,,,0:なし,0,0
00081927,製品,002,2026/07/24,2026/08/10,2026/08/10,2026/07/31,0:通常,0:通常,01,505101,国分後加工511,000051,国分後加工,049006,東ﾚ(株) 自材部,,,,,,,,,,,,,,,,,,,511101,国分工場01本倉庫,0015,末締,01,東レ本体,0:しない,,,,T8-3,100,,,"13,200",0,1:完了,1:完了,0:通常,1:税抜,0,3:請求合計,1:金額,0:円未満,5:四捨五入,0:切り捨て,9:切り上げ,1:発行済,0:未承認,,0:しない,1:修正,,,,,,0051,国分,,,,,,,,,1:後加工,2026/08/10,1:通常,恵比寿三重,,,0,,,,,0:1明細目,,,スライス,800.00,200,2,1,,,50103,トーレペフ Y(工材),1:対象外,0,0.00,400.00,,,,"6,600",0,400.00,16.50,A1O10CGA3200FBD,551,ペフ,50103,トーレペフ Y(工材),,,999999,対象外,,,000001,2製品,02,社外加工,30010-CG00-1030x200FABK0C,,m,0:自社,,,,済,済,2026/08/07,2026/08/07,2026/08/12,2026/08/12,189892M,,6713,河合 直樹,,,0:なし,0,0
00081927,原反,001,2026/07/24,2026/08/10,2026/08/10,2026/07/31,0:通常,0:通常,01,505101,国分後加工511,000051,国分後加工,049006,東ﾚ(株) 自材部,,,,,,,,,,,,,,,,,,,511101,国分工場01本倉庫,0015,末締,01,東レ本体,0:しない,,,,T8-3,100,,,"13,200",0,1:完了,1:完了,0:通常,1:税抜,0,3:請求合計,1:金額,0:円未満,5:四捨五入,0:切り捨て,9:切り上げ,1:発行済,0:未承認,,0:しない,1:修正,,,,,,0051,国分,,,,,,,,,1:後加工,2026/08/10,1:通常,恵比寿三重,,,0,,,,,0:1明細目,,,スライス,800.00,200,2,1,,,50103,トーレペフ Y(工材),1:対象外,0,0.00,200.00,SG,1011,スライス機1,0,0,0.00,0.00,B1O40AGA3200FB4,551,ペフ,55109,ﾍﾟﾌ　その他,,,,,,,000001,2製品,02,社外加工,30040-AG00-1030X200FA BK0C,,m,0:自社,,,,,,,,,,,2026/08/05,6710,河合 直樹,,,,0,1
00081928,製品,001,2026/07/24,2026/08/19,2026/08/19,2026/07/31,0:通常,0:通常,01,505101,国分後加工511,000051,国分後加工,049006,東ﾚ(株) 自材部,,,,,,,,,,,,,,,,,,,511101,国分工場01本倉庫,0015,末締,01,東レ本体,0:しない,,,,T8-4,100,,,"67,200",0,0:未完,0:未完,0:通常,1:税抜,0,3:請求合計,1:金額,0:円未満,5:四捨五入,0:切り捨て,9:切り上げ,1:発行済,0:未承認,,0:しない,1:修正,,,,,,0051,国分,,,,,,,,,1:後加工,2026/08/19,1:通常,中央物産,,,0,,,,,0:1明細目,,接続：ベージュテープ50mm幅　ぬれ検査頻度：1回/5本　スライス行き,"EC,スライス","3,200.00",800,2,1,200ｍ厳守でお願いします。,,50103,トーレペフ Y(工材),1:対象外,0,0.00,"1,600.00",,,,"40,800",0,"1,600.00",25.50,A1O10KGA0200FN1,551,ペフ,50103,トーレペフ Y(工材),,,999999,対象外,,,000001,2製品,02,社外加工,30010-KG00-1000x200FA C,,m,0:自社,,,,済,済,2026/08/18,2026/08/18,,,189897J,,6713,河合 直樹,06,スキン面,0:なし,0,0
00081928,製品,002,2026/07/24,2026/08/19,2026/08/19,2026/07/31,0:通常,0:通常,01,505101,国分後加工511,000051,国分後加工,049006,東ﾚ(株) 自材部,,,,,,,,,,,,,,,,,,,511101,国分工場01本倉庫,0015,末締,01,東レ本体,0:しない,,,,T8-4,100,,,"67,200",0,0:未完,0:未完,0:通常,1:税抜,0,3:請求合計,1:金額,0:円未満,5:四捨五入,0:切り捨て,9:切り上げ,1:発行済,0:未承認,,0:しない,1:修正,,,,,,0051,国分,,,,,,,,,1:後加工,2026/08/19,1:通常,中央物産,,,0,,,,,0:1明細目,,接続：ベージュテープ50mm幅　ぬれ検査頻度：1回/5本　スライス行き,"EC,スライス","3,200.00",800,2,1,200ｍ厳守でお願いします。,,50103,トーレペフ Y(工材),1:対象外,0,0.00,"1,600.00",,,,"26,400",0,"1,600.00",16.50,A1O10CGA0200FN1,551,ペフ,50103,トーレペフ Y(工材),,,999999,対象外,,,000001,2製品,02,社外加工,30010-CG00-1000x200FA C,,m,0:自社,,,,済,済,2026/08/18,2026/08/18,,,189898A,,6713,河合 直樹,,,0:なし,0,0
00081928,原反,001,2026/07/24,2026/08/19,2026/08/19,2026/07/31,0:通常,0:通常,01,505101,国分後加工511,000051,国分後加工,049006,東ﾚ(株) 自材部,,,,,,,,,,,,,,,,,,,511101,国分工場01本倉庫,0015,末締,01,東レ本体,0:しない,,,,T8-4,100,,,"67,200",0,0:未完,0:未完,0:通常,1:税抜,0,3:請求合計,1:金額,0:円未満,5:四捨五入,0:切り捨て,9:切り上げ,1:発行済,0:未承認,,0:しない,1:修正,,,,,,0051,国分,,,,,,,,,1:後加工,2026/08/19,1:通常,中央物産,,,0,,,,,0:1明細目,,接続：ベージュテープ50mm幅　ぬれ検査頻度：1回/5本　スライス行き,"EC,スライス","3,200.00",800,2,1,200ｍ厳守でお願いします。,,50103,トーレペフ Y(工材),1:対象外,0,0.00,800.00,SG,1021,EC,0,0,0.00,0.00,B1O40AGA0200FN1,551,ペフ,55109,ﾍﾟﾌ　その他,,,,,,,000001,2製品,02,社外加工,30040-AG00-1000X200F-A   C,,m,0:自社,,,,,,,,,,,2026/08/06,6710,河合 直樹,,,,0,4
00081929,製品,001,2026/07/24,2026/08/17,2026/08/17,2026/07/31,0:通常,0:通常,01,505101,国分後加工511,000051,国分後加工,049006,東ﾚ(株) 自材部,,,,,,,,,,,,,,,,,,,511101,国分工場01本倉庫,0015,末締,01,東レ本体,0:しない,,,,T8-5,100,,,"10,800",0,1:完了,1:完了,0:通常,1:税抜,0,3:請求合計,1:金額,0:円未満,5:四捨五入,0:切り捨て,9:切り上げ,1:発行済,0:未承認,,0:しない,1:修正,,,,,,0051,国分,,,,,,,,,1:後加工,2026/08/17,1:通常,中央物産,,,0,,,,,0:1明細目,,接続：ベージュテープ50mm幅　ぬれ検査頻度：1回/5本,EC,600.00,600,1,1,,,50103,トーレペフ Y(工材),1:対象外,0,0.00,600.00,,,,"10,800",0,600.00,18.00,A1OA0JGA0100FB4,551,ペフ,50103,トーレペフ Y(工材),,,999999,対象外,,,000001,2製品,02,社外加工,30100-JG00-1000x100FABK0Q,,m,0:自社,,,,済,済,2026/08/07,2026/08/07,2026/08/12,2026/08/12,189900P,,6713,河合 直樹,02,Ｑ面,0:なし,0,0
00081929,原反,001,2026/07/24,2026/08/17,2026/08/17,2026/07/31,0:通常,0:通常,01,505101,国分後加工511,000051,国分後加工,049006,東ﾚ(株) 自材部,,,,,,,,,,,,,,,,,,,511101,国分工場01本倉庫,0015,末締,01,東レ本体,0:しない,,,,T8-5,100,,,"10,800",0,1:完了,1:完了,0:通常,1:税抜,0,3:請求合計,1:金額,0:円未満,5:四捨五入,0:切り捨て,9:切り上げ,1:発行済,0:未承認,,0:しない,1:修正,,,,,,0051,国分,,,,,,,,,1:後加工,2026/08/17,1:通常,中央物産,,,0,,,,,0:1明細目,,接続：ベージュテープ50mm幅　ぬれ検査頻度：1回/5本,EC,600.00,600,1,1,,,50103,トーレペフ Y(工材),1:対象外,0,0.00,600.00,SG,1021,EC,0,0,0.00,0.00,B1OA0AGA0100FBP,551,ペフ,55109,ﾍﾟﾌ　その他,,,,,,,000003,4原材料,02,社外加工,30100-AG00-1000X100FA BK0C,,m,0:自社,,,,,,,,,,,2026/08/06,6710,河合 直樹,,,,0,6
00081931,製品,001,2026/07/24,2026/08/10,2026/08/10,2026/07/31,0:通常,0:通常,01,505101,国分後加工511,000051,国分後加工,049006,東ﾚ(株) 自材部,,,,,,,,,,,,,,,,,,,511101,国分工場01本倉庫,0015,末締,01,東レ本体,0:しない,,,,T8-7,100,,,"14,400",0,1:完了,1:完了,0:通常,1:税抜,0,3:請求合計,1:金額,0:円未満,5:四捨五入,0:切り捨て,9:切り上げ,1:発行済,0:未承認,,0:しない,1:修正,,,,,,0051,国分,,,,,,,,,1:後加工,2026/08/10,1:通常,中央物産,,,0,,,,,0:1明細目,,接続：ベージュテープ50mm幅　ぬれ検査頻度：1回/5本,EC,800.00,800,1,1,,,50103,トーレペフ Y(工材),1:対象外,0,0.00,800.00,,,,"14,400",0,800.00,18.00,A1O80JGA3100FBD,551,ペフ,50103,トーレペフ Y(工材),,,999999,対象外,,,000001,2製品,02,社外加工,30080-JG00-1030x100FABK0Q,,m,0:自社,,,,済,済,2026/08/05,2026/08/05,2026/08/12,2026/08/12,189905K,,6713,河合 直樹,02,Ｑ面,0:なし,0,0
00081931,原反,001,2026/07/24,2026/08/10,2026/08/10,2026/07/31,0:通常,0:通常,01,505101,国分後加工511,000051,国分後加工,049006,東ﾚ(株) 自材部,,,,,,,,,,,,,,,,,,,511101,国分工場01本倉庫,0015,末締,01,東レ本体,0:しない,,,,T8-7,100,,,"14,400",0,1:完了,1:完了,0:通常,1:税抜,0,3:請求合計,1:金額,0:円未満,5:四捨五入,0:切り捨て,9:切り上げ,1:発行済,0:未承認,,0:しない,1:修正,,,,,,0051,国分,,,,,,,,,1:後加工,2026/08/10,1:通常,中央物産,,,0,,,,,0:1明細目,,接続：ベージュテープ50mm幅　ぬれ検査頻度：1回/5本,EC,800.00,800,1,1,,,50103,トーレペフ Y(工材),1:対象外,0,0.00,800.00,SG,1021,EC,0,0,0.00,0.00,B1O80AGA3100FB4,551,ペフ,55109,ﾍﾟﾌ　その他,,,,,,,000001,2製品,02,社外加工,30080-AG00-1030X100FA BK0C,,m,0:自社,,,,,,,,,,,2026/08/04,6710,河合 直樹,,,,0,8
00081932,製品,001,2026/07/24,2026/08/21,2026/08/21,2026/07/31,0:通常,0:通常,01,505101,国分後加工511,000051,国分後加工,049006,東ﾚ(株) 自材部,,,,,,,,,,,,,,,,,,,511101,国分工場01本倉庫,0015,末締,01,東レ本体,0:しない,,,,T8-8,100,,,"8,800",0,0:未完,0:未完,0:通常,1:税抜,0,3:請求合計,1:金額,0:円未満,5:四捨五入,0:切り捨て,9:切り上げ,1:発行済,0:未承認,,0:しない,1:修正,,,,,,0051,国分,,,,,,,,,1:後加工,2026/08/21,1:通常,中央物産,,,0,,,,,0:1明細目,,,スライス,800.00,400,1,1,,,50103,トーレペフ Y(工材),1:対象外,0,0.00,800.00,,,,"8,800",0,800.00,11.00,A1O20BGA5200FG3,551,ペフ,50103,トーレペフ Y(工材),,,999999,対象外,,,000001,2製品,02,社外加工,30020-BG20-1050X200F-AGA0U,,m,0:自社,,,,済,,,,,,189908R,,6713,河合 直樹,,,0:なし,0,0
00081932,原反,001,2026/07/24,2026/08/21,2026/08/21,2026/07/31,0:通常,0:通常,01,505101,国分後加工511,000051,国分後加工,049006,東ﾚ(株) 自材部,,,,,,,,,,,,,,,,,,,511101,国分工場01本倉庫,0015,末締,01,東レ本体,0:しない,,,,T8-8,100,,,"8,800",0,0:未完,0:未完,0:通常,1:税抜,0,3:請求合計,1:金額,0:円未満,5:四捨五入,0:切り捨て,9:切り上げ,1:発行済,0:未承認,,0:しない,1:修正,,,,,,0051,国分,,,,,,,,,1:後加工,2026/08/21,1:通常,中央物産,,,0,,,,,0:1明細目,,,スライス,800.00,400,1,1,,,50103,トーレペフ Y(工材),1:対象外,0,0.00,400.00,SG,1022,スライス機3,0,0,0.00,0.00,B1O40AGA5200FG3,551,ペフ,50106,トーレペフ T(工材),,,,,,,000003,4原材料,02,社外加工,30040-AG20-1050X200FA GA0U,,m,0:自社,,,,,,,,,,,2026/08/18,6710,河合 直樹,,,,0,2
00081934,製品,001,2026/07/24,2026/08/07,2026/08/07,2026/07/31,0:通常,0:通常,01,505101,国分後加工511,000051,国分後加工,049006,東ﾚ(株) 自材部,,,,,,,,,,,,,,,,,,,511101,国分工場01本倉庫,0015,末締,01,東レ本体,0:しない,,,,T8-9,100,,,"3,600",0,1:完了,1:完了,0:通常,1:税抜,0,3:請求合計,1:金額,0:円未満,5:四捨五入,0:切り捨て,9:切り上げ,1:発行済,0:未承認,,0:しない,1:修正,,,,,,0051,国分,,,,,,,,,1:後加工,2026/08/07,1:通常,中央物産,,,0,,,,,0:1明細目,,,EC,200.00,200,1,1,,,50103,トーレペフ Y(工材),1:対象外,0,0.00,200.00,,,,"3,600",0,200.00,18.00,A1O40JGA5200FG3,551,ペフ,50103,トーレペフ Y(工材),,,999999,対象外,,,000001,2製品,02,社外加工,30040-JG20-1050X200FA GA0Q,,m,0:自社,,,,済,済,2026/08/03,2026/08/03,2026/08/12,2026/08/12,189913M,,6713,河合 直樹,02,Ｑ面,0:なし,0,0
00081934,原反,001,2026/07/24,2026/08/07,2026/08/07,2026/07/31,0:通常,0:通常,01,505101,国分後加工511,000051,国分後加工,049006,東ﾚ(株) 自材部,,,,,,,,,,,,,,,,,,,511101,国分工場01本倉庫,0015,末締,01,東レ本体,0:しない,,,,T8-9,100,,,"3,600",0,1:完了,1:完了,0:通常,1:税抜,0,3:請求合計,1:金額,0:円未満,5:四捨五入,0:切り捨て,9:切り上げ,1:発行済,0:未承認,,0:しない,1:修正,,,,,,0051,国分,,,,,,,,,1:後加工,2026/08/07,1:通常,中央物産,,,0,,,,,0:1明細目,,,EC,200.00,200,1,1,,,50103,トーレペフ Y(工材),1:対象外,0,0.00,200.00,SG,1021,EC,0,0,0.00,0.00,B1O40AGA5200FG3,551,ペフ,50106,トーレペフ T(工材),,,,,,,000003,4原材料,02,社外加工,30040-AG20-1050X200FA GA0U,,m,0:自社,,,,,,,,,,,2026/08/03,6710,河合 直樹,,,,0,1
00081935,製品,001,2026/07/24,2026/08/28,2026/08/28,2026/07/31,0:通常,0:通常,01,505101,国分後加工511,000051,国分後加工,049006,東ﾚ(株) 自材部,,,,,,,,,,,,,,,,,,,511101,国分工場01本倉庫,0015,末締,01,東レ本体,0:しない,,,,Y8-5,100,,,"224,400",0,0:未完,0:未完,0:通常,1:税抜,0,3:請求合計,1:金額,0:円未満,5:四捨五入,0:切り捨て,9:切り上げ,1:発行済,0:未承認,,0:しない,1:修正,,,,,,0051,国分,,,,,,,,,1:後加工,2026/08/28,1:通常,菅原電気,,,0,,,,,0:1明細目,３インチ紙管に巻取り,,スライス,"20,400.00","10,200",1,1,3インチ紙管,,50103,トーレペフ Y(工材),1:対象外,0,0.00,"20,400.00",,,,"224,400",0,"20,400.00",11.00,A1O20BG78300FB1,551,ペフ,50103,トーレペフ Y(工材),,,999999,対象外,,,000001,2製品,02,社外加工,30020-BG00- 780X300FA    V,,m,0:自社,,,,,,,,,,189727K,,6713,河合 直樹,,,0:なし,0,0
00081935,原反,001,2026/07/24,2026/08/28,2026/08/28,2026/07/31,0:通常,0:通常,01,505101,国分後加工511,000051,国分後加工,049006,東ﾚ(株) 自材部,,,,,,,,,,,,,,,,,,,511101,国分工場01本倉庫,0015,末締,01,東レ本体,0:しない,,,,Y8-5,100,,,"224,400",0,0:未完,0:未完,0:通常,1:税抜,0,3:請求合計,1:金額,0:円未満,5:四捨五入,0:切り捨て,9:切り上げ,1:発行済,0:未承認,,0:しない,1:修正,,,,,,0051,国分,,,,,,,,,1:後加工,2026/08/28,1:通常,菅原電気,,,0,,,,,0:1明細目,３インチ紙管に巻取り,,スライス,"20,400.00","10,200",1,1,3インチ紙管,,50103,トーレペフ Y(工材),1:対象外,0,0.00,"10,200.00",YM,1011,スライス機1,0,0,0.00,0.00,B1O40AG78300FB1,551,ペフ,50103,トーレペフ Y(工材),,,,,,,000001,2製品,02,社外加工,30040-AG00- 780X300F-A   C,,m,0:自社,,,,,,,,,,,2026/08/21,6710,河合 直樹,,,,0,34
00081938,製品,001,2026/07/24,2026/08/10,2026/08/10,2026/07/31,0:通常,0:通常,01,505101,国分後加工511,000051,国分後加工,049006,東ﾚ(株) 自材部,,,,,,,,,,,,,,,,,,,511101,国分工場01本倉庫,0015,末締,01,東レ本体,0:しない,,,,T7-108,100,,,"13,248",0,0:未完,0:未完,0:通常,1:税抜,0,3:請求合計,1:金額,0:円未満,5:四捨五入,0:切り捨て,9:切り上げ,1:発行済,0:未承認,,0:しない,0:新規,,,,,,0051,国分,,,,,,,,,1:後加工,2026/08/10,1:通常,中央物産,,,0,,,,,0:1明細目,フラップ逆転方式,接続：ベージュテープ50mm幅　ぬれ検査頻度：1回/5本　融着行き,"EC,融着",48.00,300,1,2,"フラップ逆転方式
16枚梱包
コロナ処理面を記載した用紙を同梱",,50103,トーレペフ Y(工材),1:対象外,0,0.00,48.00,,,,"13,248",0,48.00,276.00,A1OADJGA1200ZB4,551,ペフ,50103,トーレペフ Y(工材),,,999999,対象外,,,000001,2製品,02,社外加工,30300-JG00-1010x200ZABK0Q,,枚,0:自社,,,,済,済,2026/08/06,2026/08/06,2026/08/12,2026/08/12,189682Z,,6713,河合 直樹,02,Ｑ面,0:なし,0,0
00081938,原反,001,2026/07/24,2026/08/10,2026/08/10,2026/07/31,0:通常,0:通常,01,505101,国分後加工511,000051,国分後加工,049006,東ﾚ(株) 自材部,,,,,,,,,,,,,,,,,,,511101,国分工場01本倉庫,0015,末締,01,東レ本体,0:しない,,,,T7-108,100,,,"13,248",0,0:未完,0:未完,0:通常,1:税抜,0,3:請求合計,1:金額,0:円未満,5:四捨五入,0:切り捨て,9:切り上げ,1:発行済,0:未承認,,0:しない,0:新規,,,,,,0051,国分,,,,,,,,,1:後加工,2026/08/10,1:通常,中央物産,,,0,,,,,0:1明細目,フラップ逆転方式,接続：ベージュテープ50mm幅　ぬれ検査頻度：1回/5本　融着行き,"EC,融着",48.00,300,1,2,"フラップ逆転方式
16枚梱包
コロナ処理面を記載した用紙を同梱",,50103,トーレペフ Y(工材),1:対象外,0,0.00,100.00,SG,1021,EC,0,0,0.00,0.00,B1OA0AGA5100FBD,551,ペフ,55109,ﾍﾟﾌ　その他,,,,,,,000001,2製品,02,社外加工,30100-AG00-1050X100FA BK0M,,m,0:自社,,,,,,,,,,,2026/08/04,6710,河合 直樹,,,,0,1
00081938,原反,002,2026/07/24,2026/08/10,2026/08/10,2026/07/31,0:通常,0:通常,01,505101,国分後加工511,000051,国分後加工,049006,東ﾚ(株) 自材部,,,,,,,,,,,,,,,,,,,511101,国分工場01本倉庫,0015,末締,01,東レ本体,0:しない,,,,T7-108,100,,,"13,248",0,0:未完,0:未完,0:通常,1:税抜,0,3:請求合計,1:金額,0:円未満,5:四捨五入,0:切り捨て,9:切り上げ,1:発行済,0:未承認,,0:しない,0:新規,,,,,,0051,国分,,,,,,,,,1:後加工,2026/08/10,1:通常,中央物産,,,0,,,,,0:1明細目,フラップ逆転方式,接続：ベージュテープ50mm幅　ぬれ検査頻度：1回/5本　融着行き,"EC,融着",48.00,300,1,2,"フラップ逆転方式
16枚梱包
コロナ処理面を記載した用紙を同梱",,50103,トーレペフ Y(工材),1:対象外,0,0.00,200.00,SG,1121,融着機,0,0,0.00,0.00,B1OA0AGA5100FBD,551,ペフ,55109,ﾍﾟﾌ　その他,,,,,,,000001,2製品,02,社外加工,30100-AG00-1050X100FA BK0M,,m,0:自社,,,,,,,,,,,2026/08/04,6710,河合 直樹,,,,0,2
00081950,製品,001,2026/07/25,2026/08/05,2026/08/05,2026/07/31,0:通常,0:通常,01,505101,国分後加工511,000051,国分後加工,049006,東ﾚ(株) 自材部,,,,,,,,,,,,,,,,,,,511101,国分工場01本倉庫,0015,末締,01,東レ本体,0:しない,,,,C7-52,100,,,"30,600",0,1:完了,1:完了,0:通常,1:税抜,0,3:請求合計,1:金額,0:円未満,5:四捨五入,0:切り捨て,9:切り上げ,1:発行済,0:未承認,,0:しない,1:修正,,,,,,0051,国分,,,,,,,,,1:後加工,2026/08/05,1:通常,MBP,,,0,,,,,0:1明細目,"欠点個数確認　251-300m長は欠点７個以下
Ｐ区分：Ｈ面端部赤テープ+Ｈ面中央部黒マジック+Ｑ面中央部黒テープ
接続：３個以内(欠点に含む)両面緑テープ",接続は欠点に含む,スリット,"1,800.00","1,800",1,1,Ｐ区分ですが、工材ユーザー向けになります。,,50103,トーレペフ Y(工材),1:対象外,0,0.00,"1,800.00",,,,"30,600",0,"1,800.00",17.00,A1N20APC2300FN1,551,ペフ,50101,トーレペフ W(自材),,,999999,対象外,,,000001,2製品,02,社外加工,25020-AP17- 620X300FA    P,Ｐ区分　共レ251-300ｍ,m,0:自社,,,,済,済,2026/08/04,2026/08/04,2026/08/12,2026/08/12,189724A,,6783,河合 直樹,,,0:なし,0,0
00081950,原反,001,2026/07/25,2026/08/05,2026/08/05,2026/07/31,0:通常,0:通常,01,505101,国分後加工511,000051,国分後加工,049006,東ﾚ(株) 自材部,,,,,,,,,,,,,,,,,,,511101,国分工場01本倉庫,0015,末締,01,東レ本体,0:しない,,,,C7-52,100,,,"30,600",0,1:完了,1:完了,0:通常,1:税抜,0,3:請求合計,1:金額,0:円未満,5:四捨五入,0:切り捨て,9:切り上げ,1:発行済,0:未承認,,0:しない,1:修正,,,,,,0051,国分,,,,,,,,,1:後加工,2026/08/05,1:通常,MBP,,,0,,,,,0:1明細目,"欠点個数確認　251-300m長は欠点７個以下
Ｐ区分：Ｈ面端部赤テープ+Ｈ面中央部黒マジック+Ｑ面中央部黒テープ
接続：３個以内(欠点に含む)両面緑テープ",接続は欠点に含む,スリット,"1,800.00","1,800",1,1,Ｐ区分ですが、工材ユーザー向けになります。,,50103,トーレペフ Y(工材),1:対象外,0,0.00,"1,800.00",KN,1043,スリット機2,0,0,0.00,0.00,B1N20APC2300FN1,551,ペフ,55109,ﾍﾟﾌ　その他,,,,,,,000001,2製品,02,社外加工,25020-AP17- 970X300FA    P,,m,0:自社,,,,,,,,,,,2026/08/03,6783,河合 直樹,,,,0,6
00081951,製品,001,2026/07/25,2026/08/07,2026/08/07,2026/07/31,0:通常,0:通常,01,505101,国分後加工511,000051,国分後加工,049006,東ﾚ(株) 自材部,,,,,,,,,,,,,,,,,,,511101,国分工場01本倉庫,0015,末締,01,東レ本体,0:しない,,,,W7-50,100,,,"68,000",0,1:完了,1:完了,0:通常,1:税抜,0,3:請求合計,1:金額,0:円未満,5:四捨五入,0:切り捨て,9:切り上げ,1:発行済,0:未承認,,0:しない,1:修正,,,,,,0051,国分,,,,,,,,,1:後加工,2026/08/07,1:通常,共レ新城,,,0,,,,,0:1明細目,"欠点個数確認　実数と合致していれば赤丸
共和レザー：301-400m長は欠点９個以下　接続：４個以内　両面緑テープ
Ｐ区分：Ｈ面端部赤テープとＨ面中央部黒マジック+Ｑ面中央部黒テープ",接続は欠点に含む,スリット,"4,000.00","4,000",1,1,"欠点個数確認チェック
ラベル◎",,50101,トーレペフ W(自材),1:対象外,0,0.00,"4,000.00",,,,"68,000",0,"4,000.00",17.00,A1K15AP80400FN1,551,ペフ,50101,トーレペフ W(自材),,,999999,対象外,,,000001,2製品,02,社外加工,20015-AP16- 860X400F-A   P,,m,0:自社,,,,済,済,2026/08/04,2026/08/04,2026/08/12,2026/08/12,190387F,,6783,河合 直樹,,,0:なし,0,0
00081951,原反,001,2026/07/25,2026/08/07,2026/08/07,2026/07/31,0:通常,0:通常,01,505101,国分後加工511,000051,国分後加工,049006,東ﾚ(株) 自材部,,,,,,,,,,,,,,,,,,,511101,国分工場01本倉庫,0015,末締,01,東レ本体,0:しない,,,,W7-50,100,,,"68,000",0,1:完了,1:完了,0:通常,1:税抜,0,3:請求合計,1:金額,0:円未満,5:四捨五入,0:切り捨て,9:切り上げ,1:発行済,0:未承認,,0:しない,1:修正,,,,,,0051,国分,,,,,,,,,1:後加工,2026/08/07,1:通常,共レ新城,,,0,,,,,0:1明細目,"欠点個数確認　実数と合致していれば赤丸
共和レザー：301-400m長は欠点９個以下　接続：４個以内　両面緑テープ
Ｐ区分：Ｈ面端部赤テープとＨ面中央部黒マジック+Ｑ面中央部黒テープ",接続は欠点に含む,スリット,"4,000.00","4,000",1,1,"欠点個数確認チェック
ラベル◎",,50101,トーレペフ W(自材),1:対象外,0,0.00,"4,000.00",KN,1043,スリット機2,0,0,0.00,0.00,B1K15APF0400FNA,551,ペフ,50101,トーレペフ W(自材),,,,,,,000003,4原材料,02,社外加工,20015-AP16-1240X400F-A   P,,m,0:自社,,,,,,,,,,,2026/08/03,6780,河合 直樹,,,,0,10
00081952,製品,001,2026/07/25,2026/08/10,2026/08/10,2026/07/31,0:通常,0:通常,01,505101,国分後加工511,000051,国分後加工,049006,東ﾚ(株) 自材部,,,,,,,,,,,,,,,,,,,511101,国分工場01本倉庫,0015,末締,01,東レ本体,0:しない,,,,W7-51,100,,,"85,000",0,1:完了,1:完了,0:通常,1:税抜,0,3:請求合計,1:金額,0:円未満,5:四捨五入,0:切り捨て,9:切り上げ,1:発行済,0:未承認,,0:しない,1:修正,,,,,,0051,国分,,,,,,,,,1:後加工,2026/08/10,1:通常,共レ新城,,,0,,,,,0:1明細目,"欠点個数確認　共レ201-250m長は欠点５個 接続３個(含む)
P区分：Ｈ面端部赤テープ+Ｈ面中央部黒マジック+Ｑ面中央部黒テープ
接続：両面緑テープ",接続点は欠点に含む,スリット,"5,000.00","5,000",1,1,"欠点個数確認チェック
ラベル◎",,50101,トーレペフ W(自材),1:対象外,0,0.00,"5,000.00",,,,"85,000",0,"5,000.00",17.00,A1N25APB4250FNL,551,ペフ,50101,トーレペフ W(自材),,,,,,,000001,2製品,02,社外加工,25025-AP17-1010X250F-A   P,共レ 201-250m Ｈ区分,m,0:自社,,,,済,済,2026/08/05,2026/08/06,2026/08/12,2026/08/12,190386K,,6783,河合 直樹,,,0:なし,0,0
00081952,原反,001,2026/07/25,2026/08/10,2026/08/10,2026/07/31,0:通常,0:通常,01,505101,国分後加工511,000051,国分後加工,049006,東ﾚ(株) 自材部,,,,,,,,,,,,,,,,,,,511101,国分工場01本倉庫,0015,末締,01,東レ本体,0:しない,,,,W7-51,100,,,"85,000",0,1:完了,1:完了,0:通常,1:税抜,0,3:請求合計,1:金額,0:円未満,5:四捨五入,0:切り捨て,9:切り上げ,1:発行済,0:未承認,,0:しない,1:修正,,,,,,0051,国分,,,,,,,,,1:後加工,2026/08/10,1:通常,共レ新城,,,0,,,,,0:1明細目,"欠点個数確認　共レ201-250m長は欠点５個 接続３個(含む)
P区分：Ｈ面端部赤テープ+Ｈ面中央部黒マジック+Ｑ面中央部黒テープ
接続：両面緑テープ",接続点は欠点に含む,スリット,"5,000.00","5,000",1,1,"欠点個数確認チェック
ラベル◎",,50101,トーレペフ W(自材),1:対象外,0,0.00,"5,000.00",SG,1043,スリット機2,0,0,0.00,0.00,B1N25APF8250FN1,551,ペフ,55102,ﾍﾟﾌ　自動車部品,,,,,,,000003,4原材料,02,社外加工,25025-AP17-1100X250FA    P,,m,0:自社,,,,,,,,,,,2026/08/04,6780,河合 直樹,,,,0,20
00081953,製品,001,2026/07/25,2026/08/07,2026/08/07,2026/07/31,0:通常,0:通常,01,505101,国分後加工511,000051,国分後加工,049006,東ﾚ(株) 自材部,,,,,,,,,,,,,,,,,,,511101,国分工場01本倉庫,0015,末締,01,東レ本体,0:しない,,,,Y8-36,100,,,"23,271",0,0:未完,0:未完,0:通常,1:税抜,0,3:請求合計,1:金額,0:円未満,5:四捨五入,0:切り捨て,9:切り上げ,1:発行済,0:未承認,,0:しない,1:修正,,,,,,0051,国分,,,,,,,,,1:後加工,2026/08/07,1:通常,ボーデン,,,0,,,,,0:1明細目,,熱風温度上下：夏季330℃、冬季340℃,融着,96.00,600,1,1,,,50103,トーレペフ Y(工材),1:対象外,0,0.00,96.00,,,,"23,271",0,96.00,242.40,A1O8DDGA0202ZB4,551,ペフ,50103,トーレペフ Y(工材),,,999999,対象外,,,000001,2製品,02,社外加工,30240-DG00-1000x202ZABK0,,枚,0:自社,,,,済,済,2026/08/04,2026/08/04,2026/08/12,2026/08/12,189759V,,6713,河合 直樹,,,1:あり,3,0
00081953,原反,001,2026/07/25,2026/08/07,2026/08/07,2026/07/31,0:通常,0:通常,01,505101,国分後加工511,000051,国分後加工,049006,東ﾚ(株) 自材部,,,,,,,,,,,,,,,,,,,511101,国分工場01本倉庫,0015,末締,01,東レ本体,0:しない,,,,Y8-36,100,,,"23,271",0,0:未完,0:未完,0:通常,1:税抜,0,3:請求合計,1:金額,0:円未満,5:四捨五入,0:切り捨て,9:切り上げ,1:発行済,0:未承認,,0:しない,1:修正,,,,,,0051,国分,,,,,,,,,1:後加工,2026/08/07,1:通常,ボーデン,,,0,,,,,0:1明細目,,熱風温度上下：夏季330℃、冬季340℃,融着,96.00,600,1,1,,,50103,トーレペフ Y(工材),1:対象外,0,0.00,600.00,SG,1121,融着機,0,0,0.00,0.00,B1O80AGA3100FB4,551,ペフ,55109,ﾍﾟﾌ　その他,,,,,,,000001,2製品,02,社外加工,30080-AG00-1030X100FA BK0C,,m,0:自社,,,,,,,,,,,2026/08/04,6710,河合 直樹,,,,0,6
00081954,製品,001,2026/07/25,2026/08/07,2026/08/07,2026/07/31,0:通常,0:通常,01,505101,国分後加工511,000051,国分後加工,049006,東ﾚ(株) 自材部,,,,,,,,,,,,,,,,,,,511101,国分工場01本倉庫,0015,末締,01,東レ本体,0:しない,,,,Y8-37,100,,,"93,586",0,0:未完,0:未完,0:通常,1:税抜,0,3:請求合計,1:金額,0:円未満,5:四捨五入,0:切り捨て,9:切り上げ,1:発行済,0:未承認,,0:しない,1:修正,,,,,,0051,国分,,,,,,,,,1:後加工,2026/08/07,1:通常,ドラーフタイト工場,,,0,,,,,0:1明細目,19枚梱包,熱風温度上下：夏季320℃、冬季330℃,融着,388.00,"2,400",1,2,19枚梱包,,50103,トーレペフ Y(工材),1:対象外,0,0.00,388.00,,,,"93,586",0,388.00,241.20,A1O5FDG96201ZB4,551,ペフ,50103,トーレペフ Y(工材),,,999999,対象外,,,000001,2製品,02,社外加工,30250-DG00-960x201ZABK0,,枚,0:自社,,,,済,済,2026/08/04,2026/08/04,2026/08/12,2026/08/12,189763W,,6713,河合 直樹,,,1:あり,3,0
00081954,原反,001,2026/07/25,2026/08/07,2026/08/07,2026/07/31,0:通常,0:通常,01,505101,国分後加工511,000051,国分後加工,049006,東ﾚ(株) 自材部,,,,,,,,,,,,,,,,,,,511101,国分工場01本倉庫,0015,末締,01,東レ本体,0:しない,,,,Y8-37,100,,,"93,586",0,0:未完,0:未完,0:通常,1:税抜,0,3:請求合計,1:金額,0:円未満,5:四捨五入,0:切り捨て,9:切り上げ,1:発行済,0:未承認,,0:しない,1:修正,,,,,,0051,国分,,,,,,,,,1:後加工,2026/08/07,1:通常,ドラーフタイト工場,,,0,,,,,0:1明細目,19枚梱包,熱風温度上下：夏季320℃、冬季330℃,融着,388.00,"2,400",1,2,19枚梱包,,50103,トーレペフ Y(工材),1:対象外,0,0.00,"1,600.00",SG,1121,融着機,0,0,0.00,0.00,B1OA0AGA0100FB4,551,ペフ,55109,ﾍﾟﾌ　その他,,,,,,,000001,2製品,02,社外加工,30100-AG00-1000X100FA BK0C,,m,0:自社,,,,,,,,,,,2026/08/04,6710,河合 直樹,,,,0,16
00081954,原反,002,2026/07/25,2026/08/07,2026/08/07,2026/07/31,0:通常,0:通常,01,505101,国分後加工511,000051,国分後加工,049006,東ﾚ(株) 自材部,,,,,,,,,,,,,,,,,,,511101,国分工場01本倉庫,0015,末締,01,東レ本体,0:しない,,,,Y8-37,100,,,"93,586",0,0:未完,0:未完,0:通常,1:税抜,0,3:請求合計,1:金額,0:円未満,5:四捨五入,0:切り捨て,9:切り上げ,1:発行済,0:未承認,,0:しない,1:修正,,,,,,0051,国分,,,,,,,,,1:後加工,2026/08/07,1:通常,ドラーフタイト工場,,,0,,,,,0:1明細目,19枚梱包,熱風温度上下：夏季320℃、冬季330℃,融着,388.00,"2,400",1,2,19枚梱包,,50103,トーレペフ Y(工材),1:対象外,0,0.00,800.00,SG,1121,融着機,0,0,0.00,0.00,B1O50AGA0200FB4,551,ペフ,55109,ﾍﾟﾌ　その他,,,,,,,000001,2製品,02,社外加工,30050-AG00-1030X200FA BK0C,,m,0:自社,,,,,,,,,,,2026/08/04,6710,河合 直樹,,,,0,4
00081956,製品,001,2026/07/27,2026/07/28,2026/07/28,2026/07/31,0:通常,0:通常,01,505201,湖南52,000052,湖南工場,049052,東ﾚﾍﾟﾌ加工品(株) 国分・湖南,,,,,,,,,,,,,,,,,,,520201,湖南工場01本倉庫,0015,末締,02,東レグループ,0:しない,,,,JR260703-1,100,,,"3,000",0,1:完了,1:完了,0:通常,1:税抜,0,3:請求合計,1:金額,0:円未満,5:四捨五入,9:切り上げ,5:四捨五入,1:発行済,0:未承認,,0:しない,1:修正,,,,,,,,,,,,,,,,1:後加工,2026/07/28,1:通常,,,,0,,,,,0:1明細目,,,接続,190.00,200,1,1,,,50200,ＴＰＩ,1:対象外,0,0.00,190.00,,,,"3,000",0,190.00,15.79,A3P40R187095F51,551,ペフ,50200,ＴＰＩ,,,,,,,000001,2製品,02,社外加工,40040-R10W- 870X 95,,M,0:自社,,,,済,済,2026/07/28,2026/07/28,2026/07/28,2026/07/28,,,0   ,古家 淳子,,,1:あり,0,0
00081956,原反,001,2026/07/27,2026/07/28,2026/07/28,2026/07/31,0:通常,0:通常,01,505201,湖南52,000052,湖南工場,049052,東ﾚﾍﾟﾌ加工品(株) 国分・湖南,,,,,,,,,,,,,,,,,,,520201,湖南工場01本倉庫,0015,末締,02,東レグループ,0:しない,,,,JR260703-1,100,,,"3,000",0,1:完了,1:完了,0:通常,1:税抜,0,3:請求合計,1:金額,0:円未満,5:四捨五入,9:切り上げ,5:四捨五入,1:発行済,0:未承認,,0:しない,1:修正,,,,,,,,,,,,,,,,1:後加工,2026/07/28,1:通常,,,,0,,,,,0:1明細目,,,接続,190.00,200,1,1,,,50200,ＴＰＩ,1:対象外,0,0.00,200.00,K ,2021,熱融着機　湖南,0,0,0.00,0.00,B3P404AA0100FA1,551,ペフ,55109,ﾍﾟﾌ　その他,,,,,,,000001,2製品,02,社外加工,FEL4004AY-10WD-1000X100,,M,0:自社,,,,,,,,,,,2026/07/24,7A1 ,古家 淳子,,,,0,2
00081957,製品,001,2026/07/27,2026/08/10,2026/08/10,2026/07/31,0:通常,0:通常,01,505201,湖南52,000052,湖南工場,049052,東ﾚﾍﾟﾌ加工品(株) 国分・湖南,,,,,,,,,,,,,,,,,,,520201,湖南工場01本倉庫,0015,末締,02,東レグループ,0:しない,,,,PN08-02,100,,,"117,600",0,1:完了,1:完了,0:通常,1:税抜,0,3:請求合計,1:金額,0:円未満,5:四捨五入,9:切り上げ,5:四捨五入,1:発行済,0:未承認,,0:しない,1:修正,,,,,,,,,,,,,,,,1:後加工,2026/08/10,1:通常,,,,0,,,,,0:1明細目,,,"梱包,EC","6,000.00","6,000",1,1,,,50200,ＴＰＩ,1:対象外,0,0.00,"6,000.00",,,,"117,600",0,"6,000.00",19.60,A3O202BA0100FL1,551,ペフ,50200,ＴＰＩ,,,,,,,000001,2製品,02,社外加工,FEL3002BY05WDLG-EC,,M,0:自社,,,,済,済,2026/08/05,2026/08/05,2026/08/05,2026/08/05,P75940,,7C8 ,古家 淳子,,,0:なし,0,0
00081957,原反,001,2026/07/27,2026/08/10,2026/08/10,2026/07/31,0:通常,0:通常,01,505201,湖南52,000052,湖南工場,049052,東ﾚﾍﾟﾌ加工品(株) 国分・湖南,,,,,,,,,,,,,,,,,,,520201,湖南工場01本倉庫,0015,末締,02,東レグループ,0:しない,,,,PN08-02,100,,,"117,600",0,1:完了,1:完了,0:通常,1:税抜,0,3:請求合計,1:金額,0:円未満,5:四捨五入,9:切り上げ,5:四捨五入,1:発行済,0:未承認,,0:しない,1:修正,,,,,,,,,,,,,,,,1:後加工,2026/08/10,1:通常,,,,0,,,,,0:1明細目,,,"梱包,EC","6,000.00","6,000",1,1,,,50200,ＴＰＩ,1:対象外,0,0.00,"6,000.00",K ,2014,SEC機　湖南,0,0,0.00,0.00,B3O202BA0100FLA,551,ペフ,50200,ＴＰＩ,,,,,,,000001,2製品,02,社外加工,FEL3002BY05WD-1000X100   LG,,M,0:自社,,,,,,,,,,,2026/08/03,7A1 ,古家 淳子,,,,0,60
00081958,製品,001,2026/07/27,2026/08/10,2026/08/10,2026/07/31,0:通常,0:通常,01,505201,湖南52,000052,湖南工場,049052,東ﾚﾍﾟﾌ加工品(株) 国分・湖南,,,,,,,,,,,,,,,,,,,520201,湖南工場01本倉庫,0015,末締,02,東レグループ,0:しない,,,,PN08-01,100,,,"7,840",0,1:完了,1:完了,0:通常,1:税抜,0,3:請求合計,1:金額,0:円未満,5:四捨五入,9:切り上げ,5:四捨五入,1:発行済,0:未承認,,0:しない,1:修正,,,,,,,,,,,,,,,,1:後加工,2026/08/10,1:通常,,,,0,,,,,0:1明細目,,,"梱包,EC",400.00,400,1,1,,,50200,ＴＰＩ,1:対象外,0,0.00,400.00,,,,"7,840",0,400.00,19.60,A3O202B05100FBA,551,ペフ,50200,ＴＰＩ,,,,,,,000001,2製品,02,社外加工,FEL3002BGB05WDB-EC,,M,0:自社,,,,済,済,2026/08/05,2026/08/05,2026/08/05,2026/08/05,P75940,,7C8 ,古家 淳子,,,0:なし,0,0
00081958,原反,001,2026/07/27,2026/08/10,2026/08/10,2026/07/31,0:通常,0:通常,01,505201,湖南52,000052,湖南工場,049052,東ﾚﾍﾟﾌ加工品(株) 国分・湖南,,,,,,,,,,,,,,,,,,,520201,湖南工場01本倉庫,0015,末締,02,東レグループ,0:しない,,,,PN08-01,100,,,"7,840",0,1:完了,1:完了,0:通常,1:税抜,0,3:請求合計,1:金額,0:円未満,5:四捨五入,9:切り上げ,5:四捨五入,1:発行済,0:未承認,,0:しない,1:修正,,,,,,,,,,,,,,,,1:後加工,2026/08/10,1:通常,,,,0,,,,,0:1明細目,,,"梱包,EC",400.00,400,1,1,,,50200,ＴＰＩ,1:対象外,0,0.00,400.00,K ,2014,SEC機　湖南,0,0,0.00,0.00,B3O202B05100FBA,551,ペフ,50200,ＴＰＩ,,,,,,,000001,2製品,02,社外加工,FEL3002BGB-05WD-1000X100   B,,M,0:自社,,,,,,,,,,,2026/08/03,7A1 ,古家 淳子,,,,0,4
00081959,製品,001,2026/07/27,2026/08/10,2026/08/10,2026/07/31,0:通常,0:通常,01,505201,湖南52,000052,湖南工場,049052,東ﾚﾍﾟﾌ加工品(株) 国分・湖南,,,,,,,,,,,,,,,,,,,520201,湖南工場01本倉庫,0015,末締,02,東レグループ,0:しない,,,,JR260802,100,,,"76,221",0,1:完了,1:完了,0:通常,1:税抜,0,3:請求合計,1:金額,0:円未満,5:四捨五入,9:切り上げ,5:四捨五入,1:発行済,0:未承認,,0:しない,1:修正,,,,,,,,,,,,,,,,1:後加工,2026/08/10,1:通常,,,,0,,,,,0:1明細目,,,"SEC,梱包,スリット","1,709.00","1,985",2,3,,,50200,ＴＰＩ,1:対象外,0,0.00,"1,649.00",,,,"73,545",0,"1,649.00",44.60,A3O20A087097FB1,551,ペフ,50200,ＴＰＩ,,,,,,,000001,2製品,02,社外加工,30020-A05W- 870X 97   BKB,,M,0:自社,,,,済,済,2026/08/07,2026/08/07,2026/08/07,2026/08/07,P75915,,0   ,古家 淳子,,,1:あり,0,0
00081959,製品,002,2026/07/27,2026/08/10,2026/08/10,2026/07/31,0:通常,0:通常,01,505201,湖南52,000052,湖南工場,049052,東ﾚﾍﾟﾌ加工品(株) 国分・湖南,,,,,,,,,,,,,,,,,,,520201,湖南工場01本倉庫,0015,末締,02,東レグループ,0:しない,,,,JR260802,100,,,"76,221",0,1:完了,1:完了,0:通常,1:税抜,0,3:請求合計,1:金額,0:円未満,5:四捨五入,9:切り上げ,5:四捨五入,1:発行済,0:未承認,,0:しない,1:修正,,,,,,,,,,,,,,,,1:後加工,2026/08/10,1:通常,,,,0,,,,,0:1明細目,,,"SEC,梱包,スリット","1,709.00","1,985",2,3,,,50200,ＴＰＩ,1:対象外,0,0.00,60.00,,,,"2,676",0,60.00,44.60,A3O20A087060FB1,551,ペフ,50200,ＴＰＩ,,,,,,,000001,2製品,02,社外加工,30020-A05W- 870X 60   BKB,,M,0:自社,,,,済,済,2026/08/07,2026/08/07,2026/08/07,2026/08/07,,,0   ,古家 淳子,,,1:あり,0,0
00081959,原反,001,2026/07/27,2026/08/10,2026/08/10,2026/07/31,0:通常,0:通常,01,505201,湖南52,000052,湖南工場,049052,東ﾚﾍﾟﾌ加工品(株) 国分・湖南,,,,,,,,,,,,,,,,,,,520201,湖南工場01本倉庫,0015,末締,02,東レグループ,0:しない,,,,JR260802,100,,,"76,221",0,1:完了,1:完了,0:通常,1:税抜,0,3:請求合計,1:金額,0:円未満,5:四捨五入,9:切り上げ,5:四捨五入,1:発行済,0:未承認,,0:しない,1:修正,,,,,,,,,,,,,,,,1:後加工,2026/08/10,1:通常,,,,0,,,,,0:1明細目,,,"SEC,梱包,スリット","1,709.00","1,985",2,3,,,50200,ＴＰＩ,1:対象外,0,0.00,"1,300.00",K ,2014,SEC機　湖南,0,0,0.00,0.00,B3O202BA0100FBA,551,ペフ,50200,ＴＰＩ,,,,,,,000001,2製品,02,社外加工,FEL3002BGB-05WD-1000X100   BKB,,M,0:自社,,,,,,,,,,,2026/08/03,7A1 ,古家 淳子,,,,0,13
00081959,原反,002,2026/07/27,2026/08/10,2026/08/10,2026/07/31,0:通常,0:通常,01,505201,湖南52,000052,湖南工場,049052,東ﾚﾍﾟﾌ加工品(株) 国分・湖南,,,,,,,,,,,,,,,,,,,520201,湖南工場01本倉庫,0015,末締,02,東レグループ,0:しない,,,,JR260802,100,,,"76,221",0,1:完了,1:完了,0:通常,1:税抜,0,3:請求合計,1:金額,0:円未満,5:四捨五入,9:切り上げ,5:四捨五入,1:発行済,0:未承認,,0:しない,1:修正,,,,,,,,,,,,,,,,1:後加工,2026/08/10,1:通常,,,,0,,,,,0:1明細目,,,"SEC,梱包,スリット","1,709.00","1,985",2,3,,,50200,ＴＰＩ,1:対象外,0,0.00,400.00,K ,2014,SEC機　湖南,0,0,0.00,0.00,B3O202BA0100FBA,551,ペフ,50200,ＴＰＩ,,,,,,,000001,2製品,02,社外加工,FEL3002BGB-05WD-1000X100   BKB,,M,0:自社,,,,,,,,,,,2026/08/03,7A1 ,古家 淳子,,,,0,4
00081959,原反,003,2026/07/27,2026/08/10,2026/08/10,2026/07/31,0:通常,0:通常,01,505201,湖南52,000052,湖南工場,049052,東ﾚﾍﾟﾌ加工品(株) 国分・湖南,,,,,,,,,,,,,,,,,,,520201,湖南工場01本倉庫,0015,末締,02,東レグループ,0:しない,,,,JR260802,100,,,"76,221",0,1:完了,1:完了,0:通常,1:税抜,0,3:請求合計,1:金額,0:円未満,5:四捨五入,9:切り上げ,5:四捨五入,1:発行済,0:未承認,,0:しない,1:修正,,,,,,,,,,,,,,,,1:後加工,2026/08/10,1:通常,,,,0,,,,,0:1明細目,,,"SEC,梱包,スリット","1,709.00","1,985",2,3,,,50200,ＴＰＩ,1:対象外,0,0.00,285.00,K ,2014,SEC機　湖南,0,0,0.00,0.00,B3O202BA0100FBA,551,ペフ,50200,ＴＰＩ,,,,,,,000001,2製品,02,社外加工,FEL3002BGB-05WD-1000X 95   BKB,,M,0:自社,,,,,,,,,,,2026/08/03,7A1 ,古家 淳子,,,,0,3
00081965,製品,001,2026/07/27,2026/10/07,2026/10/07,2026/07/31,0:通常,0:通常,01,105501,営業55,000567,佐藤 久美子,900001,共進向け　在庫分,共進向け　在庫分,,,,,,,,000331,長岡産業(株)大石　配送課,長岡産業株式会社,　大石第２工場　配送課,520-2263,滋賀県大津市大石中6-2-13,,,077-546-7200,077-536-3010,511101,国分工場01本倉庫,0007,随 出荷日＝売上計上,03,その他,1:する,2:様,1:する,2:様,,700,,,0,0,0:未完,0:未完,0:通常,1:税抜,0,1:伝票明細,1:金額,0:円未満,0:切り捨て,0:切り捨て,0:切り捨て,1:発行済,0:未承認,,0:しない,1:修正,,,,,,0001,京滋便,,,,,,,,,2:自社,,1:通常,,,,0,,,,,0:1明細目,自社,,"バーチカル,打抜き","1,800.00",30,1,1,,,51200,自社加工,1:対象外,0,0.00,"1,800.00",,,,0,0,"1,800.00",0.00,A5O5FB4010KS010,551,ペフ,55104,ﾍﾟﾌ　建材　芯材,,,420200,一般-売上,,,000001,2製品,01,社外製品,ｹﾐｶﾙ面戸 CS-11&72,,本,0:自社,,,,一部,,,,,,,,IPAN,野上 亜矢,,,0:なし,0,0
00081965,原反,001,2026/07/27,2026/10/07,2026/10/07,2026/07/31,0:通常,0:通常,01,105501,営業55,000567,佐藤 久美子,900001,共進向け　在庫分,共進向け　在庫分,,,,,,,,000331,長岡産業(株)大石　配送課,長岡産業株式会社,　大石第２工場　配送課,520-2263,滋賀県大津市大石中6-2-13,,,077-546-7200,077-536-3010,511101,国分工場01本倉庫,0007,随 出荷日＝売上計上,03,その他,1:する,2:様,1:する,2:様,,700,,,0,0,0:未完,0:未完,0:通常,1:税抜,0,1:伝票明細,1:金額,0:円未満,0:切り捨て,0:切り捨て,0:切り捨て,1:発行済,0:未承認,,0:しない,1:修正,,,,,,0001,京滋便,,,,,,,,,2:自社,,1:通常,,,,0,,,,,0:1明細目,自社,,"バーチカル,打抜き","1,800.00",30,1,1,,,51200,自社加工,1:対象外,0,0.00,30.00,OD,1111,バーチカルカット,0,0,0.00,0.00,P5O5FB4A0200XG2,551,ペフ,55109,ﾍﾟﾌ　その他,,,420203,一般-仕入-材,,,000001,2製品,01,社外製品,PEﾗｲﾄ B-4 25tX1000X2000（ｸﾞﾚｰ）,,枚,0:自社,,,,,,,,,,,2026/09/04,JSYA,野上 亜矢,,,,0,0
00081966,製品,001,2026/07/27,2026/10/14,2026/10/14,2026/07/31,0:通常,0:通常,01,105501,営業55,000567,佐藤 久美子,900001,共進向け　在庫分,共進向け　在庫分,,,,,,,,000331,長岡産業(株)大石　配送課,長岡産業株式会社,　大石第２工場　配送課,520-2263,滋賀県大津市大石中6-2-13,,,077-546-7200,077-536-3010,511101,国分工場01本倉庫,0007,随 出荷日＝売上計上,03,その他,1:する,2:様,1:する,2:様,,700,,,0,0,0:未完,0:未完,0:通常,1:税抜,0,1:伝票明細,1:金額,0:円未満,0:切り捨て,0:切り捨て,0:切り捨て,1:発行済,0:未承認,,0:しない,0:新規,,,,,,0001,京滋便,,,,,,,,,2:自社,,1:通常,,,,0,,,,,0:1明細目,自社,,"バーチカル,打抜き","1,800.00",30,1,1,,,51200,自社加工,1:対象外,0,0.00,"1,800.00",,,,0,0,"1,800.00",0.00,A5O5FB4010KS010,551,ペフ,55104,ﾍﾟﾌ　建材　芯材,,,420200,一般-売上,,,000001,2製品,01,社外製品,ｹﾐｶﾙ面戸 CS-11&72,,本,0:自社,,,,済,,,,,,,,IPAN,野上 亜矢,,,0:なし,0,0
00081966,原反,001,2026/07/27,2026/10/14,2026/10/14,2026/07/31,0:通常,0:通常,01,105501,営業55,000567,佐藤 久美子,900001,共進向け　在庫分,共進向け　在庫分,,,,,,,,000331,長岡産業(株)大石　配送課,長岡産業株式会社,　大石第２工場　配送課,520-2263,滋賀県大津市大石中6-2-13,,,077-546-7200,077-536-3010,511101,国分工場01本倉庫,0007,随 出荷日＝売上計上,03,その他,1:する,2:様,1:する,2:様,,700,,,0,0,0:未完,0:未完,0:通常,1:税抜,0,1:伝票明細,1:金額,0:円未満,0:切り捨て,0:切り捨て,0:切り捨て,1:発行済,0:未承認,,0:しない,0:新規,,,,,,0001,京滋便,,,,,,,,,2:自社,,1:通常,,,,0,,,,,0:1明細目,自社,,"バーチカル,打抜き","1,800.00",30,1,1,,,51200,自社加工,1:対象外,0,0.00,30.00,,,,0,0,0.00,0.00,P5O5FB4A0200XG2,551,ペフ,55109,ﾍﾟﾌ　その他,,,420203,一般-仕入-材,,,000001,2製品,01,社外製品,PEﾗｲﾄ B-4 25tX1000X2000（ｸﾞﾚｰ）,,枚,0:自社,,,,,,,,,,,,JSYA,野上 亜矢,,,,0,0
00081967,製品,001,2026/07/27,2026/10/21,2026/10/21,2026/07/31,0:通常,0:通常,01,105501,営業55,000567,佐藤 久美子,900001,共進向け　在庫分,共進向け　在庫分,,,,,,,,000331,長岡産業(株)大石　配送課,長岡産業株式会社,　大石第２工場　配送課,520-2263,滋賀県大津市大石中6-2-13,,,077-546-7200,077-536-3010,511101,国分工場01本倉庫,0007,随 出荷日＝売上計上,03,その他,1:する,2:様,1:する,2:様,,700,,,0,0,0:未完,0:未完,0:通常,1:税抜,0,1:伝票明細,1:金額,0:円未満,0:切り捨て,0:切り捨て,0:切り捨て,1:発行済,0:未承認,,0:しない,1:修正,,,,,,0001,京滋便,,,,,,,,,2:自社,,1:通常,,,,0,,,,,0:1明細目,自社,,"バーチカル,打抜き","1,800.00",30,1,1,,,51200,自社加工,1:対象外,0,0.00,"1,800.00",,,,0,0,"1,800.00",0.00,A5O5FB4010KS010,551,ペフ,55104,ﾍﾟﾌ　建材　芯材,,,420200,一般-売上,,,000001,2製品,01,社外製品,ｹﾐｶﾙ面戸 CS-11&72,,本,0:自社,,,,済,,,,,,,,IPAN,野上 亜矢,,,0:なし,0,0
00081967,原反,001,2026/07/27,2026/10/21,2026/10/21,2026/07/31,0:通常,0:通常,01,105501,営業55,000567,佐藤 久美子,900001,共進向け　在庫分,共進向け　在庫分,,,,,,,,000331,長岡産業(株)大石　配送課,長岡産業株式会社,　大石第２工場　配送課,520-2263,滋賀県大津市大石中6-2-13,,,077-546-7200,077-536-3010,511101,国分工場01本倉庫,0007,随 出荷日＝売上計上,03,その他,1:する,2:様,1:する,2:様,,700,,,0,0,0:未完,0:未完,0:通常,1:税抜,0,1:伝票明細,1:金額,0:円未満,0:切り捨て,0:切り捨て,0:切り捨て,1:発行済,0:未承認,,0:しない,1:修正,,,,,,0001,京滋便,,,,,,,,,2:自社,,1:通常,,,,0,,,,,0:1明細目,自社,,"バーチカル,打抜き","1,800.00",30,1,1,,,51200,自社加工,1:対象外,0,0.00,30.00,OD,1111,バーチカルカット,0,0,0.00,0.00,P5O5FB4A0200XG2,551,ペフ,55109,ﾍﾟﾌ　その他,,,420203,一般-仕入-材,,,000001,2製品,01,社外製品,PEﾗｲﾄ B-4 25tX1000X2000（ｸﾞﾚｰ）,,枚,0:自社,,,,,,,,,,,2026/10/05,JSYA,野上 亜矢,,,,0,0
00081968,製品,001,2026/07/27,2026/10/15,2026/10/15,2026/07/31,0:通常,0:通常,01,105501,営業55,000567,佐藤 久美子,900001,共進向け　在庫分,共進向け　在庫分,,,,,,,,096001,(株)明光ﾌｧｸﾄﾘｰ,株式会社 明光ファクトリー,,520-2263,滋賀県大津市,大石中6丁目2-25,,077-548-8853,077-548-8843,511101,国分工場01本倉庫,0007,随 出荷日＝売上計上,03,その他,1:する,2:様,1:する,2:様,,700,,,0,0,0:未完,0:未完,0:通常,1:税抜,0,1:伝票明細,1:金額,0:円未満,0:切り捨て,0:切り捨て,0:切り捨て,1:発行済,0:未承認,,0:しない,1:修正,,,,,,1002,お客様引取,,,国分から大石への横持ちは9/30(水)希望です。営業で京滋便を手配します。,,,営)国分・大石へ出力,,,2:自社,,1:通常,,,,0,,,,,0:1明細目,自社,,"バーチカル,打抜き,目",720.00,16,1,1,,,51200,自社加工,1:対象外,0,0.00,720.00,,,,0,0,720.00,0.00,A5OAFB401001ZG2,551,ペフ,55104,ﾍﾟﾌ　建材　芯材,,,420200,一般-売上,,,000001,2製品,01,社外製品,ｹﾐｶﾙ面戸 CS-9,,本,0:自社,,,,一部,,,,,,,,IPAN,野上 亜矢,,,0:なし,0,0
00081968,原反,001,2026/07/27,2026/10/15,2026/10/15,2026/07/31,0:通常,0:通常,01,105501,営業55,000567,佐藤 久美子,900001,共進向け　在庫分,共進向け　在庫分,,,,,,,,096001,(株)明光ﾌｧｸﾄﾘｰ,株式会社 明光ファクトリー,,520-2263,滋賀県大津市,大石中6丁目2-25,,077-548-8853,077-548-8843,511101,国分工場01本倉庫,0007,随 出荷日＝売上計上,03,その他,1:する,2:様,1:する,2:様,,700,,,0,0,0:未完,0:未完,0:通常,1:税抜,0,1:伝票明細,1:金額,0:円未満,0:切り捨て,0:切り捨て,0:切り捨て,1:発行済,0:未承認,,0:しない,1:修正,,,,,,1002,お客様引取,,,国分から大石への横持ちは9/30(水)希望です。営業で京滋便を手配します。,,,営)国分・大石へ出力,,,2:自社,,1:通常,,,,0,,,,,0:1明細目,自社,,"バーチカル,打抜き,目",720.00,16,1,1,,,51200,自社加工,1:対象外,0,0.00,16.00,OD,1111,バーチカルカット,0,0,0.00,0.00,P5OAFB4A0200XG2,551,ペフ,51200,自社加工,,,420203,一般-仕入-材,,,000003,4原材料,01,社外製品,PEﾗｲﾄ B-4 50tX1000X2000（ｸﾞﾚｰ）,,枚,0:自社,,,,,,,,,,,2026/10/05,JSYA,野上 亜矢,,,,0,0
00081969,製品,001,2026/07/27,2026/08/20,2026/08/20,2026/07/31,0:通常,0:通常,01,505101,国分後加工511,000051,国分後加工,049006,東ﾚ(株) 自材部,,,,,,,,,,,,,,,,,,,511101,国分工場01本倉庫,0015,末締,01,東レ本体,0:しない,,,,Y8-35,100,,,"54,000",0,1:完了,0:未完,0:通常,1:税抜,0,3:請求合計,1:金額,0:円未満,5:四捨五入,0:切り捨て,9:切り上げ,1:発行済,0:未承認,,0:しない,1:修正,,,,,,0051,国分,,,,,,,,,1:後加工,2026/08/20,1:通常,日東電工,,,0,,,,,0:1明細目,検査表提出。,紙管:3x10x1100　巻き出し方向：Ｈ面上出し　圧力5.0kgでカットOK　検査表提出。ぬれ検査頻度：1回/5本,EC,"3,000.00","3,000",1,1,"試験成績書発行
3インチ紙管
肉厚10mm",,50103,トーレペフ Y(工材),1:対象外,0,0.00,"3,000.00",,,,"54,000",0,"3,000.00",18.00,A1711NZB0300FN1,551,ペフ,50103,トーレペフ Y(工材),,,999999,対象外,,,000001,2製品,02,社外加工,07011-NZ00-1100x300FA D,,m,0:自社,,,,済,済,2026/08/17,2026/08/18,,,190060H,,6713,河合 直樹,01,両面,0:なし,0,0
00081969,原反,001,2026/07/27,2026/08/20,2026/08/20,2026/07/31,0:通常,0:通常,01,505101,国分後加工511,000051,国分後加工,049006,東ﾚ(株) 自材部,,,,,,,,,,,,,,,,,,,511101,国分工場01本倉庫,0015,末締,01,東レ本体,0:しない,,,,Y8-35,100,,,"54,000",0,1:完了,0:未完,0:通常,1:税抜,0,3:請求合計,1:金額,0:円未満,5:四捨五入,0:切り捨て,9:切り上げ,1:発行済,0:未承認,,0:しない,1:修正,,,,,,0051,国分,,,,,,,,,1:後加工,2026/08/20,1:通常,日東電工,,,0,,,,,0:1明細目,検査表提出。,紙管:3x10x1100　巻き出し方向：Ｈ面上出し　圧力5.0kgでカットOK　検査表提出。ぬれ検査頻度：1回/5本,EC,"3,000.00","3,000",1,1,"試験成績書発行
3インチ紙管
肉厚10mm",,50103,トーレペフ Y(工材),1:対象外,0,0.00,"3,000.00",SG,1013,LAC/EC機,0,0,0.00,0.00,B1711AZB0300FN1,551,ペフ,55109,ﾍﾟﾌ　その他,,,,,,,000001,2製品,02,社外加工,07011-AZ00-1100X300FA    C,,m,0:自社,,,,,,,,,,,2026/08/17,6710,河合 直樹,,,,0,10
00081970,製品,001,2026/07/27,2026/08/20,2026/08/20,2026/07/31,0:通常,0:通常,01,505101,国分後加工511,000051,国分後加工,049006,東ﾚ(株) 自材部,,,,,,,,,,,,,,,,,,,511101,国分工場01本倉庫,0015,末締,01,東レ本体,0:しない,,,,C8-1,100,,,"54,000",0,0:未完,0:未完,0:通常,1:税抜,0,3:請求合計,1:金額,0:円未満,5:四捨五入,0:切り捨て,9:切り上げ,1:発行済,0:未承認,,0:しない,1:修正,,,,,,0051,国分,,,,,,,,,1:後加工,2026/08/20,1:通常,コニシ,,,0,,,,,0:1明細目,3インチ紙管,接続：ベージュテープ50mm幅　ぬれ検査頻度：1回/5本,EC,"3,000.00","3,000",1,1,3インチ紙管,,50103,トーレペフ Y(工材),1:対象外,0,0.00,"3,000.00",,,,"54,000",0,"3,000.00",18.00,A1F11NYC4300FWC,551,ペフ,50103,トーレペフ Y(工材),,,999999,対象外,,,000001,2製品,02,社外加工,15011-NY00-1240x300FAWH1V,,m,0:自社,,,,済,一部,2026/08/17,2026/08/18,,,189911Y,,6713,河合 直樹,01,両面,0:なし,0,0
00081970,原反,001,2026/07/27,2026/08/20,2026/08/20,2026/07/31,0:通常,0:通常,01,505101,国分後加工511,000051,国分後加工,049006,東ﾚ(株) 自材部,,,,,,,,,,,,,,,,,,,511101,国分工場01本倉庫,0015,末締,01,東レ本体,0:しない,,,,C8-1,100,,,"54,000",0,0:未完,0:未完,0:通常,1:税抜,0,3:請求合計,1:金額,0:円未満,5:四捨五入,0:切り捨て,9:切り上げ,1:発行済,0:未承認,,0:しない,1:修正,,,,,,0051,国分,,,,,,,,,1:後加工,2026/08/20,1:通常,コニシ,,,0,,,,,0:1明細目,3インチ紙管,接続：ベージュテープ50mm幅　ぬれ検査頻度：1回/5本,EC,"3,000.00","3,000",1,1,3インチ紙管,,50103,トーレペフ Y(工材),1:対象外,0,0.00,"3,000.00",SG,1021,EC,0,0,0.00,0.00,B1F11AYC4300FW3,551,ペフ,55109,ﾍﾟﾌ　その他,,,,,,,000001,2製品,02,社外加工,15011-AY00-1240X300FA WH1C,,m,0:自社,,,,,,,,,,,2026/08/17,6710,河合 直樹,,,,0,10
00081971,製品,001,2026/07/27,2026/08/04,2026/08/04,2026/07/31,0:通常,0:通常,01,505101,国分後加工511,000051,国分後加工,049006,東ﾚ(株) 自材部,,,,,,,,,,,,,,,,,,,511101,国分工場01本倉庫,0015,末締,01,東レ本体,0:しない,,,,C8-2,100,,,"19,800",0,1:完了,1:完了,0:通常,1:税抜,0,3:請求合計,1:金額,0:円未満,5:四捨五入,0:切り捨て,9:切り上げ,1:発行済,0:未承認,,0:しない,1:修正,,,,,,0051,国分,,,,,,,,,1:後加工,2026/08/04,1:通常,山宗,,,0,,,,,0:1明細目,,"4枚割り
一次加工製品厚み規格は1.7～2.5",スライス,"1,200.00",300,2,1,,,50103,トーレペフ Y(工材),1:対象外,0,0.00,600.00,,,,"9,900",0,600.00,16.50,A1F10BAA0150FN1,551,ペフ,50103,トーレペフ Y(工材),,,999999,対象外,,,000001,2製品,02,社外加工,15010-BA00-1000x150FA C,原反15040/4枚割り,m,0:自社,,,,済,済,2026/08/03,2026/08/03,2026/08/12,2026/08/12,189920V,,6713,河合 直樹,,,0:なし,0,0
00081971,製品,002,2026/07/27,2026/08/04,2026/08/04,2026/07/31,0:通常,0:通常,01,505101,国分後加工511,000051,国分後加工,049006,東ﾚ(株) 自材部,,,,,,,,,,,,,,,,,,,511101,国分工場01本倉庫,0015,末締,01,東レ本体,0:しない,,,,C8-2,100,,,"19,800",0,1:完了,1:完了,0:通常,1:税抜,0,3:請求合計,1:金額,0:円未満,5:四捨五入,0:切り捨て,9:切り上げ,1:発行済,0:未承認,,0:しない,1:修正,,,,,,0051,国分,,,,,,,,,1:後加工,2026/08/04,1:通常,山宗,,,0,,,,,0:1明細目,,"4枚割り
一次加工製品厚み規格は1.7～2.5",スライス,"1,200.00",300,2,1,,,50103,トーレペフ Y(工材),1:対象外,0,0.00,600.00,,,,"9,900",0,600.00,16.50,A1F10CAA0150FN1,551,ペフ,50103,トーレペフ Y(工材),,,999999,対象外,,,000001,2製品,02,社外加工,15010-CA00-1000X150FA    C,原反15040/4枚割り,m,0:自社,,,,済,済,2026/08/03,2026/08/03,2026/08/12,2026/08/12,189921B,,6713,河合 直樹,,,0:なし,0,0
00081971,原反,001,2026/07/27,2026/08/04,2026/08/04,2026/07/31,0:通常,0:通常,01,505101,国分後加工511,000051,国分後加工,049006,東ﾚ(株) 自材部,,,,,,,,,,,,,,,,,,,511101,国分工場01本倉庫,0015,末締,01,東レ本体,0:しない,,,,C8-2,100,,,"19,800",0,1:完了,1:完了,0:通常,1:税抜,0,3:請求合計,1:金額,0:円未満,5:四捨五入,0:切り捨て,9:切り上げ,1:発行済,0:未承認,,0:しない,1:修正,,,,,,0051,国分,,,,,,,,,1:後加工,2026/08/04,1:通常,山宗,,,0,,,,,0:1明細目,,"4枚割り
一次加工製品厚み規格は1.7～2.5",スライス,"1,200.00",300,2,1,,,50103,トーレペフ Y(工材),1:対象外,0,0.00,300.00,SG,1022,スライス機3,0,0,0.00,0.00,B1F40AAA0075FB4,551,ペフ,55109,ﾍﾟﾌ　その他,,,,,,,000003,4原材料,02,社外加工,15040-AA00-1000X150FA    C,,m,0:自社,,,,,,,,,,,2026/07/30,6710,河合 直樹,,,,0,2
00081972,製品,001,2026/07/27,2026/07/31,2026/07/31,2026/07/31,0:通常,0:通常,01,505101,国分後加工511,000051,国分後加工,049006,東ﾚ(株) 自材部,,,,,,,,,,,,,,,,,,,511101,国分工場01本倉庫,0015,末締,01,東レ本体,0:しない,,,,C8-3,100,,,"39,600",0,1:完了,1:完了,0:通常,1:税抜,0,3:請求合計,1:金額,0:円未満,5:四捨五入,0:切り捨て,9:切り上げ,1:発行済,0:未承認,,0:しない,1:修正,,,,,,0051,国分,,,,,,,,,1:後加工,2026/07/31,1:通常,山宗,,,0,,,,,0:1明細目,,,スライス,"2,400.00",600,2,1,,,50103,トーレペフ Y(工材),1:対象外,0,0.00,"1,200.00",,,,"19,800",0,"1,200.00",16.50,A1O10BGA3200FBD,551,ペフ,50103,トーレペフ Y(工材),,,999999,対象外,,,000001,2製品,02,社外加工,30010-BG00-1030x200FABK0C,,m,0:自社,,,,済,済,2026/07/31,2026/07/31,2026/07/31,2026/07/31,189909L,,6713,河合 直樹,,,0:なし,0,0
00081972,製品,002,2026/07/27,2026/07/31,2026/07/31,2026/07/31,0:通常,0:通常,01,505101,国分後加工511,000051,国分後加工,049006,東ﾚ(株) 自材部,,,,,,,,,,,,,,,,,,,511101,国分工場01本倉庫,0015,末締,01,東レ本体,0:しない,,,,C8-3,100,,,"39,600",0,1:完了,1:完了,0:通常,1:税抜,0,3:請求合計,1:金額,0:円未満,5:四捨五入,0:切り捨て,9:切り上げ,1:発行済,0:未承認,,0:しない,1:修正,,,,,,0051,国分,,,,,,,,,1:後加工,2026/07/31,1:通常,山宗,,,0,,,,,0:1明細目,,,スライス,"2,400.00",600,2,1,,,50103,トーレペフ Y(工材),1:対象外,0,0.00,"1,200.00",,,,"19,800",0,"1,200.00",16.50,A1O10CGA3200FBD,551,ペフ,50103,トーレペフ Y(工材),,,999999,対象外,,,000001,2製品,02,社外加工,30010-CG00-1030x200FABK0C,,m,0:自社,,,,済,済,2026/07/31,2026/07/31,2026/07/31,2026/07/31,189910G,,6713,河合 直樹,,,0:なし,0,0
00081972,原反,001,2026/07/27,2026/07/31,2026/07/31,2026/07/31,0:通常,0:通常,01,505101,国分後加工511,000051,国分後加工,049006,東ﾚ(株) 自材部,,,,,,,,,,,,,,,,,,,511101,国分工場01本倉庫,0015,末締,01,東レ本体,0:しない,,,,C8-3,100,,,"39,600",0,1:完了,1:完了,0:通常,1:税抜,0,3:請求合計,1:金額,0:円未満,5:四捨五入,0:切り捨て,9:切り上げ,1:発行済,0:未承認,,0:しない,1:修正,,,,,,0051,国分,,,,,,,,,1:後加工,2026/07/31,1:通常,山宗,,,0,,,,,0:1明細目,,,スライス,"2,400.00",600,2,1,,,50103,トーレペフ Y(工材),1:対象外,0,0.00,600.00,SG,1011,スライス機1,0,0,0.00,0.00,B1O40AGA3200FB4,551,ペフ,55109,ﾍﾟﾌ　その他,,,,,,,000001,2製品,02,社外加工,30040-AG00-1030X200FA BK0C,,m,0:自社,,,,,,,,,,,2026/07/29,6710,河合 直樹,,,,0,3
00081974,製品,001,2026/07/27,2026/08/21,2026/08/21,2026/07/31,0:通常,0:通常,01,505101,国分後加工511,000051,国分後加工,049006,東ﾚ(株) 自材部,,,,,,,,,,,,,,,,,,,511101,国分工場01本倉庫,0015,末締,01,東レ本体,0:しない,,,,C8-4,100,,,"22,000",0,0:未完,0:未完,0:通常,1:税抜,0,3:請求合計,1:金額,0:円未満,5:四捨五入,0:切り捨て,9:切り上げ,1:発行済,0:未承認,,0:しない,1:修正,,,,,,0051,国分,,,,,,,,,1:後加工,2026/08/21,1:通常,高山産業,,,0,,,,,0:1明細目,,,スライス,"2,000.00","1,000",1,1,,,50103,トーレペフ Y(工材),1:対象外,0,0.00,"2,000.00",,,,"22,000",0,"2,000.00",11.00,A1Q30BMA3200FN1,551,ペフ,50103,トーレペフ Y(工材),,,999999,対象外,,,000001,2製品,02,社外加工,50030-BM0C-1030x200FABK0C,,m,0:自社,,,,済,,,,,,189912S,,6713,河合 直樹,,,0:なし,0,0
00081974,原反,001,2026/07/27,2026/08/21,2026/08/21,2026/07/31,0:通常,0:通常,01,505101,国分後加工511,000051,国分後加工,049006,東ﾚ(株) 自材部,,,,,,,,,,,,,,,,,,,511101,国分工場01本倉庫,0015,末締,01,東レ本体,0:しない,,,,C8-4,100,,,"22,000",0,0:未完,0:未完,0:通常,1:税抜,0,3:請求合計,1:金額,0:円未満,5:四捨五入,0:切り捨て,9:切り上げ,1:発行済,0:未承認,,0:しない,1:修正,,,,,,0051,国分,,,,,,,,,1:後加工,2026/08/21,1:通常,高山産業,,,0,,,,,0:1明細目,,,スライス,"2,000.00","1,000",1,1,,,50103,トーレペフ Y(工材),1:対象外,0,0.00,"1,000.00",SG,1022,スライス機3,0,0,0.00,0.00,B1Q60AMA3100FB4,551,ペフ,55109,ﾍﾟﾌ　その他,,,,,,,000001,2製品,02,社外加工,50060-AM0C-1030X200FA BK0C,,m,0:自社,,,,,,,,,,,2026/08/18,6710,河合 直樹,,,,0,5
00081975,製品,001,2026/07/27,2026/08/21,2026/08/21,2026/07/31,0:通常,0:通常,01,505101,国分後加工511,000051,国分後加工,049006,東ﾚ(株) 自材部,,,,,,,,,,,,,,,,,,,511101,国分工場01本倉庫,0015,末締,01,東レ本体,0:しない,,,,C8-5,100,,,"48,600",0,1:完了,0:未完,0:通常,1:税抜,0,3:請求合計,1:金額,0:円未満,5:四捨五入,0:切り捨て,9:切り上げ,1:発行済,0:未承認,,0:しない,1:修正,,,,,,0051,国分,,,,,,,,,1:後加工,2026/08/21,1:通常,菊水テープ,,,0,,,,,0:1明細目,ぬれ測定全ロール実施。3インチ紙管。検査表提出。,巻取り紙管：3x3x1110　原反Ｈ面上出し、検査表提出　ぬれ検査頻度：全数,EC,"2,700.00","2,700",1,1,３インチ紙管,,50103,トーレペフ Y(工材),1:対象外,0,0.00,"2,700.00",,,,"48,600",0,"2,700.00",18.00,A1A10NYB0300FWN,551,ペフ,50103,トーレペフ Y(工材),,,999999,対象外,,,000001,2製品,02,社外加工,10010-NY00-1100X300FA WH1V,,m,0:自社,,,,済,済,2026/08/18,2026/08/18,,,189914H,,6713,河合 直樹,01,両面,0:なし,0,0
00081975,原反,001,2026/07/27,2026/08/21,2026/08/21,2026/07/31,0:通常,0:通常,01,505101,国分後加工511,000051,国分後加工,049006,東ﾚ(株) 自材部,,,,,,,,,,,,,,,,,,,511101,国分工場01本倉庫,0015,末締,01,東レ本体,0:しない,,,,C8-5,100,,,"48,600",0,1:完了,0:未完,0:通常,1:税抜,0,3:請求合計,1:金額,0:円未満,5:四捨五入,0:切り捨て,9:切り上げ,1:発行済,0:未承認,,0:しない,1:修正,,,,,,0051,国分,,,,,,,,,1:後加工,2026/08/21,1:通常,菊水テープ,,,0,,,,,0:1明細目,ぬれ測定全ロール実施。3インチ紙管。検査表提出。,巻取り紙管：3x3x1110　原反Ｈ面上出し、検査表提出　ぬれ検査頻度：全数,EC,"2,700.00","2,700",1,1,３インチ紙管,,50103,トーレペフ Y(工材),1:対象外,0,0.00,"2,700.00",SG,1013,LAC/EC機,0,0,0.00,0.00,B1A10AYB0300FWC,551,ペフ,55109,ﾍﾟﾌ　その他,,,,,,,000001,2製品,02,社外加工,10010-AY00-1100X300FA WH1C,,m,0:自社,,,,,,,,,,,2026/08/18,6710,河合 直樹,,,,0,9
00081976,製品,001,2026/07/27,2026/08/10,2026/08/10,2026/07/31,0:通常,0:通常,01,505101,国分後加工511,000051,国分後加工,049006,東ﾚ(株) 自材部,,,,,,,,,,,,,,,,,,,511101,国分工場01本倉庫,0015,末締,01,東レ本体,0:しない,,,,C8-6,100,,,"6,600",0,1:完了,1:完了,0:通常,1:税抜,0,3:請求合計,1:金額,0:円未満,5:四捨五入,0:切り捨て,9:切り上げ,1:発行済,0:未承認,,0:しない,1:修正,,,,,,0051,国分,,,,,,,,,1:後加工,2026/08/10,1:通常,テクノフローワン,,,0,,,,,0:1明細目,,,スライス,400.00,100,2,1,,,50103,トーレペフ Y(工材),1:対象外,0,0.00,200.00,,,,"3,300",0,200.00,16.50,A1F15BAA0100FN1,551,ペフ,50103,トーレペフ Y(工材),,,999999,対象外,,,000001,2製品,02,社外加工,15015-BA00-1000x100FA C,,m,0:自社,,,,済,済,2026/08/05,2026/08/05,2026/08/12,2026/08/12,189918J,,6713,河合 直樹,,,0:なし,0,0
00081976,製品,002,2026/07/27,2026/08/10,2026/08/10,2026/07/31,0:通常,0:通常,01,505101,国分後加工511,000051,国分後加工,049006,東ﾚ(株) 自材部,,,,,,,,,,,,,,,,,,,511101,国分工場01本倉庫,0015,末締,01,東レ本体,0:しない,,,,C8-6,100,,,"6,600",0,1:完了,1:完了,0:通常,1:税抜,0,3:請求合計,1:金額,0:円未満,5:四捨五入,0:切り捨て,9:切り上げ,1:発行済,0:未承認,,0:しない,1:修正,,,,,,0051,国分,,,,,,,,,1:後加工,2026/08/10,1:通常,テクノフローワン,,,0,,,,,0:1明細目,,,スライス,400.00,100,2,1,,,50103,トーレペフ Y(工材),1:対象外,0,0.00,200.00,,,,"3,300",0,200.00,16.50,A1F15CAA0100FNA,551,ペフ,50103,トーレペフ Y(工材),,,999999,対象外,,,000001,2製品,02,社外加工,15015-CA00-1000x100FA C,,m,0:自社,,,,済,済,2026/08/05,2026/08/05,2026/08/12,2026/08/12,189919A,,6713,河合 直樹,,,0:なし,0,0
00081976,原反,001,2026/07/27,2026/08/10,2026/08/10,2026/07/31,0:通常,0:通常,01,505101,国分後加工511,000051,国分後加工,049006,東ﾚ(株) 自材部,,,,,,,,,,,,,,,,,,,511101,国分工場01本倉庫,0015,末締,01,東レ本体,0:しない,,,,C8-6,100,,,"6,600",0,1:完了,1:完了,0:通常,1:税抜,0,3:請求合計,1:金額,0:円未満,5:四捨五入,0:切り捨て,9:切り上げ,1:発行済,0:未承認,,0:しない,1:修正,,,,,,0051,国分,,,,,,,,,1:後加工,2026/08/10,1:通常,テクノフローワン,,,0,,,,,0:1明細目,,,スライス,400.00,100,2,1,,,50103,トーレペフ Y(工材),1:対象外,0,0.00,100.00,SG,1022,スライス機3,0,0,0.00,0.00,B1F60AAA0100FN1,551,ペフ,55109,ﾍﾟﾌ　その他,,,,,,,000001,2製品,02,社外加工,15060-AA00-1000X100FA    C,,m,0:自社,,,,,,,,,,,2026/08/04,6710,河合 直樹,,,,0,1
00081977,製品,001,2026/07/27,2026/08/06,2026/08/06,2026/07/31,0:通常,0:通常,01,505101,国分後加工511,000051,国分後加工,049006,東ﾚ(株) 自材部,,,,,,,,,,,,,,,,,,,511101,国分工場01本倉庫,0015,末締,01,東レ本体,0:しない,,,,V8-8,100,,,"13,200",0,1:完了,1:完了,0:通常,1:税抜,0,3:請求合計,1:金額,0:円未満,5:四捨五入,0:切り捨て,9:切り上げ,1:発行済,0:未承認,,0:しない,1:修正,,,,,,0051,国分,,,,,,,,,1:後加工,2026/08/06,1:通常,TPI湖南,,,0,,,,,0:1明細目,,,スライス,"1,200.00",600,1,1,,,50105,トーレペフ V(TPI),1:対象外,0,0.00,"1,200.00",,,,"13,200",0,"1,200.00",11.00,A1O20BGA0200FN1,551,ペフ,50105,トーレペフ V(TPI),,,999999,対象外,,,000001,2製品,02,社外加工,30020-BG00-1000x200FA C,,m,0:自社,,,,済,済,2026/08/03,2026/08/03,2026/08/12,2026/08/12,189928Y,,6713,河合 直樹,,,0:なし,0,0
00081977,原反,001,2026/07/27,2026/08/06,2026/08/06,2026/07/31,0:通常,0:通常,01,505101,国分後加工511,000051,国分後加工,049006,東ﾚ(株) 自材部,,,,,,,,,,,,,,,,,,,511101,国分工場01本倉庫,0015,末締,01,東レ本体,0:しない,,,,V8-8,100,,,"13,200",0,1:完了,1:完了,0:通常,1:税抜,0,3:請求合計,1:金額,0:円未満,5:四捨五入,0:切り捨て,9:切り上げ,1:発行済,0:未承認,,0:しない,1:修正,,,,,,0051,国分,,,,,,,,,1:後加工,2026/08/06,1:通常,TPI湖南,,,0,,,,,0:1明細目,,,スライス,"1,200.00",600,1,1,,,50105,トーレペフ V(TPI),1:対象外,0,0.00,600.00,SG,1011,スライス機1,0,0,0.00,0.00,B1O40AGA0200FN1,551,ペフ,55109,ﾍﾟﾌ　その他,,,,,,,000001,2製品,02,社外加工,30040-AG00-1000X200F-A   C,,m,0:自社,,,,,,,,,,,2026/08/03,6710,河合 直樹,,,,0,3
00081984,製品,001,2026/07/27,2026/08/07,2026/08/07,2026/07/31,0:通常,0:通常,01,505201,湖南52,000052,湖南工場,049006,東ﾚ(株) 自材部,,,,,,,,,,,,,,,,,,,520201,湖南工場01本倉庫,0015,末締,01,東レ本体,0:しない,,,,C8-5,100,,,"82,862",0,1:完了,1:完了,0:通常,1:税抜,0,3:請求合計,1:金額,0:円未満,5:四捨五入,0:切り捨て,9:切り上げ,1:発行済,0:未承認,,0:しない,1:修正,,,,,,,,,,,,,,,,1:後加工,2026/08/07,1:通常,田窪工業所,,,0,,,,,0:1明細目,,標準速度：24,SEC,"3,187.00","1,600",3,1,"穴なし
4インチ紙管
接続点に赤ラベル貼付
全量測定",,50103,トーレペフ Y(工材),1:対象外,0,0.00,"2,800.00",,,,"72,800",0,"2,800.00",26.00,A2O20KG93200FG4,551,ペフ,50103,トーレペフ Y(工材),,,,,,,000001,2製品,02,社外加工,30020-KG00- 935X200F-AGA1C,,M,0:自社,,,,済,済,2026/08/07,2026/08/07,2026/08/07,2026/08/07,190305L,,6713,古家 淳子,06,スキン面,0:なし,0,0
00081984,製品,002,2026/07/27,2026/08/07,2026/08/07,2026/07/31,0:通常,0:通常,01,505201,湖南52,000052,湖南工場,049006,東ﾚ(株) 自材部,,,,,,,,,,,,,,,,,,,520201,湖南工場01本倉庫,0015,末締,01,東レ本体,0:しない,,,,C8-5,100,,,"82,862",0,1:完了,1:完了,0:通常,1:税抜,0,3:請求合計,1:金額,0:円未満,5:四捨五入,0:切り捨て,9:切り上げ,1:発行済,0:未承認,,0:しない,1:修正,,,,,,,,,,,,,,,,1:後加工,2026/08/07,1:通常,田窪工業所,,,0,,,,,0:1明細目,,標準速度：24,SEC,"3,187.00","1,600",3,1,"穴なし
4インチ紙管
接続点に赤ラベル貼付
全量測定",,50103,トーレペフ Y(工材),1:対象外,0,0.00,192.00,,,,"4,992",0,192.00,26.00,A2O20KG93200FG4,551,ペフ,50103,トーレペフ Y(工材),,,,,,,000001,2製品,02,社外加工,30020-KG00- 935X192F-AGA1C,,M,0:自社,,,,済,済,2026/08/07,2026/08/07,2026/08/07,2026/08/07,191052L,,6713,古家 淳子,06,スキン面,0:なし,0,0
00081984,製品,003,2026/07/27,2026/08/07,2026/08/07,2026/07/31,0:通常,0:通常,01,505201,湖南52,000052,湖南工場,049006,東ﾚ(株) 自材部,,,,,,,,,,,,,,,,,,,520201,湖南工場01本倉庫,0015,末締,01,東レ本体,0:しない,,,,C8-5,100,,,"82,862",0,1:完了,1:完了,0:通常,1:税抜,0,3:請求合計,1:金額,0:円未満,5:四捨五入,0:切り捨て,9:切り上げ,1:発行済,0:未承認,,0:しない,1:修正,,,,,,,,,,,,,,,,1:後加工,2026/08/07,1:通常,田窪工業所,,,0,,,,,0:1明細目,,標準速度：24,SEC,"3,187.00","1,600",3,1,"穴なし
4インチ紙管
接続点に赤ラベル貼付
全量測定",,50103,トーレペフ Y(工材),1:対象外,0,0.00,195.00,,,,"5,070",0,195.00,26.00,A2O20KG93200FG4,551,ペフ,50103,トーレペフ Y(工材),,,,,,,000001,2製品,02,社外加工,30020-KG00- 935X195F-AGA1C,,M,0:自社,,,,済,済,2026/08/07,2026/08/07,2026/08/07,2026/08/07,191054Y,,6713,古家 淳子,06,スキン面,0:なし,0,0
00081984,原反,001,2026/07/27,2026/08/07,2026/08/07,2026/07/31,0:通常,0:通常,01,505201,湖南52,000052,湖南工場,049006,東ﾚ(株) 自材部,,,,,,,,,,,,,,,,,,,520201,湖南工場01本倉庫,0015,末締,01,東レ本体,0:しない,,,,C8-5,100,,,"82,862",0,1:完了,1:完了,0:通常,1:税抜,0,3:請求合計,1:金額,0:円未満,5:四捨五入,0:切り捨て,9:切り上げ,1:発行済,0:未承認,,0:しない,1:修正,,,,,,,,,,,,,,,,1:後加工,2026/08/07,1:通常,田窪工業所,,,0,,,,,0:1明細目,,標準速度：24,SEC,"3,187.00","1,600",3,1,"穴なし
4インチ紙管
接続点に赤ラベル貼付
全量測定",,50103,トーレペフ Y(工材),1:対象外,0,0.00,"1,600.00",K ,2014,SEC機　湖南,0,0,0.00,0.00,B2O40AG93200FG4,551,ペフ,50103,トーレペフ Y(工材),,,,,,,000001,2製品,02,社外加工,30040-AG00- 935X200F-AGA1C,,M,0:自社,,,,,,,,,,,2026/08/03,6710,古家 淳子,,,,0,8
00081985,製品,001,2026/07/27,2026/08/05,2026/08/04,2026/07/31,0:通常,0:通常,01,503201,大石工場32,000032,大石工場,049007,東ﾚ(株) ﾄﾚｼｰ事業室,,,,,,,,,100123,内外特殊染工株式会社　國重,内外特殊染工株式会社　國重,,,京都市南区吉祥院,石原堂ノ後町11番地,,075-572-0551,,320301,大石工場01本倉庫,,,01,東レ本体,0:しない,,1:する,2:様,7M-1,100,,,"88,750",0,1:完了,0:未完,0:通常,1:税抜,0,3:請求合計,1:金額,0:円未満,5:四捨五入,0:切り捨て,5:四捨五入,1:発行済,0:未承認,,0:しない,1:修正,,,,,,0002,河合運輸倉庫,,,,,,,,,2:自社,2026/08/05,1:通常,,,,1,,,,,0:1明細目,,加工依頼書による,検反,"1,775.00",0,4,4,,,,,1:対象外,0,0.00,449.00,,,,"22,450",0,449.00,50.00,F3322201,999,その他,,,,,,,,,000001,2製品,02,社外加工,原反検査　L260413-1,,,0:自社,,,,済,済,2026/08/04,2026/08/04,,,,,0   ,片岡 千草,,,0:なし,0,0
00081985,製品,002,2026/07/27,2026/08/05,2026/08/04,2026/07/31,0:通常,0:通常,01,503201,大石工場32,000032,大石工場,049007,東ﾚ(株) ﾄﾚｼｰ事業室,,,,,,,,,100123,内外特殊染工株式会社　國重,内外特殊染工株式会社　國重,,,京都市南区吉祥院,石原堂ノ後町11番地,,075-572-0551,,320301,大石工場01本倉庫,,,01,東レ本体,0:しない,,1:する,2:様,7M-1,100,,,"88,750",0,1:完了,0:未完,0:通常,1:税抜,0,3:請求合計,1:金額,0:円未満,5:四捨五入,0:切り捨て,5:四捨五入,1:発行済,0:未承認,,0:しない,1:修正,,,,,,0002,河合運輸倉庫,,,,,,,,,2:自社,2026/08/05,1:通常,,,,1,,,,,0:1明細目,,加工依頼書による,検反,"1,775.00",0,4,4,,,,,1:対象外,0,0.00,451.00,,,,"22,550",0,451.00,50.00,F3322201,999,その他,,,,,,,,,000001,2製品,02,社外加工,原反検査　L260413-2,,,0:自社,,,,済,済,2026/08/04,2026/08/04,,,,,0   ,片岡 千草,,,0:なし,0,0
00081985,製品,003,2026/07/27,2026/08/05,2026/08/04,2026/07/31,0:通常,0:通常,01,503201,大石工場32,000032,大石工場,049007,東ﾚ(株) ﾄﾚｼｰ事業室,,,,,,,,,100123,内外特殊染工株式会社　國重,内外特殊染工株式会社　國重,,,京都市南区吉祥院,石原堂ノ後町11番地,,075-572-0551,,320301,大石工場01本倉庫,,,01,東レ本体,0:しない,,1:する,2:様,7M-1,100,,,"88,750",0,1:完了,0:未完,0:通常,1:税抜,0,3:請求合計,1:金額,0:円未満,5:四捨五入,0:切り捨て,5:四捨五入,1:発行済,0:未承認,,0:しない,1:修正,,,,,,0002,河合運輸倉庫,,,,,,,,,2:自社,2026/08/05,1:通常,,,,1,,,,,0:1明細目,,加工依頼書による,検反,"1,775.00",0,4,4,,,,,1:対象外,0,0.00,438.00,,,,"21,900",0,438.00,50.00,F3322201,999,その他,,,,,,,,,000001,2製品,02,社外加工,原反検査　L260413-3,,,0:自社,,,,済,済,2026/08/04,2026/08/04,,,,,0   ,片岡 千草,,,0:なし,0,0
00081985,製品,004,2026/07/27,2026/08/05,2026/08/04,2026/07/31,0:通常,0:通常,01,503201,大石工場32,000032,大石工場,049007,東ﾚ(株) ﾄﾚｼｰ事業室,,,,,,,,,100123,内外特殊染工株式会社　國重,内外特殊染工株式会社　國重,,,京都市南区吉祥院,石原堂ノ後町11番地,,075-572-0551,,320301,大石工場01本倉庫,,,01,東レ本体,0:しない,,1:する,2:様,7M-1,100,,,"88,750",0,1:完了,0:未完,0:通常,1:税抜,0,3:請求合計,1:金額,0:円未満,5:四捨五入,0:切り捨て,5:四捨五入,1:発行済,0:未承認,,0:しない,1:修正,,,,,,0002,河合運輸倉庫,,,,,,,,,2:自社,2026/08/05,1:通常,,,,1,,,,,0:1明細目,,加工依頼書による,検反,"1,775.00",0,4,4,,,,,1:対象外,0,0.00,437.00,,,,"21,850",0,437.00,50.00,F3322201,999,その他,,,,,,,,,000001,2製品,02,社外加工,原反検査　L260521-1,,,0:自社,,,,済,済,2026/08/04,2026/08/04,,,,,0   ,片岡 千草,,,0:なし,0,0
00081985,原反,001,2026/07/27,2026/08/05,2026/08/04,2026/07/31,0:通常,0:通常,01,503201,大石工場32,000032,大石工場,049007,東ﾚ(株) ﾄﾚｼｰ事業室,,,,,,,,,100123,内外特殊染工株式会社　國重,内外特殊染工株式会社　國重,,,京都市南区吉祥院,石原堂ノ後町11番地,,075-572-0551,,320301,大石工場01本倉庫,,,01,東レ本体,0:しない,,1:する,2:様,7M-1,100,,,"88,750",0,1:完了,0:未完,0:通常,1:税抜,0,3:請求合計,1:金額,0:円未満,5:四捨五入,0:切り捨て,5:四捨五入,1:発行済,0:未承認,,0:しない,1:修正,,,,,,0002,河合運輸倉庫,,,,,,,,,2:自社,2026/08/05,1:通常,,,,1,,,,,0:1明細目,,加工依頼書による,検反,"1,775.00",0,4,4,,,,,1:対象外,0,0.00,0.00,,,,0,0,0.00,0.00,F3322200,999,その他,,,,,,,,,000001,2製品,02,社外加工,L260413-1,,,0:自社,,,,,,,,,,,2026/07/28,0   ,片岡 千草,,,,0,0
00081985,原反,002,2026/07/27,2026/08/05,2026/08/04,2026/07/31,0:通常,0:通常,01,503201,大石工場32,000032,大石工場,049007,東ﾚ(株) ﾄﾚｼｰ事業室,,,,,,,,,100123,内外特殊染工株式会社　國重,内外特殊染工株式会社　國重,,,京都市南区吉祥院,石原堂ノ後町11番地,,075-572-0551,,320301,大石工場01本倉庫,,,01,東レ本体,0:しない,,1:する,2:様,7M-1,100,,,"88,750",0,1:完了,0:未完,0:通常,1:税抜,0,3:請求合計,1:金額,0:円未満,5:四捨五入,0:切り捨て,5:四捨五入,1:発行済,0:未承認,,0:しない,1:修正,,,,,,0002,河合運輸倉庫,,,,,,,,,2:自社,2026/08/05,1:通常,,,,1,,,,,0:1明細目,,加工依頼書による,検反,"1,775.00",0,4,4,,,,,1:対象外,0,0.00,0.00,,,,0,0,0.00,0.00,F3322200,999,その他,,,,,,,,,000001,2製品,02,社外加工,L260413-2,,,0:自社,,,,,,,,,,,2026/07/28,0   ,片岡 千草,,,,0,0
00081985,原反,003,2026/07/27,2026/08/05,2026/08/04,2026/07/31,0:通常,0:通常,01,503201,大石工場32,000032,大石工場,049007,東ﾚ(株) ﾄﾚｼｰ事業室,,,,,,,,,100123,内外特殊染工株式会社　國重,内外特殊染工株式会社　國重,,,京都市南区吉祥院,石原堂ノ後町11番地,,075-572-0551,,320301,大石工場01本倉庫,,,01,東レ本体,0:しない,,1:する,2:様,7M-1,100,,,"88,750",0,1:完了,0:未完,0:通常,1:税抜,0,3:請求合計,1:金額,0:円未満,5:四捨五入,0:切り捨て,5:四捨五入,1:発行済,0:未承認,,0:しない,1:修正,,,,,,0002,河合運輸倉庫,,,,,,,,,2:自社,2026/08/05,1:通常,,,,1,,,,,0:1明細目,,加工依頼書による,検反,"1,775.00",0,4,4,,,,,1:対象外,0,0.00,0.00,,,,0,0,0.00,0.00,F3322200,999,その他,,,,,,,,,000001,2製品,02,社外加工,L260413-3,,,0:自社,,,,,,,,,,,2026/07/28,0   ,片岡 千草,,,,0,0
00081985,原反,004,2026/07/27,2026/08/05,2026/08/04,2026/07/31,0:通常,0:通常,01,503201,大石工場32,000032,大石工場,049007,東ﾚ(株) ﾄﾚｼｰ事業室,,,,,,,,,100123,内外特殊染工株式会社　國重,内外特殊染工株式会社　國重,,,京都市南区吉祥院,石原堂ノ後町11番地,,075-572-0551,,320301,大石工場01本倉庫,,,01,東レ本体,0:しない,,1:する,2:様,7M-1,100,,,"88,750",0,1:完了,0:未完,0:通常,1:税抜,0,3:請求合計,1:金額,0:円未満,5:四捨五入,0:切り捨て,5:四捨五入,1:発行済,0:未承認,,0:しない,1:修正,,,,,,0002,河合運輸倉庫,,,,,,,,,2:自社,2026/08/05,1:通常,,,,1,,,,,0:1明細目,,加工依頼書による,検反,"1,775.00",0,4,4,,,,,1:対象外,0,0.00,0.00,,,,0,0,0.00,0.00,F3322200,999,その他,,,,,,,,,000001,2製品,02,社外加工,L260521-1,,,0:自社,,,,,,,,,,,2026/07/28,0   ,片岡 千草,,,,0,0
00081987,製品,001,2026/07/27,2026/08/21,2026/08/21,2026/07/31,0:通常,0:通常,01,505201,湖南52,000052,湖南工場,049006,東ﾚ(株) 自材部,,,,,,,,,,,,,,,,,,,520201,湖南工場01本倉庫,0015,末締,01,東レ本体,0:しない,,,,T8-1,100,,,"115,040",0,0:未完,0:未完,0:通常,1:税抜,0,3:請求合計,1:金額,0:円未満,5:四捨五入,0:切り捨て,9:切り上げ,1:発行済,0:未承認,,0:しない,1:修正,,,,,,,,,,,,,,,,1:後加工,2026/08/21,1:通常,ニックス,,,0,,,,,0:1明細目,,,"分割,エンボス","3,595.00","3,600",2,1,ミワエンボス「キヌシボ」明記,,50103,トーレペフ Y(工材),1:対象外,0,0.00,"3,400.00",,,,"108,800",0,"3,400.00",32.00,A2N20FG74200FGF,551,ペフ,50103,トーレペフ Y(工材),,,,,,,000001,2製品,02,社外加工,25020-FG00- 740X200F-AGR0M,,M,0:自社,,,,済,済,,,,,190005G,,6713,古家 淳子,,,0:なし,0,0
00081987,製品,002,2026/07/27,2026/08/21,2026/08/21,2026/07/31,0:通常,0:通常,01,505201,湖南52,000052,湖南工場,049006,東ﾚ(株) 自材部,,,,,,,,,,,,,,,,,,,520201,湖南工場01本倉庫,0015,末締,01,東レ本体,0:しない,,,,T8-1,100,,,"115,040",0,0:未完,0:未完,0:通常,1:税抜,0,3:請求合計,1:金額,0:円未満,5:四捨五入,0:切り捨て,9:切り上げ,1:発行済,0:未承認,,0:しない,1:修正,,,,,,,,,,,,,,,,1:後加工,2026/08/21,1:通常,ニックス,,,0,,,,,0:1明細目,,,"分割,エンボス","3,595.00","3,600",2,1,ミワエンボス「キヌシボ」明記,,50103,トーレペフ Y(工材),1:対象外,0,0.00,195.00,,,,"6,240",0,195.00,32.00,A2N20FG74200FGF,551,ペフ,50103,トーレペフ Y(工材),,,,,,,000001,2製品,02,社外加工,25020-FG00- 740X195F-AGR0M,,M,0:自社,,,,済,済,,,,,191202Z,,6713,古家 淳子,,,0:なし,0,0
00081987,原反,001,2026/07/27,2026/08/21,2026/08/21,2026/07/31,0:通常,0:通常,01,505201,湖南52,000052,湖南工場,049006,東ﾚ(株) 自材部,,,,,,,,,,,,,,,,,,,520201,湖南工場01本倉庫,0015,末締,01,東レ本体,0:しない,,,,T8-1,100,,,"115,040",0,0:未完,0:未完,0:通常,1:税抜,0,3:請求合計,1:金額,0:円未満,5:四捨五入,0:切り捨て,9:切り上げ,1:発行済,0:未承認,,0:しない,1:修正,,,,,,,,,,,,,,,,1:後加工,2026/08/21,1:通常,ニックス,,,0,,,,,0:1明細目,,,"分割,エンボス","3,595.00","3,600",2,1,ミワエンボス「キヌシボ」明記,,50103,トーレペフ Y(工材),1:対象外,0,0.00,"3,600.00",K ,2016,エンボス　湖南,0,0,0.00,0.00,B2N20AG75400FG6,551,ペフ,50105,トーレペフ V(TPI),,,,,,,000001,2製品,02,社外加工,25020-AG00- 750X400F-AGR0C,,M,0:自社,,,,,,,,,,,2026/08/07,6710,古家 淳子,,,,0,9
00081991,製品,001,2026/07/27,2026/08/07,2026/08/07,2026/07/31,0:通常,0:通常,01,505101,国分後加工511,000051,国分後加工,049006,東ﾚ(株) 自材部,,,,,,,,,,,,,,,,,,,511101,国分工場01本倉庫,,,01,東レ本体,0:しない,,,,Y8-38,100,,,"38,994",0,1:完了,1:完了,0:通常,1:税抜,0,3:請求合計,1:金額,0:円未満,5:四捨五入,0:切り捨て,9:切り上げ,1:発行済,0:未承認,,0:しない,0:新規,,,,,,0051,国分,,,,,,,,,1:後加工,2026/08/07,1:通常,ドラーフタイト工業,,,0,,,,,0:1明細目,,熱風温度上下；夏季：330℃、冬季：340℃,融着,194.00,800,1,1,23枚梱包,,50103,トーレペフ Y(工材),1:対象外,0,0.00,194.00,,,,"38,994",0,194.00,201.00,A1OACDG97200ZB4,551,ペフ,50103,トーレペフ Y(工材),,,999999,対象外,,,000001,2製品,02,社外加工,30200-DG00- 970X201ZA BK0,,枚,0:自社,,,,済,済,2026/08/05,2026/08/05,2026/08/12,2026/08/12,189760B,,6713,河合 直樹,,,1:あり,2,0
00081991,原反,001,2026/07/27,2026/08/07,2026/08/07,2026/07/31,0:通常,0:通常,01,505101,国分後加工511,000051,国分後加工,049006,東ﾚ(株) 自材部,,,,,,,,,,,,,,,,,,,511101,国分工場01本倉庫,,,01,東レ本体,0:しない,,,,Y8-38,100,,,"38,994",0,1:完了,1:完了,0:通常,1:税抜,0,3:請求合計,1:金額,0:円未満,5:四捨五入,0:切り捨て,9:切り上げ,1:発行済,0:未承認,,0:しない,0:新規,,,,,,0051,国分,,,,,,,,,1:後加工,2026/08/07,1:通常,ドラーフタイト工業,,,0,,,,,0:1明細目,,熱風温度上下；夏季：330℃、冬季：340℃,融着,194.00,800,1,1,23枚梱包,,50103,トーレペフ Y(工材),1:対象外,0,0.00,800.00,SG,1121,融着機,0,0,0.00,0.00,B1OA0AGA0100FB4,551,ペフ,55109,ﾍﾟﾌ　その他,,,,,,,000001,2製品,02,社外加工,30100-AG00-1000x100FABK0M,,m,0:自社,,,,,,,,,,,2026/08/04,6710,河合 直樹,,,,0,8
00081992,製品,001,2026/07/27,2026/08/07,2026/08/07,2026/07/31,0:通常,0:通常,01,505101,国分後加工511,000051,国分後加工,049006,東ﾚ(株) 自材部,,,,,,,,,,,,,,,,,,,511101,国分工場01本倉庫,0015,末締,01,東レ本体,0:しない,,,,Y8-39,100,,,"23,397",0,1:完了,1:完了,0:通常,1:税抜,0,3:請求合計,1:金額,0:円未満,5:四捨五入,0:切り捨て,9:切り上げ,1:発行済,0:未承認,,0:しない,0:新規,,,,,,0051,国分,,,,,,,,,1:後加工,2026/08/07,1:通常,ドラーフタイト工場,,,0,,,,,0:1明細目,16枚梱包,熱風温度上下：夏季340℃、冬季350℃,融着,97.00,600,1,1,16枚梱包,,50103,トーレペフ Y(工材),1:対象外,0,0.00,97.00,,,,"23,397",0,97.00,241.20,A1OADDG96201ZB4,551,ペフ,50103,トーレペフ Y(工材),,,999999,対象外,,,000001,2製品,02,社外加工,30300-DG00-960x201ZABK0,,枚,0:自社,,,,済,済,2026/08/04,2026/08/04,2026/08/12,2026/08/12,189761K,,6713,河合 直樹,,,1:あり,3,0
00081992,原反,001,2026/07/27,2026/08/07,2026/08/07,2026/07/31,0:通常,0:通常,01,505101,国分後加工511,000051,国分後加工,049006,東ﾚ(株) 自材部,,,,,,,,,,,,,,,,,,,511101,国分工場01本倉庫,0015,末締,01,東レ本体,0:しない,,,,Y8-39,100,,,"23,397",0,1:完了,1:完了,0:通常,1:税抜,0,3:請求合計,1:金額,0:円未満,5:四捨五入,0:切り捨て,9:切り上げ,1:発行済,0:未承認,,0:しない,0:新規,,,,,,0051,国分,,,,,,,,,1:後加工,2026/08/07,1:通常,ドラーフタイト工場,,,0,,,,,0:1明細目,16枚梱包,熱風温度上下：夏季340℃、冬季350℃,融着,97.00,600,1,1,16枚梱包,,50103,トーレペフ Y(工材),1:対象外,0,0.00,600.00,SG,1121,融着機,0,0,0.00,0.00,B1OA0AGA0100FB4,551,ペフ,55109,ﾍﾟﾌ　その他,,,,,,,000001,2製品,02,社外加工,30100-AG00-1000X100FA BK0C,,m,0:自社,,,,,,,,,,,2026/08/04,6710,河合 直樹,,,,0,6
00081993,製品,001,2026/07/27,2026/08/07,2026/08/07,2026/07/31,0:通常,0:通常,01,505101,国分後加工511,000051,国分後加工,049006,東ﾚ(株) 自材部,,,,,,,,,,,,,,,,,,,511101,国分工場01本倉庫,0015,末締,01,東レ本体,0:しない,,,,Y8-40,100,,,"11,114",0,0:未完,0:未完,0:通常,1:税抜,0,3:請求合計,1:金額,0:円未満,5:四捨五入,0:切り捨て,9:切り上げ,1:発行済,0:未承認,,0:しない,1:修正,,,,,,0051,国分,,,,,,,,,1:後加工,2026/08/07,1:通常,ドラーフタイト工場,,,0,,,,,0:1明細目,,熱風設定温度(上下)：夏季310℃、冬季320℃,"分割,融着",64.00,200,1,1,12枚+αで梱包お願いします,,50103,トーレペフ Y(工材),1:対象外,0,0.00,64.00,,,,"11,114",0,64.00,173.65,A1OC0DG97151ZB4,551,ペフ,50103,トーレペフ Y(工材),,,999999,対象外,,,000001,2製品,02,社外加工,30120-DG00-　970X151ZA BK0,,枚,0:自社,,,,済,済,2026/08/06,2026/08/06,2026/08/12,2026/08/12,189762F,,6713,河合 直樹,,,1:あり,2,0
00081993,原反,001,2026/07/27,2026/08/07,2026/08/07,2026/07/31,0:通常,0:通常,01,505101,国分後加工511,000051,国分後加工,049006,東ﾚ(株) 自材部,,,,,,,,,,,,,,,,,,,511101,国分工場01本倉庫,0015,末締,01,東レ本体,0:しない,,,,Y8-40,100,,,"11,114",0,0:未完,0:未完,0:通常,1:税抜,0,3:請求合計,1:金額,0:円未満,5:四捨五入,0:切り捨て,9:切り上げ,1:発行済,0:未承認,,0:しない,1:修正,,,,,,0051,国分,,,,,,,,,1:後加工,2026/08/07,1:通常,ドラーフタイト工場,,,0,,,,,0:1明細目,,熱風設定温度(上下)：夏季310℃、冬季320℃,"分割,融着",64.00,200,1,1,12枚+αで梱包お願いします,,50103,トーレペフ Y(工材),1:対象外,0,0.00,200.00,SG,1043,スリット機2,0,0,0.00,0.00,B1O60AGA0100FBD,551,ペフ,55109,ﾍﾟﾌ　その他,,,,,,,000001,2製品,02,社外加工,30060-AG00-1000X200FA BK0C,,m,0:自社,,,,,,,,,,,2026/08/04,6710,河合 直樹,,,,0,1
00081994,製品,001,2026/07/27,2026/08/17,2026/08/17,2026/07/31,0:通常,0:通常,01,505101,国分後加工511,000051,国分後加工,049006,東ﾚ(株) 自材部,,,,,,,,,,,,,,,,,,,511101,国分工場01本倉庫,0015,末締,01,東レ本体,0:しない,,,,V8-10,100,,,"12,000",0,1:完了,1:完了,0:通常,1:税抜,0,3:請求合計,1:金額,0:円未満,5:四捨五入,0:切り捨て,9:切り上げ,1:発行済,0:未承認,,0:しない,1:修正,,,,,,0051,国分,,,,,,,,,1:後加工,2026/08/17,1:通常,TPI湖南,,,0,,,,,0:1明細目,,,分割,800.00,800,1,1,,,50103,トーレペフ Y(工材),1:対象外,0,0.00,800.00,,,,"12,000",0,800.00,15.00,A1O50ASA0100FN1,551,ペフ,50102,トーレペフ B(自輸),,,999999,対象外,,,000001,2製品,02,社外加工,30050-AS60-1000X100FA    C,,m,0:自社,,,,済,済,2026/08/06,2026/08/06,2026/08/12,2026/08/12,189926L,,6783,河合 直樹,,,0:なし,0,0
00081994,原反,001,2026/07/27,2026/08/17,2026/08/17,2026/07/31,0:通常,0:通常,01,505101,国分後加工511,000051,国分後加工,049006,東ﾚ(株) 自材部,,,,,,,,,,,,,,,,,,,511101,国分工場01本倉庫,0015,末締,01,東レ本体,0:しない,,,,V8-10,100,,,"12,000",0,1:完了,1:完了,0:通常,1:税抜,0,3:請求合計,1:金額,0:円未満,5:四捨五入,0:切り捨て,9:切り上げ,1:発行済,0:未承認,,0:しない,1:修正,,,,,,0051,国分,,,,,,,,,1:後加工,2026/08/17,1:通常,TPI湖南,,,0,,,,,0:1明細目,,,分割,800.00,800,1,1,,,50103,トーレペフ Y(工材),1:対象外,0,0.00,800.00,SG,1043,スリット機2,0,0,0.00,0.00,B1O50ASA0100FN1,551,ペフ,55109,ﾍﾟﾌ　その他,,,,,,,000003,4原材料,02,社外加工,30050-AS60-1000X200FA    C,,m,0:自社,,,,,,,,,,,2026/08/05,6780,河合 直樹,,,,0,4
00081995,製品,001,2026/07/27,2026/08/24,2026/08/24,2026/07/31,0:通常,0:通常,01,505101,国分後加工511,000051,国分後加工,049006,東ﾚ(株) 自材部,,,,,,,,,,,,,,,,,,,511101,国分工場01本倉庫,,,01,東レ本体,0:しない,,,,V8-11,100,,,"37,500",0,1:完了,0:未完,0:通常,1:税抜,0,3:請求合計,1:金額,0:円未満,5:四捨五入,0:切り捨て,9:切り上げ,1:発行済,0:未承認,,0:しない,1:修正,,,,,,0051,国分,,,,,,,,,1:後加工,2026/08/24,1:通常,TPI湖南,,,0,,,,,0:1明細目,,,分割,"2,500.00","2,500",1,1,,,50105,トーレペフ V(TPI),1:対象外,0,0.00,"2,500.00",,,,"37,500",0,"2,500.00",15.00,A1OA0AGA0050FB4,551,ペフ,50103,トーレペフ Y(工材),,,999999,対象外,,,000001,2製品,02,社外加工,30100-AG00-1000X 50FA BK0C,,m,0:自社,,,,済,済,2026/08/07,2026/08/10,2026/08/12,2026/08/12,190051K,,6713,河合 直樹,,,0:なし,0,0
00081995,原反,001,2026/07/27,2026/08/24,2026/08/24,2026/07/31,0:通常,0:通常,01,505101,国分後加工511,000051,国分後加工,049006,東ﾚ(株) 自材部,,,,,,,,,,,,,,,,,,,511101,国分工場01本倉庫,,,01,東レ本体,0:しない,,,,V8-11,100,,,"37,500",0,1:完了,0:未完,0:通常,1:税抜,0,3:請求合計,1:金額,0:円未満,5:四捨五入,0:切り捨て,9:切り上げ,1:発行済,0:未承認,,0:しない,1:修正,,,,,,0051,国分,,,,,,,,,1:後加工,2026/08/24,1:通常,TPI湖南,,,0,,,,,0:1明細目,,,分割,"2,500.00","2,500",1,1,,,50105,トーレペフ V(TPI),1:対象外,0,0.00,"2,500.00",SG,1043,スリット機2,0,0,0.00,0.00,B1OA0AGA0050FB4,551,ペフ,55109,ﾍﾟﾌ　その他,,,,,,,000003,4原材料,02,社外加工,30100-AG00-1000X100FA BK0C,,m,0:自社,,,,,,,,,,,2026/08/06,6710,河合 直樹,,,,0,25
00082008,製品,001,2026/07/28,2026/08/20,2026/08/20,2026/07/31,0:通常,0:通常,01,505201,湖南52,000052,湖南工場,049006,東ﾚ(株) 自材部,,,,,,,,,,,,,,,,,,,520201,湖南工場01本倉庫,0015,末締,01,東レ本体,0:しない,,,,W7-22,100,,,0,0,1:完了,1:完了,0:通常,1:税抜,0,3:請求合計,1:金額,0:円未満,5:四捨五入,0:切り捨て,9:切り上げ,1:発行済,0:未承認,,0:しない,1:修正,,,,,,,,,,,,,,,,1:後加工,2026/08/20,1:通常,共和ﾚｻﾞｰ,,,0,,,,,0:1明細目,,,検反,0.00,"3,600",1,1,"欠点個数確認チェックラベル◎
確認済明記
検反済み明記",,50101,トーレペフ W(自材),1:対象外,0,0.00,0.00,,,,0,0,0.00,46.00,A2F20JX77300FN1,551,ペフ,50101,トーレペフ W(自材),,,,,,,000001,2製品,02,社外加工,15020-JX5R- 770X300F-A   R,,M,0:自社,,,,済,済,2026/08/18,2026/08/18,2026/08/18,2026/08/18,190764G,,6785,古家 淳子,03,Ｈ面,0:なし,0,0
00082008,原反,001,2026/07/28,2026/08/20,2026/08/20,2026/07/31,0:通常,0:通常,01,505201,湖南52,000052,湖南工場,049006,東ﾚ(株) 自材部,,,,,,,,,,,,,,,,,,,520201,湖南工場01本倉庫,0015,末締,01,東レ本体,0:しない,,,,W7-22,100,,,0,0,1:完了,1:完了,0:通常,1:税抜,0,3:請求合計,1:金額,0:円未満,5:四捨五入,0:切り捨て,9:切り上げ,1:発行済,0:未承認,,0:しない,1:修正,,,,,,,,,,,,,,,,1:後加工,2026/08/20,1:通常,共和ﾚｻﾞｰ,,,0,,,,,0:1明細目,,,検反,0.00,"3,600",1,1,"欠点個数確認チェックラベル◎
確認済明記
検反済み明記",,50101,トーレペフ W(自材),0:対象,0,0.00,"3,600.00",K ,2021,熱融着機　湖南,0,0,0.00,0.00,B2F25JX77300FN1,551,ペフ,50101,トーレペフ W(自材),,,,,,,000001,2製品,02,社外加工,15020-JX5R- 770X300F-A   R,,,0:自社,,,,,,,,,,,2026/08/03,6783,古家 淳子,,,,0,12
00082009,製品,001,2026/07/28,2026/08/20,2026/08/20,2026/07/31,0:通常,0:通常,01,505201,湖南52,000052,湖南工場,049006,東ﾚ(株) 自材部,,,,,,,,,,,,,,,,,,,520201,湖南工場01本倉庫,0015,末締,01,東レ本体,0:しない,,,,W7-23,100,,,0,0,1:完了,1:完了,0:通常,1:税抜,0,3:請求合計,1:金額,0:円未満,5:四捨五入,0:切り捨て,9:切り上げ,1:発行済,0:未承認,,0:しない,1:修正,,,,,,,,,,,,,,,,1:後加工,2026/08/20,1:通常,共和ﾚｻﾞｰ,,,0,,,,,0:1明細目,,,検反,0.00,290,1,1,"欠点個数確認チェックラベル◎
確認済明記
検反済み明記",,50101,トーレペフ W(自材),1:対象外,0,0.00,0.00,,,,0,0,0.00,46.00,A2F20JX77300FN1,551,ペフ,50101,トーレペフ W(自材),,,,,,,000001,2製品,02,社外加工,15020-JX5R- 770X290F-A   R,,M,0:自社,,,,済,済,2026/08/18,2026/08/18,2026/08/18,2026/08/18,190765Y,,6785,古家 淳子,03,Ｈ面,0:なし,0,0
00082009,原反,001,2026/07/28,2026/08/20,2026/08/20,2026/07/31,0:通常,0:通常,01,505201,湖南52,000052,湖南工場,049006,東ﾚ(株) 自材部,,,,,,,,,,,,,,,,,,,520201,湖南工場01本倉庫,0015,末締,01,東レ本体,0:しない,,,,W7-23,100,,,0,0,1:完了,1:完了,0:通常,1:税抜,0,3:請求合計,1:金額,0:円未満,5:四捨五入,0:切り捨て,9:切り上げ,1:発行済,0:未承認,,0:しない,1:修正,,,,,,,,,,,,,,,,1:後加工,2026/08/20,1:通常,共和ﾚｻﾞｰ,,,0,,,,,0:1明細目,,,検反,0.00,290,1,1,"欠点個数確認チェックラベル◎
確認済明記
検反済み明記",,50101,トーレペフ W(自材),0:対象,0,0.00,290.00,K ,2021,熱融着機　湖南,0,0,0.00,0.00,B2F25JX77300FN1,551,ペフ,50101,トーレペフ W(自材),,,,,,,000001,2製品,02,社外加工,15020-JX5R- 770X290F-A   R,,,0:自社,,,,,,,,,,,2026/08/03,6783,古家 淳子,,,,0,1
00082010,製品,001,2026/07/28,2026/08/25,2026/08/25,2026/07/31,0:通常,0:通常,01,505201,湖南52,000052,湖南工場,049006,東ﾚ(株) 自材部,,,,,,,,,,,,,,,,,,,520201,湖南工場01本倉庫,0015,末締,01,東レ本体,0:しない,,,,W7-24,100,,,"55,200",0,1:完了,1:完了,0:通常,1:税抜,0,3:請求合計,1:金額,0:円未満,5:四捨五入,0:切り捨て,9:切り上げ,1:発行済,0:未承認,,0:しない,1:修正,,,,,,,,,,,,,,,,1:後加工,2026/08/25,1:通常,共和ﾚｻﾞｰ,,,0,,,,,0:1明細目,,,検反,"1,200.00","1,200",1,1,"欠点個数確認チェックラベル◎
確認済明記
検反済み明記",,50101,トーレペフ W(自材),1:対象外,0,0.00,"1,200.00",,,,"55,200",0,"1,200.00",46.00,A2F20JXE4300FN1,551,ペフ,50101,トーレペフ W(自材),,,,,,,000001,2製品,02,社外加工,15020-JX5R-1440X300F-A   R,,M,0:自社,,,,済,済,2026/08/18,2026/08/18,2026/08/18,2026/08/18,190766S,,6785,古家 淳子,03,Ｈ面,0:なし,0,0
00082010,原反,001,2026/07/28,2026/08/25,2026/08/25,2026/07/31,0:通常,0:通常,01,505201,湖南52,000052,湖南工場,049006,東ﾚ(株) 自材部,,,,,,,,,,,,,,,,,,,520201,湖南工場01本倉庫,0015,末締,01,東レ本体,0:しない,,,,W7-24,100,,,"55,200",0,1:完了,1:完了,0:通常,1:税抜,0,3:請求合計,1:金額,0:円未満,5:四捨五入,0:切り捨て,9:切り上げ,1:発行済,0:未承認,,0:しない,1:修正,,,,,,,,,,,,,,,,1:後加工,2026/08/25,1:通常,共和ﾚｻﾞｰ,,,0,,,,,0:1明細目,,,検反,"1,200.00","1,200",1,1,"欠点個数確認チェックラベル◎
確認済明記
検反済み明記",,50101,トーレペフ W(自材),1:対象外,0,0.00,"1,200.00",K ,2021,熱融着機　湖南,0,0,0.00,0.00,B2F20JXE4300FN1,551,ペフ,55109,ﾍﾟﾌ　その他,,,,,,,000001,2製品,02,社外加工,15020-JX5R-1440X300F-A   R,,M,0:自社,,,,,,,,,,,2026/08/04,6783,古家 淳子,,,,0,4
00082016,製品,001,2026/07/28,2026/08/10,2026/08/10,2026/07/31,0:通常,0:通常,01,505101,国分後加工511,000051,国分後加工,049006,東ﾚ(株) 自材部,,,,,,,,,,,,,,,,,,,511101,国分工場01本倉庫,0015,末締,01,東レ本体,0:しない,,,,V8-9,100,,,"19,000",0,1:完了,1:完了,0:通常,1:税抜,0,3:請求合計,1:金額,0:円未満,5:四捨五入,0:切り捨て,9:切り上げ,1:発行済,0:未承認,,0:しない,1:修正,,,,,,0051,国分,,,,,,,,,1:後加工,2026/08/10,1:通常,TPI湖南,,,0,,,,,0:1明細目,,"夏季熱風温度上：370℃、下：300℃
冬季熱風温度上：380℃、下：310℃",融着,190.00,400,1,2,,,50105,トーレペフ V(TPI),1:対象外,0,0.00,190.00,,,,"19,000",0,190.00,100.00,A1OA00398100ZN1,551,ペフ,50105,トーレペフ V(TPI),,,999999,対象外,,,000001,2製品,02,社外加工,A0100-0323-980x100ZA,,枚,0:自社,,,,済,済,2026/08/06,2026/08/06,2026/08/12,2026/08/12,189927G,,6713,河合 直樹,,,0:なし,2,0
00082016,原反,001,2026/07/28,2026/08/10,2026/08/10,2026/07/31,0:通常,0:通常,01,505101,国分後加工511,000051,国分後加工,049006,東ﾚ(株) 自材部,,,,,,,,,,,,,,,,,,,511101,国分工場01本倉庫,0015,末締,01,東レ本体,0:しない,,,,V8-9,100,,,"19,000",0,1:完了,1:完了,0:通常,1:税抜,0,3:請求合計,1:金額,0:円未満,5:四捨五入,0:切り捨て,9:切り上げ,1:発行済,0:未承認,,0:しない,1:修正,,,,,,0051,国分,,,,,,,,,1:後加工,2026/08/10,1:通常,TPI湖南,,,0,,,,,0:1明細目,,"夏季熱風温度上：370℃、下：300℃
冬季熱風温度上：380℃、下：310℃",融着,190.00,400,1,2,,,50105,トーレペフ V(TPI),1:対象外,0,0.00,200.00,SG,1121,融着機,0,0,0.00,0.00,B1O50AGA0200FN1,551,ペフ,55109,ﾍﾟﾌ　その他,,,,,,,000003,4原材料,02,社外加工,30050-AG00-1000X200FA    C,,m,0:自社,,,,,,,,,,,2026/08/05,6710,河合 直樹,,,,0,1
00082016,原反,002,2026/07/28,2026/08/10,2026/08/10,2026/07/31,0:通常,0:通常,01,505101,国分後加工511,000051,国分後加工,049006,東ﾚ(株) 自材部,,,,,,,,,,,,,,,,,,,511101,国分工場01本倉庫,0015,末締,01,東レ本体,0:しない,,,,V8-9,100,,,"19,000",0,1:完了,1:完了,0:通常,1:税抜,0,3:請求合計,1:金額,0:円未満,5:四捨五入,0:切り捨て,9:切り上げ,1:発行済,0:未承認,,0:しない,1:修正,,,,,,0051,国分,,,,,,,,,1:後加工,2026/08/10,1:通常,TPI湖南,,,0,,,,,0:1明細目,,"夏季熱風温度上：370℃、下：300℃
冬季熱風温度上：380℃、下：310℃",融着,190.00,400,1,2,,,50105,トーレペフ V(TPI),1:対象外,0,0.00,200.00,SG,1121,融着機,0,0,0.00,0.00,B1O50ASA0200FN1,551,ペフ,50105,トーレペフ V(TPI),,,,,,,000001,2製品,02,社外加工,30050-AS60-1000X200FA    C,,m,0:自社,,,,,,,,,,,2026/08/05,6780,河合 直樹,,,,0,1
00082017,製品,001,2026/07/28,2026/08/06,2026/08/06,2026/07/31,0:通常,0:通常,01,505101,国分後加工511,000051,国分後加工,049006,東ﾚ(株) 自材部,,,,,,,,,,,,,,,,,,,511101,国分工場01本倉庫,,,01,東レ本体,0:しない,,,,C8-7,100,,,"11,520",0,0:未完,0:未完,0:通常,1:税抜,0,3:請求合計,1:金額,0:円未満,5:四捨五入,0:切り捨て,9:切り上げ,1:発行済,0:未承認,,0:しない,1:修正,,,,,,0051,国分,,,,,,,,,1:後加工,2026/08/06,1:通常,甲南,,,0,,,,,0:1明細目,,,融着,48.00,300,1,1,,,50103,トーレペフ Y(工材),1:対象外,0,0.00,48.00,,,,"11,520",0,48.00,240.00,A1OADDG97120ZB4,551,ペフ,50103,トーレペフ Y(工材),,,999999,対象外,,,000001,2製品,02,社外加工,30300-DG00- 970X200ZA BK0,,枚,0:自社,,,,済,済,2026/08/03,2026/08/03,2026/08/12,2026/08/12,189917P,,6713,河合 直樹,,,0:なし,3,0
00082017,原反,001,2026/07/28,2026/08/06,2026/08/06,2026/07/31,0:通常,0:通常,01,505101,国分後加工511,000051,国分後加工,049006,東ﾚ(株) 自材部,,,,,,,,,,,,,,,,,,,511101,国分工場01本倉庫,,,01,東レ本体,0:しない,,,,C8-7,100,,,"11,520",0,0:未完,0:未完,0:通常,1:税抜,0,3:請求合計,1:金額,0:円未満,5:四捨五入,0:切り捨て,9:切り上げ,1:発行済,0:未承認,,0:しない,1:修正,,,,,,0051,国分,,,,,,,,,1:後加工,2026/08/06,1:通常,甲南,,,0,,,,,0:1明細目,,,融着,48.00,300,1,1,,,50103,トーレペフ Y(工材),1:対象外,0,0.00,300.00,SG,1121,融着機,0,0,0.00,0.00,B1OA0AGA0100FBP,551,ペフ,55109,ﾍﾟﾌ　その他,,,,,,,000003,4原材料,02,社外加工,30100-AG00-1000X100FA BK0C,,m,0:自社,,,,,,,,,,,2026/08/03,6710,河合 直樹,,,,0,3
00082034,製品,001,2026/07/29,2026/08/19,2026/08/19,2026/07/31,0:通常,0:通常,01,505101,国分後加工511,000051,国分後加工,049006,東ﾚ(株) 自材部,,,,,,,,,,,,,,,,,,,511101,国分工場01本倉庫,0015,末締,01,東レ本体,0:しない,,,,T8-10,100,,,"22,892",0,0:未完,0:未完,0:通常,1:税抜,0,3:請求合計,1:金額,0:円未満,5:四捨五入,0:切り捨て,9:切り上げ,1:発行済,0:未承認,,0:しない,1:修正,,,,,,0051,国分,,,,,,,,,1:後加工,2026/08/19,1:通常,中央物産,,,0,,,,,0:1明細目,"フラップ逆転方式
10mm原反のＱ面にＥＣ加工(No2020-003)",接続：ベージュテープ50mm幅　ぬれ検査頻度：1回/5本　原反10mmにEC加工　融着行き,"EC,融着",97.00,400,1,2,"フラップ逆転方式
32枚梱包
コロナ処理面を記載した用紙を同梱",,50103,トーレペフ Y(工材),1:対象外,0,0.00,97.00,,,,"22,892",0,97.00,236.00,A1OFBJGA1200ZB4,551,ペフ,50103,トーレペフ Y(工材),,,999999,対象外,,,000001,2製品,02,社外加工,30150-JG00-1010x200ZABK0Q,10mmにEC加工,枚,0:自社,,,,済,済,2026/08/12,2026/08/12,,,190083V,,6713,河合 直樹,02,Ｑ面,0:なし,0,0
00082034,原反,001,2026/07/29,2026/08/19,2026/08/19,2026/07/31,0:通常,0:通常,01,505101,国分後加工511,000051,国分後加工,049006,東ﾚ(株) 自材部,,,,,,,,,,,,,,,,,,,511101,国分工場01本倉庫,0015,末締,01,東レ本体,0:しない,,,,T8-10,100,,,"22,892",0,0:未完,0:未完,0:通常,1:税抜,0,3:請求合計,1:金額,0:円未満,5:四捨五入,0:切り捨て,9:切り上げ,1:発行済,0:未承認,,0:しない,1:修正,,,,,,0051,国分,,,,,,,,,1:後加工,2026/08/19,1:通常,中央物産,,,0,,,,,0:1明細目,"フラップ逆転方式
10mm原反のＱ面にＥＣ加工(No2020-003)",接続：ベージュテープ50mm幅　ぬれ検査頻度：1回/5本　原反10mmにEC加工　融着行き,"EC,融着",97.00,400,1,2,"フラップ逆転方式
32枚梱包
コロナ処理面を記載した用紙を同梱",,50103,トーレペフ Y(工材),1:対象外,0,0.00,200.00,SG,1021,EC,0,0,0.00,0.00,B1OA0AGA5100FBD,551,ペフ,55109,ﾍﾟﾌ　その他,,,,,,,000001,2製品,02,社外加工,30100-AG00-1050X100FA BK0M,,m,0:自社,,,,,,,,,,,2026/08/10,6710,河合 直樹,,,,0,2
00082034,原反,002,2026/07/29,2026/08/19,2026/08/19,2026/07/31,0:通常,0:通常,01,505101,国分後加工511,000051,国分後加工,049006,東ﾚ(株) 自材部,,,,,,,,,,,,,,,,,,,511101,国分工場01本倉庫,0015,末締,01,東レ本体,0:しない,,,,T8-10,100,,,"22,892",0,0:未完,0:未完,0:通常,1:税抜,0,3:請求合計,1:金額,0:円未満,5:四捨五入,0:切り捨て,9:切り上げ,1:発行済,0:未承認,,0:しない,1:修正,,,,,,0051,国分,,,,,,,,,1:後加工,2026/08/19,1:通常,中央物産,,,0,,,,,0:1明細目,"フラップ逆転方式
10mm原反のＱ面にＥＣ加工(No2020-003)",接続：ベージュテープ50mm幅　ぬれ検査頻度：1回/5本　原反10mmにEC加工　融着行き,"EC,融着",97.00,400,1,2,"フラップ逆転方式
32枚梱包
コロナ処理面を記載した用紙を同梱",,50103,トーレペフ Y(工材),1:対象外,0,0.00,200.00,SG,1121,融着機,0,0,0.00,0.00,B1O50AGA5200FB4,551,ペフ,55109,ﾍﾟﾌ　その他,,,,,,,000003,4原材料,02,社外加工,30050-AG00-1050X200FA BK0C,,m,0:自社,,,,,,,,,,,2026/08/10,6710,河合 直樹,,,,0,1
00082035,製品,001,2026/07/29,2026/08/10,2026/08/10,2026/07/31,0:通常,0:通常,01,505101,国分後加工511,000051,国分後加工,049006,東ﾚ(株) 自材部,,,,,,,,,,,,,,,,,,,511101,国分工場01本倉庫,0015,末締,01,東レ本体,0:しない,,,,T8-15,100,,,"28,800",0,1:完了,1:完了,0:通常,1:税抜,0,3:請求合計,1:金額,0:円未満,5:四捨五入,0:切り捨て,9:切り上げ,1:発行済,0:未承認,,0:しない,1:修正,,,,,,0051,国分,,,,,,,,,1:後加工,2026/08/10,1:通常,中央物産,,,0,,,,,0:1明細目,,接続：ベージュテープ50mm幅　ぬれ検査頻度：1回/5本,EC,"1,600.00","1,600",1,1,,,50103,トーレペフ Y(工材),1:対象外,0,0.00,"1,600.00",,,,"28,800",0,"1,600.00",18.00,A1O30JEA5200FG3,551,ペフ,50103,トーレペフ Y(工材),,,999999,対象外,,,000001,2製品,02,社外加工,30030-JG20-1050X200FA GA0Q,,m,0:自社,,,,済,済,2026/08/06,2026/08/06,2026/08/12,2026/08/12,190492K,,6713,河合 直樹,02,Ｑ面,0:なし,0,0
00082035,原反,001,2026/07/29,2026/08/10,2026/08/10,2026/07/31,0:通常,0:通常,01,505101,国分後加工511,000051,国分後加工,049006,東ﾚ(株) 自材部,,,,,,,,,,,,,,,,,,,511101,国分工場01本倉庫,0015,末締,01,東レ本体,0:しない,,,,T8-15,100,,,"28,800",0,1:完了,1:完了,0:通常,1:税抜,0,3:請求合計,1:金額,0:円未満,5:四捨五入,0:切り捨て,9:切り上げ,1:発行済,0:未承認,,0:しない,1:修正,,,,,,0051,国分,,,,,,,,,1:後加工,2026/08/10,1:通常,中央物産,,,0,,,,,0:1明細目,,接続：ベージュテープ50mm幅　ぬれ検査頻度：1回/5本,EC,"1,600.00","1,600",1,1,,,50103,トーレペフ Y(工材),1:対象外,0,0.00,"1,600.00",SG,1021,EC,0,0,0.00,0.00,B1O30AEA5200FG3,551,ペフ,55109,ﾍﾟﾌ　その他,,,,,,,000001,2製品,02,社外加工,30030-AG20-1050X200FA GA0U,,m,0:自社,,,,,,,,,,,2026/08/05,6710,河合 直樹,,,,0,8
00082036,製品,001,2026/07/29,2026/08/17,2026/08/17,2026/07/31,0:通常,0:通常,01,505101,国分後加工511,000051,国分後加工,049006,東ﾚ(株) 自材部,,,,,,,,,,,,,,,,,,,511101,国分工場01本倉庫,,,01,東レ本体,0:しない,,,,T8-14,100,,,"57,600",0,1:完了,1:完了,0:通常,1:税抜,0,3:請求合計,1:金額,0:円未満,5:四捨五入,0:切り捨て,9:切り上げ,1:発行済,0:未承認,,0:しない,1:修正,,,,,,0051,国分,,,,,,,,,1:後加工,2026/08/17,1:通常,中央物産,,,0,,,,,0:1明細目,,接続方法：両面ﾍﾞｰｼﾞｭﾊﾝﾃﾞｨｶｯﾄﾃｰﾌﾟ(幅:50mm),EC,"3,200.00","3,200",1,1,,,50103,トーレペフ Y(工材),1:対象外,0,0.00,"3,200.00",,,,"57,600",0,"3,200.00",18.00,A1O30JGA3200FBD,551,ペフ,50103,トーレペフ Y(工材),,,999999,対象外,,,000001,2製品,02,社外加工,30030-JG00-1030x200FABK0Q,,m,0:自社,,,,済,済,2026/08/06,2026/08/06,2026/08/12,2026/08/12,190491B,,6713,河合 直樹,02,Ｑ面,0:なし,0,0
00082036,原反,001,2026/07/29,2026/08/17,2026/08/17,2026/07/31,0:通常,0:通常,01,505101,国分後加工511,000051,国分後加工,049006,東ﾚ(株) 自材部,,,,,,,,,,,,,,,,,,,511101,国分工場01本倉庫,,,01,東レ本体,0:しない,,,,T8-14,100,,,"57,600",0,1:完了,1:完了,0:通常,1:税抜,0,3:請求合計,1:金額,0:円未満,5:四捨五入,0:切り捨て,9:切り上げ,1:発行済,0:未承認,,0:しない,1:修正,,,,,,0051,国分,,,,,,,,,1:後加工,2026/08/17,1:通常,中央物産,,,0,,,,,0:1明細目,,接続方法：両面ﾍﾞｰｼﾞｭﾊﾝﾃﾞｨｶｯﾄﾃｰﾌﾟ(幅:50mm),EC,"3,200.00","3,200",1,1,,,50103,トーレペフ Y(工材),1:対象外,0,0.00,"3,200.00",SG,1021,EC,0,0,0.00,0.00,B1O30AGA3200FB4,551,ペフ,55109,ﾍﾟﾌ　その他,,,,,,,000001,2製品,02,社外加工,30030-AG00-1030x200FABK0C,,m,0:自社,,,,,,,,,,,2026/08/05,6710,河合 直樹,,,,0,16
00082037,製品,001,2026/07/29,2026/08/20,2026/08/20,2026/07/31,0:通常,0:通常,01,505101,国分後加工511,000051,国分後加工,049006,東ﾚ(株) 自材部,,,,,,,,,,,,,,,,,,,511101,国分工場01本倉庫,0015,末締,01,東レ本体,0:しない,,,,T8-12,100,,,"45,144",0,1:完了,1:完了,0:通常,1:税抜,0,3:請求合計,1:金額,0:円未満,5:四捨五入,0:切り捨て,9:切り上げ,1:発行済,0:未承認,,0:しない,1:修正,,,,,,0051,国分,,,,,,,,,1:後加工,2026/08/20,1:通常,大吉プラスチック,,,0,,,,,0:1明細目,,熱風設定温度(上下)：夏季340℃、冬季350℃,融着,330.00,"1,200",1,1,,,50103,トーレペフ Y(工材),1:対象外,0,0.00,330.00,,,,"45,144",0,330.00,136.80,A1OADDG82114YG3,551,ペフ,50103,トーレペフ Y(工材),,,999999,対象外,,,000001,2製品,02,社外加工,30300-DG00- 820X114YA BK0,,枚,0:自社,,,,済,済,2026/08/06,2026/08/06,2026/08/12,2026/08/12,190085K,,6713,河合 直樹,,,1:あり,3,0
00082037,原反,001,2026/07/29,2026/08/20,2026/08/20,2026/07/31,0:通常,0:通常,01,505101,国分後加工511,000051,国分後加工,049006,東ﾚ(株) 自材部,,,,,,,,,,,,,,,,,,,511101,国分工場01本倉庫,0015,末締,01,東レ本体,0:しない,,,,T8-12,100,,,"45,144",0,1:完了,1:完了,0:通常,1:税抜,0,3:請求合計,1:金額,0:円未満,5:四捨五入,0:切り捨て,9:切り上げ,1:発行済,0:未承認,,0:しない,1:修正,,,,,,0051,国分,,,,,,,,,1:後加工,2026/08/20,1:通常,大吉プラスチック,,,0,,,,,0:1明細目,,熱風設定温度(上下)：夏季340℃、冬季350℃,融着,330.00,"1,200",1,1,,,50103,トーレペフ Y(工材),1:対象外,0,0.00,"1,200.00",SG,1121,融着機,0,0,0.00,0.00,B1OA0AGA0100FBD,551,ペフ,55109,ﾍﾟﾌ　その他,,,,,,,000001,2製品,02,社外加工,30100-AG00-1000X100FA BK0C,,m,0:自社,,,,,,,,,,,2026/08/06,6710,河合 直樹,,,,0,12
00082038,製品,001,2026/07/29,2026/08/20,2026/08/20,2026/07/31,0:通常,0:通常,01,505101,国分後加工511,000051,国分後加工,049006,東ﾚ(株) 自材部,,,,,,,,,,,,,,,,,,,511101,国分工場01本倉庫,0015,末締,01,東レ本体,0:しない,,,,T8-11,100,,,"44,298",0,1:完了,1:完了,0:通常,1:税抜,0,3:請求合計,1:金額,0:円未満,5:四捨五入,0:切り捨て,9:切り上げ,1:発行済,0:未承認,,0:しない,1:修正,,,,,,0051,国分,,,,,,,,,1:後加工,2026/08/20,1:通常,大吉プラスチック,,,0,,,,,0:1明細目,,熱風温度上下：夏季340℃、冬季350℃,融着,345.00,"1,200",1,1,,,50103,トーレペフ Y(工材),1:対象外,0,0.00,345.00,,,,"44,298",0,345.00,128.40,A1OADDG82107YN1,551,ペフ,50103,トーレペフ Y(工材),,,999999,対象外,,,000001,2製品,02,社外加工,30300-DG00-820x107YA,,枚,0:自社,,,,済,済,2026/08/06,2026/08/07,2026/08/12,2026/08/12,190084B,,6713,河合 直樹,,,1:あり,3,0
00082038,原反,001,2026/07/29,2026/08/20,2026/08/20,2026/07/31,0:通常,0:通常,01,505101,国分後加工511,000051,国分後加工,049006,東ﾚ(株) 自材部,,,,,,,,,,,,,,,,,,,511101,国分工場01本倉庫,0015,末締,01,東レ本体,0:しない,,,,T8-11,100,,,"44,298",0,1:完了,1:完了,0:通常,1:税抜,0,3:請求合計,1:金額,0:円未満,5:四捨五入,0:切り捨て,9:切り上げ,1:発行済,0:未承認,,0:しない,1:修正,,,,,,0051,国分,,,,,,,,,1:後加工,2026/08/20,1:通常,大吉プラスチック,,,0,,,,,0:1明細目,,熱風温度上下：夏季340℃、冬季350℃,融着,345.00,"1,200",1,1,,,50103,トーレペフ Y(工材),1:対象外,0,0.00,"1,200.00",SG,1121,融着機,0,0,0.00,0.00,B1OA0AGA0100FN1,551,ペフ,55109,ﾍﾟﾌ　その他,,,,,,,000001,2製品,02,社外加工,30100-AG00-1000X100FA    C,,m,0:自社,,,,,,,,,,,2026/08/06,6710,河合 直樹,,,,0,12
00082039,製品,001,2026/07/29,2026/08/24,2026/08/24,2026/07/31,0:通常,0:通常,01,505101,国分後加工511,000051,国分後加工,049006,東ﾚ(株) 自材部,,,,,,,,,,,,,,,,,,,511101,国分工場01本倉庫,0015,末締,01,東レ本体,0:しない,,,,T8-13,100,,,"10,224",0,0:未完,0:未完,0:通常,1:税抜,0,3:請求合計,1:金額,0:円未満,5:四捨五入,0:切り捨て,9:切り上げ,1:発行済,0:未承認,,0:しない,1:修正,,,,,,0051,国分,,,,,,,,,1:後加工,2026/08/24,1:通常,大吉プラスチック,,,0,,,,,0:1明細目,,熱風温度上下：夏季340℃、冬季350℃,融着,60.00,300,1,1,,,50103,トーレペフ Y(工材),1:対象外,0,0.00,60.00,,,,"10,224",0,60.00,170.40,A1OADDG82142YN1,551,ペフ,50103,トーレペフ Y(工材),,,999999,対象外,,,000001,2製品,02,社外加工,30300-DG00-820x142YA,,枚,0:自社,,,,済,済,,,,,190099A,,6713,河合 直樹,,,0:なし,0,0
00082039,原反,001,2026/07/29,2026/08/24,2026/08/24,2026/07/31,0:通常,0:通常,01,505101,国分後加工511,000051,国分後加工,049006,東ﾚ(株) 自材部,,,,,,,,,,,,,,,,,,,511101,国分工場01本倉庫,0015,末締,01,東レ本体,0:しない,,,,T8-13,100,,,"10,224",0,0:未完,0:未完,0:通常,1:税抜,0,3:請求合計,1:金額,0:円未満,5:四捨五入,0:切り捨て,9:切り上げ,1:発行済,0:未承認,,0:しない,1:修正,,,,,,0051,国分,,,,,,,,,1:後加工,2026/08/24,1:通常,大吉プラスチック,,,0,,,,,0:1明細目,,熱風温度上下：夏季340℃、冬季350℃,融着,60.00,300,1,1,,,50103,トーレペフ Y(工材),1:対象外,0,0.00,300.00,KN,1121,融着機,0,0,0.00,0.00,B1OA0AGA0100FN1,551,ペフ,55109,ﾍﾟﾌ　その他,,,,,,,000001,2製品,02,社外加工,30100-AG00-1000X100FA    C,,m,0:自社,,,,,,,,,,,2026/08/18,6710,河合 直樹,,,,0,3
00082057,製品,001,2026/07/29,2026/09/15,2026/09/15,2026/07/31,2:預売上,0:通常,01,503201,大石工場32,000032,大石工場,049007,東ﾚ(株) ﾄﾚｼｰ事業室,,,,,,,,,100122,ﾌﾞﾗｻﾞｰ工業(株)　刈谷工場,ﾌﾞﾗｻﾞｰ工業(株)　刈谷工場,第一工場2階　P&S製造部（ES),448-0803,愛知県刈谷市,野田町北地蔵山1-5,,0566-25-3780,,320301,大石工場01本倉庫,,,01,東レ本体,0:しない,,1:する,1:御中,9ID-1,100,,,"394,000",0,0:未完,0:未完,0:通常,1:税抜,0,3:請求合計,1:金額,0:円未満,5:四捨五入,0:切り捨て,5:四捨五入,1:発行済,0:未承認,,0:しない,0:新規,,,,,,0009,ヤマト運輸,,,,,,,,,2:自社,2026/09/15,1:通常,,,,0,,,,,0:1明細目,,"1ｍ/ｃ　3分割後に各ﾛｰﾙに原反ﾛｯﾄとｽﾘｯﾄ一の表示をすること。巻き取り側からみて、
右：1～26、中央：27～52、左：53～78
欠点過疎yにマーキングする　継ぎ目赤・その他青
13巻毎に袋入れ
原反ﾛｯﾄNo.が識別できるように保管する","ﾌｨﾙﾑｽﾘｯﾄ,小巻","10,000.00",0,1,1,,,,,1:対象外,0,0.00,"10,000.00",,,,"394,000",0,"10,000.00",39.40,F3322401,999,その他,,,,,,,,,,,02,社外加工,IDﾗﾍﾞﾙ　ﾌﾞﾗｻﾞｰ工業向け　03W-UN4110-001,,,0:自社,,,,済,一部,,,,,,,0   ,片岡 千草,,,0:なし,0,0
00082057,原反,001,2026/07/29,2026/09/15,2026/09/15,2026/07/31,2:預売上,0:通常,01,503201,大石工場32,000032,大石工場,049007,東ﾚ(株) ﾄﾚｼｰ事業室,,,,,,,,,100122,ﾌﾞﾗｻﾞｰ工業(株)　刈谷工場,ﾌﾞﾗｻﾞｰ工業(株)　刈谷工場,第一工場2階　P&S製造部（ES),448-0803,愛知県刈谷市,野田町北地蔵山1-5,,0566-25-3780,,320301,大石工場01本倉庫,,,01,東レ本体,0:しない,,1:する,1:御中,9ID-1,100,,,"394,000",0,0:未完,0:未完,0:通常,1:税抜,0,3:請求合計,1:金額,0:円未満,5:四捨五入,0:切り捨て,5:四捨五入,1:発行済,0:未承認,,0:しない,0:新規,,,,,,0009,ヤマト運輸,,,,,,,,,2:自社,2026/09/15,1:通常,,,,0,,,,,0:1明細目,,"1ｍ/ｃ　3分割後に各ﾛｰﾙに原反ﾛｯﾄとｽﾘｯﾄ一の表示をすること。巻き取り側からみて、
右：1～26、中央：27～52、左：53～78
欠点過疎yにマーキングする　継ぎ目赤・その他青
13巻毎に袋入れ
原反ﾛｯﾄNo.が識別できるように保管する","ﾌｨﾙﾑｽﾘｯﾄ,小巻","10,000.00",0,1,1,,,,,1:対象外,0,0.00,0.00,,,,0,0,0.00,0.00,F3322400,999,その他,,,,,,,,,000001,2製品,02,社外加工,B260512-1,,,0:自社,,,,,,,,,,,2026/06/24,0   ,片岡 千草,,,,0,0
00082062,製品,001,2026/07/30,2026/08/05,2026/08/05,2026/07/31,0:通常,0:通常,01,505201,湖南52,000052,湖南工場,049006,東ﾚ(株) 自材部,,,,,,,,,,,,,,,,,,,520201,湖南工場01本倉庫,0015,末締,01,東レ本体,0:しない,,,,W8-4,100,,,"17,500",0,1:完了,1:完了,0:通常,1:税抜,0,3:請求合計,1:金額,0:円未満,5:四捨五入,0:切り捨て,9:切り上げ,1:発行済,0:未承認,,0:しない,1:修正,,,,,,,,,,,,,,,,1:後加工,2026/08/05,1:通常,共和ﾚｻﾞｰ,,,0,,,,,0:1明細目,,,"スリット,EC",500.00,500,1,1,欠点個数確認チェックラベル◎,,50101,トーレペフ W(自材),1:対象外,0,0.00,500.00,,,,"17,500",0,500.00,35.00,A2N25JPE4250FN1,551,ペフ,50101,トーレペフ W(自材),,,,,,,000001,2製品,02,社外加工,25025-JP17-1440X250F-A   Q,,M,0:自社,,,,済,済,2026/08/04,2026/08/04,2026/08/04,2026/08/04,190671F,,6783,古家 淳子,02,Ｑ面,1:あり,0,0
00082062,原反,001,2026/07/30,2026/08/05,2026/08/05,2026/07/31,0:通常,0:通常,01,505201,湖南52,000052,湖南工場,049006,東ﾚ(株) 自材部,,,,,,,,,,,,,,,,,,,520201,湖南工場01本倉庫,0015,末締,01,東レ本体,0:しない,,,,W8-4,100,,,"17,500",0,1:完了,1:完了,0:通常,1:税抜,0,3:請求合計,1:金額,0:円未満,5:四捨五入,0:切り捨て,9:切り上げ,1:発行済,0:未承認,,0:しない,1:修正,,,,,,,,,,,,,,,,1:後加工,2026/08/05,1:通常,共和ﾚｻﾞｰ,,,0,,,,,0:1明細目,,,"スリット,EC",500.00,500,1,1,欠点個数確認チェックラベル◎,,50101,トーレペフ W(自材),1:対象外,0,0.00,500.00,S ,2013,スリット機1　湖南,0,0,0.00,0.00,B2N25APF8250FN1,551,ペフ,50101,トーレペフ W(自材),,,,,,,000001,2製品,02,社外加工,25025-AP17-1580X250F-A   P,,M,0:自社,,,,,,,,,,,2026/08/03,6780,古家 淳子,,,,0,2
00082072,製品,001,2026/07/30,2026/09/15,2026/09/11,2026/07/31,0:通常,0:通常,01,105501,営業55,000543,宇野 浩紀,010030,(株)ｱｲｼﾝ産業 東京,,,,,,,,,096001,宮川ローラー(株),宮川ローラー株式会社,　佐藤,981-0134,宮城県宮城郡利府町,しらかし台6-9-2,,022-350-4450,,511101,国分工場01本倉庫,,,03,その他,0:しない,,1:する,2:様,,100,,,"81,600",0,0:未完,0:未完,0:通常,1:税抜,0,3:請求合計,1:金額,0:円未満,5:四捨五入,0:切り捨て,5:四捨五入,1:発行済,0:未承認,,0:しない,1:修正,,,,,,0031,名鉄ＮＸ運輸,,,★原反早めに確保お願いします,,,,,,2:自社,,1:通常,アイシン産業,,,0,,,,,0:1明細目,"自社　４枚割りスライス→スリット
フィルム梱包",,"分割,スリット,スライ",600.00,150,2,1,,,51200,自社加工,1:対象外,"21,450",71.50,300.00,,,,"40,800",0,300.00,136.00,A5F10BA50075FN1,551,ペフ,51200,自社加工,,,430500,加工-売上,,,000001,2製品,02,社外加工,ﾄｰﾚﾍﾟﾌ 15010-BA00-500X150F-A C,,m,0:自社,,,,,,,,,,,,KAKO,菱田 昌美,,,0:なし,0,0
00082072,製品,002,2026/07/30,2026/09/15,2026/09/11,2026/07/31,0:通常,0:通常,01,105501,営業55,000543,宇野 浩紀,010030,(株)ｱｲｼﾝ産業 東京,,,,,,,,,096001,宮川ローラー(株),宮川ローラー株式会社,　佐藤,981-0134,宮城県宮城郡利府町,しらかし台6-9-2,,022-350-4450,,511101,国分工場01本倉庫,,,03,その他,0:しない,,1:する,2:様,,100,,,"81,600",0,0:未完,0:未完,0:通常,1:税抜,0,3:請求合計,1:金額,0:円未満,5:四捨五入,0:切り捨て,5:四捨五入,1:発行済,0:未承認,,0:しない,1:修正,,,,,,0031,名鉄ＮＸ運輸,,,★原反早めに確保お願いします,,,,,,2:自社,,1:通常,アイシン産業,,,0,,,,,0:1明細目,"自社　４枚割りスライス→スリット
フィルム梱包",,"分割,スリット,スライ",600.00,150,2,1,,,51200,自社加工,1:対象外,"21,450",71.50,300.00,,,,"40,800",0,300.00,136.00,A5F10CA50075FN1,551,ペフ,51200,自社加工,,,430500,加工-売上,,,000001,2製品,02,社外加工,ﾄｰﾚﾍﾟﾌ 15010-CA00-500X150F-A C,,m,0:自社,,,,,,,,,,,,KAKO,菱田 昌美,,,0:なし,0,0
00082072,原反,001,2026/07/30,2026/09/15,2026/09/11,2026/07/31,0:通常,0:通常,01,105501,営業55,000543,宇野 浩紀,010030,(株)ｱｲｼﾝ産業 東京,,,,,,,,,096001,宮川ローラー(株),宮川ローラー株式会社,　佐藤,981-0134,宮城県宮城郡利府町,しらかし台6-9-2,,022-350-4450,,511101,国分工場01本倉庫,,,03,その他,0:しない,,1:する,2:様,,100,,,"81,600",0,0:未完,0:未完,0:通常,1:税抜,0,3:請求合計,1:金額,0:円未満,5:四捨五入,0:切り捨て,5:四捨五入,1:発行済,0:未承認,,0:しない,1:修正,,,,,,0031,名鉄ＮＸ運輸,,,★原反早めに確保お願いします,,,,,,2:自社,,1:通常,アイシン産業,,,0,,,,,0:1明細目,"自社　４枚割りスライス→スリット
フィルム梱包",,"分割,スリット,スライ",600.00,150,2,1,,,51200,自社加工,1:対象外,0,0.00,150.00,SG,1043,スリット機2,0,0,0.00,0.00,P5F40AAA0150FNA,551,ペフ,55109,ﾍﾟﾌ　その他,,,410103,巻芯-仕入-材,,,000001,2製品,01,社外製品,15040-AA00-1000X150F-A C,分類：巻芯,m,0:自社,,,,,,,,,,,,JSYA,菱田 昌美,,,,0,1
00082074,製品,001,2026/07/30,2026/08/07,2026/08/07,2026/07/31,0:通常,0:通常,01,505101,国分後加工511,000051,国分後加工,049006,東ﾚ(株) 自材部,,,,,,,,,,,,,,,,,,,511101,国分工場01本倉庫,0015,末締,01,東レ本体,0:しない,,,,W7-52,100,,,"24,800",0,1:完了,1:完了,0:通常,1:税抜,0,3:請求合計,1:金額,0:円未満,5:四捨五入,0:切り捨て,9:切り上げ,1:発行済,0:未承認,,0:しない,1:修正,,,,,,0051,国分,,,,,,,,,1:後加工,2026/08/07,1:通常,共和天1,,,0,,,,,0:1明細目,"共和レザー200m以下　欠点４個以下、接続２個以内
Ｑ区分：欠点：Ｈ面端部赤テープ+Ｈ面中央部黒マジック+Ｑ面中央部黒テープ",接続方法：両面緑ハンディカットテープ（幅：75mm）　接続点は欠点に含む　ぬれ検査頻度：1回/5本,"欠点表示,EC",800.00,"1,200",1,2,"欠点個数確認チェック
ラベル◎
Ｈ面にマジックマーキングしてください。
Ｑ面にテープマーキングしてください。
400ｍは欠点5個なのでオカモトorサンビックに回す予定",,50101,トーレペフ W(自材),1:対象外,0,0.00,800.00,,,,"24,800",0,800.00,31.00,A1O30JPD0200FNA,551,ペフ,50101,トーレペフ W(自材),,,999999,対象外,,,000001,2製品,02,社外加工,30030-JP66-1300X200F-A   Q,共レ 200m以下,m,0:自社,,,,済,済,2026/08/06,2026/08/07,2026/08/12,2026/08/12,190385B,,6783,河合 直樹,02,Ｑ面,0:なし,0,0
00082074,原反,001,2026/07/30,2026/08/07,2026/08/07,2026/07/31,0:通常,0:通常,01,505101,国分後加工511,000051,国分後加工,049006,東ﾚ(株) 自材部,,,,,,,,,,,,,,,,,,,511101,国分工場01本倉庫,0015,末締,01,東レ本体,0:しない,,,,W7-52,100,,,"24,800",0,1:完了,1:完了,0:通常,1:税抜,0,3:請求合計,1:金額,0:円未満,5:四捨五入,0:切り捨て,9:切り上げ,1:発行済,0:未承認,,0:しない,1:修正,,,,,,0051,国分,,,,,,,,,1:後加工,2026/08/07,1:通常,共和天1,,,0,,,,,0:1明細目,"共和レザー200m以下　欠点４個以下、接続２個以内
Ｑ区分：欠点：Ｈ面端部赤テープ+Ｈ面中央部黒マジック+Ｑ面中央部黒テープ",接続方法：両面緑ハンディカットテープ（幅：75mm）　接続点は欠点に含む　ぬれ検査頻度：1回/5本,"欠点表示,EC",800.00,"1,200",1,2,"欠点個数確認チェック
ラベル◎
Ｈ面にマジックマーキングしてください。
Ｑ面にテープマーキングしてください。
400ｍは欠点5個なのでオカモトorサンビックに回す予定",,50101,トーレペフ W(自材),1:対象外,0,0.00,800.00,SG,1043,スリット機2,0,0,0.00,0.00,B1O30APD0200F41,551,ペフ,55109,ﾍﾟﾌ　その他,,,,,,,000001,2製品,02,社外加工,30030-AP66-1300X200FA    G,,m,0:自社,,,,,,,,,,,2026/08/03,6780,河合 直樹,,,,0,4
00082074,原反,002,2026/07/30,2026/08/07,2026/08/07,2026/07/31,0:通常,0:通常,01,505101,国分後加工511,000051,国分後加工,049006,東ﾚ(株) 自材部,,,,,,,,,,,,,,,,,,,511101,国分工場01本倉庫,0015,末締,01,東レ本体,0:しない,,,,W7-52,100,,,"24,800",0,1:完了,1:完了,0:通常,1:税抜,0,3:請求合計,1:金額,0:円未満,5:四捨五入,0:切り捨て,9:切り上げ,1:発行済,0:未承認,,0:しない,1:修正,,,,,,0051,国分,,,,,,,,,1:後加工,2026/08/07,1:通常,共和天1,,,0,,,,,0:1明細目,"共和レザー200m以下　欠点４個以下、接続２個以内
Ｑ区分：欠点：Ｈ面端部赤テープ+Ｈ面中央部黒マジック+Ｑ面中央部黒テープ",接続方法：両面緑ハンディカットテープ（幅：75mm）　接続点は欠点に含む　ぬれ検査頻度：1回/5本,"欠点表示,EC",800.00,"1,200",1,2,"欠点個数確認チェック
ラベル◎
Ｈ面にマジックマーキングしてください。
Ｑ面にテープマーキングしてください。
400ｍは欠点5個なのでオカモトorサンビックに回す予定",,50101,トーレペフ W(自材),1:対象外,0,0.00,400.00,SG,1043,スリット機2,0,0,0.00,0.00,B1O30APD0200F41,551,ペフ,55109,ﾍﾟﾌ　その他,,,,,,,000001,2製品,02,社外加工,30030-AP66-1300X200FA    G,,m,0:自社,,,,,,,,,,,2026/08/05,6780,河合 直樹,,,,0,2
00082075,製品,001,2026/07/30,2026/08/05,2026/08/05,2026/07/31,0:通常,0:通常,01,505101,国分後加工511,000051,国分後加工,049006,東ﾚ(株) 自材部,,,,,,,,,,,,,,,,,,,511101,国分工場01本倉庫,0015,末締,01,東レ本体,0:しない,,,,W7-53,100,,,"20,400",0,1:完了,1:完了,0:通常,1:税抜,0,3:請求合計,1:金額,0:円未満,5:四捨五入,0:切り捨て,9:切り上げ,1:発行済,0:未承認,,0:しない,1:修正,,,,,,0051,国分,,,,,,,,,1:後加工,2026/08/05,1:通常,共レ新城,,,0,,,,,0:1明細目,"欠点個数確認　301～400m長以下は欠点９個以下
Ｐ区分：Ｈ面端部赤テープ+Ｈ面中央部黒マジック+Ｑ面中央部黒テープ
接続：４個以内　両面緑テープ",接続点は欠点に含む,スリット,"1,200.00","1,200",1,1,"欠点個数確認チェック
ラベル◎",,50101,トーレペフ W(自材),1:対象外,0,0.00,"1,200.00",,,,"20,400",0,"1,200.00",17.00,A1F15AP96400FNA,551,ペフ,50101,トーレペフ W(自材),,,,,,,000001,2製品,02,社外加工,15015-AP67-1080X400FA    P,,m,0:自社,,,,済,済,2026/08/03,2026/08/03,2026/08/12,2026/08/12,190382J,,6783,河合 直樹,,,0:なし,0,0
00082075,原反,001,2026/07/30,2026/08/05,2026/08/05,2026/07/31,0:通常,0:通常,01,505101,国分後加工511,000051,国分後加工,049006,東ﾚ(株) 自材部,,,,,,,,,,,,,,,,,,,511101,国分工場01本倉庫,0015,末締,01,東レ本体,0:しない,,,,W7-53,100,,,"20,400",0,1:完了,1:完了,0:通常,1:税抜,0,3:請求合計,1:金額,0:円未満,5:四捨五入,0:切り捨て,9:切り上げ,1:発行済,0:未承認,,0:しない,1:修正,,,,,,0051,国分,,,,,,,,,1:後加工,2026/08/05,1:通常,共レ新城,,,0,,,,,0:1明細目,"欠点個数確認　301～400m長以下は欠点９個以下
Ｐ区分：Ｈ面端部赤テープ+Ｈ面中央部黒マジック+Ｑ面中央部黒テープ
接続：４個以内　両面緑テープ",接続点は欠点に含む,スリット,"1,200.00","1,200",1,1,"欠点個数確認チェック
ラベル◎",,50101,トーレペフ W(自材),1:対象外,0,0.00,"1,200.00",SG,1043,スリット機2,0,0,0.00,0.00,B1F15APE9400FN1,551,ペフ,55109,ﾍﾟﾌ　その他,,,,,,,000001,2製品,02,社外加工,15015-AP67-1550X400FA    P,,m,0:自社,,,,,,,,,,,2026/08/03,6780,河合 直樹,,,,0,3
00082076,製品,001,2026/07/30,2026/08/05,2026/08/05,2026/07/31,0:通常,0:通常,01,505101,国分後加工511,000051,国分後加工,049006,東ﾚ(株) 自材部,,,,,,,,,,,,,,,,,,,511101,国分工場01本倉庫,0015,末締,01,東レ本体,0:しない,,,,W7-54,100,,,"40,800",0,1:完了,1:完了,0:通常,1:税抜,0,3:請求合計,1:金額,0:円未満,5:四捨五入,0:切り捨て,9:切り上げ,1:発行済,0:未承認,,0:しない,1:修正,,,,,,0051,国分,,,,,,,,,1:後加工,2026/08/05,1:通常,共和新城,,,0,,,,,0:1明細目,"欠点個数確認　実数と合致していれば赤丸
共和レザー：251～300m長は欠点７個以下　接続：３個以内　両面緑テープ
P区分：Ｈ面端部赤テープ+Ｈ面中央部黒マジック+Q面中央部黒テープ",接続は欠点に含む,スリット,"2,400.00","2,400",1,1,"欠点個数確認チェック
ラベル◎",,50101,トーレペフ W(自材),1:対象外,0,0.00,"2,400.00",,,,"40,800",0,"2,400.00",17.00,A1K20AP84300FNA,551,ペフ,50101,トーレペフ W(自材),,,999999,対象外,,,000001,2製品,02,社外加工,20020-AP17-840X300F-A   P,共レ 251～300m以下 P区分,m,0:自社,,,,済,済,2026/08/03,2026/08/04,2026/08/12,2026/08/12,190378H,,6783,河合 直樹,,,0:なし,0,0
00082076,原反,001,2026/07/30,2026/08/05,2026/08/05,2026/07/31,0:通常,0:通常,01,505101,国分後加工511,000051,国分後加工,049006,東ﾚ(株) 自材部,,,,,,,,,,,,,,,,,,,511101,国分工場01本倉庫,0015,末締,01,東レ本体,0:しない,,,,W7-54,100,,,"40,800",0,1:完了,1:完了,0:通常,1:税抜,0,3:請求合計,1:金額,0:円未満,5:四捨五入,0:切り捨て,9:切り上げ,1:発行済,0:未承認,,0:しない,1:修正,,,,,,0051,国分,,,,,,,,,1:後加工,2026/08/05,1:通常,共和新城,,,0,,,,,0:1明細目,"欠点個数確認　実数と合致していれば赤丸
共和レザー：251～300m長は欠点７個以下　接続：３個以内　両面緑テープ
P区分：Ｈ面端部赤テープ+Ｈ面中央部黒マジック+Q面中央部黒テープ",接続は欠点に含む,スリット,"2,400.00","2,400",1,1,"欠点個数確認チェック
ラベル◎",,50101,トーレペフ W(自材),1:対象外,0,0.00,"2,400.00",SG,1043,スリット機2,0,0,0.00,0.00,B1K20APD1300FN1,551,ペフ,55109,ﾍﾟﾌ　その他,,,,,,,000001,2製品,02,社外加工,20020-AP17-1310X300F-A   P,,m,0:自社,,,,,,,,,,,2026/08/03,6780,河合 直樹,,,,0,8
00082077,製品,001,2026/07/30,2026/08/19,2026/08/19,2026/07/31,0:通常,0:通常,01,505101,国分後加工511,000051,国分後加工,049006,東ﾚ(株) 自材部,,,,,,,,,,,,,,,,,,,511101,国分工場01本倉庫,0015,末締,01,東レ本体,0:しない,,,,W8-1,100,,,"67,500",0,1:完了,0:未完,0:通常,1:税抜,0,3:請求合計,1:金額,0:円未満,5:四捨五入,0:切り捨て,9:切り上げ,1:発行済,0:未承認,,0:しない,1:修正,,,,,,0051,国分,,,,,,,,,1:後加工,2026/08/19,1:通常,共レ新城,,,0,,,,,0:1明細目,"欠点個数確認後赤丸記入すること。欠点個数確認　200m長以下は欠点４個以下
Ｐ区分：Ｈ面端部赤テープ+Ｈ面中央部黒マジック+Q面中央部黒テープ
接続：２個以内　両面緑テープ
K･H区分：分割後150m2本の接続合計３個以下、欠点合計７個以下：発行No.2021-017(2021.10.5)","接続点は欠点に含む　巻外から154m取り巻き芯側は測長しなくてよい。原反入れ目308ｍある。
分割後150m2本の接続合計３個以下、欠点合計７個以下：発行No.2021-017(2021.10.5)",分割,"4,500.00","4,500",1,1,"欠点個数確認チェック
ラベル◎",,50101,トーレペフ W(自材),1:対象外,0,0.00,"4,500.00",,,,"67,500",0,"4,500.00",15.00,A1K35AP89150FN1,551,ペフ,50101,トーレペフ W(自材),,,999999,対象外,,,000001,2製品,02,社外加工,20035-AP1F- 890X150F-A   P,,m,0:自社,,,,済,済,2026/08/12,2026/08/12,,,190391G,,6783,河合 直樹,,,0:なし,0,0
00082077,原反,001,2026/07/30,2026/08/19,2026/08/19,2026/07/31,0:通常,0:通常,01,505101,国分後加工511,000051,国分後加工,049006,東ﾚ(株) 自材部,,,,,,,,,,,,,,,,,,,511101,国分工場01本倉庫,0015,末締,01,東レ本体,0:しない,,,,W8-1,100,,,"67,500",0,1:完了,0:未完,0:通常,1:税抜,0,3:請求合計,1:金額,0:円未満,5:四捨五入,0:切り捨て,9:切り上げ,1:発行済,0:未承認,,0:しない,1:修正,,,,,,0051,国分,,,,,,,,,1:後加工,2026/08/19,1:通常,共レ新城,,,0,,,,,0:1明細目,"欠点個数確認後赤丸記入すること。欠点個数確認　200m長以下は欠点４個以下
Ｐ区分：Ｈ面端部赤テープ+Ｈ面中央部黒マジック+Q面中央部黒テープ
接続：２個以内　両面緑テープ
K･H区分：分割後150m2本の接続合計３個以下、欠点合計７個以下：発行No.2021-017(2021.10.5)","接続点は欠点に含む　巻外から154m取り巻き芯側は測長しなくてよい。原反入れ目308ｍある。
分割後150m2本の接続合計３個以下、欠点合計７個以下：発行No.2021-017(2021.10.5)",分割,"4,500.00","4,500",1,1,"欠点個数確認チェック
ラベル◎",,50101,トーレペフ W(自材),1:対象外,0,0.00,"4,500.00",SG,1043,スリット機2,0,0,0.00,0.00,B1K35AP89300FN1,551,ペフ,55109,ﾍﾟﾌ　その他,,,,,,,000001,2製品,02,社外加工,20035-AP1F- 890X300F-A   P,,m,0:自社,,,,,,,,,,,2026/08/10,6780,河合 直樹,,,,0,15
00082078,製品,001,2026/07/30,2026/08/07,2026/08/07,2026/07/31,0:通常,0:通常,01,505101,国分後加工511,000051,国分後加工,049006,東ﾚ(株) 自材部,,,,,,,,,,,,,,,,,,,511101,国分工場01本倉庫,0015,末締,01,東レ本体,0:しない,,,,W8-2,100,,,"1,870",0,1:完了,1:完了,0:通常,1:税抜,0,3:請求合計,1:金額,0:円未満,5:四捨五入,0:切り捨て,9:切り上げ,1:発行済,0:未承認,,0:しない,1:修正,,,,,,0051,国分,,,,,,,,,1:後加工,2026/08/07,1:通常,,,,0,,,,,0:1明細目,"欠点個数確認　共レ200m長以下：欠点４個以下：接続２個以内
Ｐ区分：Ｈ面端部赤テープ+Ｈ面中央部黒マジック+Ｑ面中央部黒テープ
接続：両面緑テープ",,スリット,110.00,118,1,1,"*欠点個数確認チェック
 ラベル◎",,50101,トーレペフ W(自材),1:対象外,0,0.00,110.00,,,,"1,870",0,110.00,17.00,A1N25APE9110FN1,551,ペフ,50101,トーレペフ W(自材),,,,,,,000001,2製品,02,社外加工,25025-AP17-1490X110F-A   P,共レ：200m以下：Ｐ区分,m,0:自社,,,,済,済,2026/08/05,2026/08/05,2026/08/12,2026/08/12,190392Y,,6783,河合 直樹,,,0:なし,0,0
00082078,原反,001,2026/07/30,2026/08/07,2026/08/07,2026/07/31,0:通常,0:通常,01,505101,国分後加工511,000051,国分後加工,049006,東ﾚ(株) 自材部,,,,,,,,,,,,,,,,,,,511101,国分工場01本倉庫,0015,末締,01,東レ本体,0:しない,,,,W8-2,100,,,"1,870",0,1:完了,1:完了,0:通常,1:税抜,0,3:請求合計,1:金額,0:円未満,5:四捨五入,0:切り捨て,9:切り上げ,1:発行済,0:未承認,,0:しない,1:修正,,,,,,0051,国分,,,,,,,,,1:後加工,2026/08/07,1:通常,,,,0,,,,,0:1明細目,"欠点個数確認　共レ200m長以下：欠点４個以下：接続２個以内
Ｐ区分：Ｈ面端部赤テープ+Ｈ面中央部黒マジック+Ｑ面中央部黒テープ
接続：両面緑テープ",,スリット,110.00,118,1,1,"*欠点個数確認チェック
 ラベル◎",,50101,トーレペフ W(自材),1:対象外,0,0.00,118.00,SG,1043,スリット機2,0,0,0.00,0.00,B1N25APF5250FN1,551,ペフ,50101,トーレペフ W(自材),,,,,,,000001,2製品,02,社外加工,25025-AP17-1580X118F-A   P,,m,0:自社,,,,,,,,,,,2026/08/04,6783,河合 直樹,,,,0,1
00082079,製品,001,2026/07/30,2026/08/07,2026/08/07,2026/07/31,0:通常,0:通常,01,505101,国分後加工511,000051,国分後加工,049006,東ﾚ(株) 自材部,,,,,,,,,,,,,,,,,,,511101,国分工場01本倉庫,0015,末締,01,東レ本体,0:しない,,,,W8-7,100,,,"30,600",0,1:完了,1:完了,0:通常,1:税抜,0,3:請求合計,1:金額,0:円未満,5:四捨五入,0:切り捨て,9:切り上げ,1:発行済,0:未承認,,0:しない,1:修正,,,,,,0051,国分,,,,,,,,,1:後加工,2026/08/07,1:通常,龍田化学,,,0,,,,,0:1明細目,"欠点個数 現物確認
龍田 251-300m 欠点９個以下(接続を含まない) 接続３個以内
Ｇ区分 Ｈ面端部赤テープ　接続:両面緑テープ",接続点は欠点に含む,"スリット,欠点表示","1,800.00","1,800",1,1,Ｑ面のテープマーキングを外して下さい。,,50101,トーレペフ W(自材),1:対象外,0,0.00,"1,800.00",,,,"30,600",0,"1,800.00",17.00,A1K20AP85300FN1,551,ペフ,50101,トーレペフ W(自材),,,999999,対象外,,,000001,2製品,02,社外加工,20020-AP17- 850X300FA    G,龍田 251-300m Ｇ区分,m,0:自社,,,,済,一部,2026/08/05,2026/08/05,2026/08/12,2026/08/12,190636K,,6783,河合 直樹,,,0:なし,0,0
00082079,原反,001,2026/07/30,2026/08/07,2026/08/07,2026/07/31,0:通常,0:通常,01,505101,国分後加工511,000051,国分後加工,049006,東ﾚ(株) 自材部,,,,,,,,,,,,,,,,,,,511101,国分工場01本倉庫,0015,末締,01,東レ本体,0:しない,,,,W8-7,100,,,"30,600",0,1:完了,1:完了,0:通常,1:税抜,0,3:請求合計,1:金額,0:円未満,5:四捨五入,0:切り捨て,9:切り上げ,1:発行済,0:未承認,,0:しない,1:修正,,,,,,0051,国分,,,,,,,,,1:後加工,2026/08/07,1:通常,龍田化学,,,0,,,,,0:1明細目,"欠点個数 現物確認
龍田 251-300m 欠点９個以下(接続を含まない) 接続３個以内
Ｇ区分 Ｈ面端部赤テープ　接続:両面緑テープ",接続点は欠点に含む,"スリット,欠点表示","1,800.00","1,800",1,1,Ｑ面のテープマーキングを外して下さい。,,50101,トーレペフ W(自材),1:対象外,0,0.00,"1,800.00",OK,1043,スリット機2,0,0,0.00,0.00,A1K21NP98300FN1,551,ペフ,50102,トーレペフ B(自輸),,,999999,対象外,,,000001,2製品,02,社外加工,20021-NP17- 980X300F-A   B,輸出251-300m Ｂ区分,m,0:自社,,,,,,,,,,,2026/08/04,6781,河合 直樹,,,,0,6
00082080,製品,001,2026/07/30,2026/08/17,2026/08/17,2026/07/31,0:通常,0:通常,01,505101,国分後加工511,000051,国分後加工,049006,東ﾚ(株) 自材部,,,,,,,,,,,,,,,,,,,511101,国分工場01本倉庫,,,01,東レ本体,0:しない,,,,Y8-42,100,,,"64,500",0,1:完了,0:未完,0:通常,1:税抜,0,3:請求合計,1:金額,0:円未満,5:四捨五入,0:切り捨て,9:切り上げ,1:発行済,0:未承認,,0:しない,1:修正,,,,,,0051,国分,,,,,,,,,1:後加工,2026/08/17,1:通常,ゴトープラスチック,,,0,,,,,0:1明細目,,接続点は欠点に含まない,"スリット,欠点表示","3,000.00","1,500",1,1,スリットした製品両方にラベル貼付,,50103,トーレペフ Y(工材),1:対象外,0,0.00,"3,000.00",,,,"64,500",0,"3,000.00",21.50,A1O30APB4200FN1,551,ペフ,50101,トーレペフ W(自材),,,999999,対象外,,,000001,2製品,02,社外加工,30030-AP66- 550X300FA BK0M,,m,0:自社,,,,済,一部,2026/08/10,2026/08/10,,,190373L,,6783,河合 直樹,,,0:なし,0,0
00082080,原反,001,2026/07/30,2026/08/17,2026/08/17,2026/07/31,0:通常,0:通常,01,505101,国分後加工511,000051,国分後加工,049006,東ﾚ(株) 自材部,,,,,,,,,,,,,,,,,,,511101,国分工場01本倉庫,,,01,東レ本体,0:しない,,,,Y8-42,100,,,"64,500",0,1:完了,0:未完,0:通常,1:税抜,0,3:請求合計,1:金額,0:円未満,5:四捨五入,0:切り捨て,9:切り上げ,1:発行済,0:未承認,,0:しない,1:修正,,,,,,0051,国分,,,,,,,,,1:後加工,2026/08/17,1:通常,ゴトープラスチック,,,0,,,,,0:1明細目,,接続点は欠点に含まない,"スリット,欠点表示","3,000.00","1,500",1,1,スリットした製品両方にラベル貼付,,50103,トーレペフ Y(工材),1:対象外,0,0.00,"1,500.00",SG,1043,スリット機2,0,0,0.00,0.00,B1O30APD0200FN1,551,ペフ,55109,ﾍﾟﾌ　その他,,,,,,,000001,2製品,02,社外加工,30030-AP66-1110X300FA BK0M,,m,0:自社,,,,,,,,,,,2026/08/07,6780,河合 直樹,,,,0,5
00082081,製品,001,2026/07/30,2026/08/19,2026/08/19,2026/07/31,0:通常,0:通常,01,505101,国分後加工511,000051,国分後加工,049006,東ﾚ(株) 自材部,,,,,,,,,,,,,,,,,,,511101,国分工場01本倉庫,0015,末締,01,東レ本体,0:しない,,,,Y8-43,100,,,"69,000",0,1:完了,0:未完,0:通常,1:税抜,0,3:請求合計,1:金額,0:円未満,5:四捨五入,0:切り捨て,9:切り上げ,1:発行済,0:未承認,,0:しない,1:修正,,,,,,0051,国分,,,,,,,,,1:後加工,2026/08/19,1:通常,しみず運送,,,0,,,,,0:1明細目,,"1本目入れ目：5ｍ
2本目は現状と同じく全量巻き付けてください",分割,"4,600.00","4,600",1,1,,,50103,トーレペフ Y(工材),1:対象外,0,0.00,"4,600.00",,,,"69,000",0,"4,600.00",15.00,A1O60AGA0100FN1,551,ペフ,50103,トーレペフ Y(工材),,,999999,対象外,,,000001,2製品,02,社外加工,30060-AG00-1000X100FA BK0C,,m,0:自社,,,,済,済,2026/08/10,2026/08/11,,,190374G,,6713,河合 直樹,,,0:なし,0,0
00082081,原反,001,2026/07/30,2026/08/19,2026/08/19,2026/07/31,0:通常,0:通常,01,505101,国分後加工511,000051,国分後加工,049006,東ﾚ(株) 自材部,,,,,,,,,,,,,,,,,,,511101,国分工場01本倉庫,0015,末締,01,東レ本体,0:しない,,,,Y8-43,100,,,"69,000",0,1:完了,0:未完,0:通常,1:税抜,0,3:請求合計,1:金額,0:円未満,5:四捨五入,0:切り捨て,9:切り上げ,1:発行済,0:未承認,,0:しない,1:修正,,,,,,0051,国分,,,,,,,,,1:後加工,2026/08/19,1:通常,しみず運送,,,0,,,,,0:1明細目,,"1本目入れ目：5ｍ
2本目は現状と同じく全量巻き付けてください",分割,"4,600.00","4,600",1,1,,,50103,トーレペフ Y(工材),1:対象外,0,0.00,"4,600.00",SG,1043,スリット機2,0,0,0.00,0.00,B1O60AGA0200FBD,551,ペフ,55109,ﾍﾟﾌ　その他,,,,,,,000001,2製品,02,社外加工,30060-AG00-1000X200F-ABK0C,,m,0:自社,,,,,,,,,,,2026/08/07,6710,河合 直樹,,,,0,23
00082082,製品,001,2026/07/30,2026/08/06,2026/08/06,2026/07/31,0:通常,0:通常,01,505101,国分後加工511,000051,国分後加工,049006,東ﾚ(株) 自材部,,,,,,,,,,,,,,,,,,,511101,国分工場01本倉庫,0015,末締,01,東レ本体,0:しない,,,,Y8-44,100,,,"1,040",0,1:完了,1:完了,0:通常,1:税抜,0,3:請求合計,1:金額,0:円未満,5:四捨五入,0:切り捨て,9:切り上げ,1:発行済,0:未承認,,0:しない,1:修正,,,,,,0051,国分,,,,,,,,,1:後加工,2026/08/06,1:通常,サンエイ,,,0,,,,,0:1明細目,,ｶｯﾄ長さｾｯﾄ値（目安）1542mm,カット,65.00,100,1,1,,,50103,トーレペフ Y(工材),1:対象外,0,0.00,65.00,,,,"1,040",0,65.00,16.00,A1O80AGA0152ZN1,551,ペフ,50103,トーレペフ Y(工材),,,999999,対象外,,,000001,2製品,02,社外加工,30080-AG00-1000x152ZA,,枚,0:自社,,,,済,済,2026/08/03,2026/08/03,2026/08/12,2026/08/12,190377M,,6713,河合 直樹,,,0:なし,0,0
00082082,原反,001,2026/07/30,2026/08/06,2026/08/06,2026/07/31,0:通常,0:通常,01,505101,国分後加工511,000051,国分後加工,049006,東ﾚ(株) 自材部,,,,,,,,,,,,,,,,,,,511101,国分工場01本倉庫,0015,末締,01,東レ本体,0:しない,,,,Y8-44,100,,,"1,040",0,1:完了,1:完了,0:通常,1:税抜,0,3:請求合計,1:金額,0:円未満,5:四捨五入,0:切り捨て,9:切り上げ,1:発行済,0:未承認,,0:しない,1:修正,,,,,,0051,国分,,,,,,,,,1:後加工,2026/08/06,1:通常,サンエイ,,,0,,,,,0:1明細目,,ｶｯﾄ長さｾｯﾄ値（目安）1542mm,カット,65.00,100,1,1,,,50103,トーレペフ Y(工材),1:対象外,0,0.00,100.00,SG,1041,単板カット機,0,0,0.00,0.00,B1O80AGA0100FN1,551,ペフ,55109,ﾍﾟﾌ　その他,,,,,,,000001,2製品,02,社外加工,30080-AG00-1000X100FA    C,,m,0:自社,,,,,,,,,,,2026/08/03,6710,河合 直樹,,,,0,1
00082083,製品,001,2026/07/30,2026/08/10,2026/08/10,2026/07/31,0:通常,0:通常,01,505101,国分後加工511,000051,国分後加工,049006,東ﾚ(株) 自材部,,,,,,,,,,,,,,,,,,,511101,国分工場01本倉庫,0015,末締,01,東レ本体,0:しない,,,,Y8-45,100,,,"6,272",0,0:未完,0:未完,0:通常,1:税抜,0,3:請求合計,1:金額,0:円未満,5:四捨五入,0:切り捨て,9:切り上げ,1:発行済,0:未承認,,0:しない,1:修正,,,,,,0051,国分,,,,,,,,,1:後加工,2026/08/10,1:通常,サンエイ,,,0,,,,,0:1明細目,,,カット,392.00,800,1,1,196枚+αで梱包お願いします,,50103,トーレペフ Y(工材),1:対象外,0,0.00,392.00,,,,"6,272",0,392.00,16.00,A1O80AGA0202ZN1,551,ペフ,50103,トーレペフ Y(工材),,,999999,対象外,,,000001,2製品,02,社外加工,30080-AG00-1000X202ZA ,,枚,0:自社,,,,済,済,2026/08/04,2026/08/04,2026/08/12,2026/08/12,190380T,,6713,河合 直樹,,,0:なし,0,0
00082083,原反,001,2026/07/30,2026/08/10,2026/08/10,2026/07/31,0:通常,0:通常,01,505101,国分後加工511,000051,国分後加工,049006,東ﾚ(株) 自材部,,,,,,,,,,,,,,,,,,,511101,国分工場01本倉庫,0015,末締,01,東レ本体,0:しない,,,,Y8-45,100,,,"6,272",0,0:未完,0:未完,0:通常,1:税抜,0,3:請求合計,1:金額,0:円未満,5:四捨五入,0:切り捨て,9:切り上げ,1:発行済,0:未承認,,0:しない,1:修正,,,,,,0051,国分,,,,,,,,,1:後加工,2026/08/10,1:通常,サンエイ,,,0,,,,,0:1明細目,,,カット,392.00,800,1,1,196枚+αで梱包お願いします,,50103,トーレペフ Y(工材),1:対象外,0,0.00,800.00,SG,1041,単板カット機,0,0,0.00,0.00,B1O80AGA0100FN1,551,ペフ,55109,ﾍﾟﾌ　その他,,,,,,,000001,2製品,02,社外加工,30080-AG00-1000X100FA C,,m,0:自社,,,,,,,,,,,2026/08/03,6710,河合 直樹,,,,0,8
00082084,製品,001,2026/07/30,2026/08/26,2026/08/26,2026/07/31,0:通常,0:通常,01,505101,国分後加工511,000051,国分後加工,049006,東ﾚ(株) 自材部,,,,,,,,,,,,,,,,,,,511101,国分工場01本倉庫,0015,末締,01,東レ本体,0:しない,,,,Y8-49,100,,,"132,705",0,0:未完,0:未完,0:通常,1:税抜,0,3:請求合計,1:金額,0:円未満,5:四捨五入,0:切り捨て,9:切り上げ,1:発行済,0:未承認,,0:しない,1:修正,,,,,,0051,国分,,,,,,,,,1:後加工,2026/08/26,1:通常,サンパック,,,0,,,,,0:1明細目,,,"カット,検反","3,500.00","3,450",4,1,100枚梱包,,50103,トーレペフ Y(工材),1:対象外,0,0.00,500.00,,,,"17,315",0,500.00,34.63,A1F40AAC1081ZB6,551,ペフ,50103,トーレペフ Y(工材),,,999999,対象外,,,000001,2製品,02,社外加工,15040-AA00-1210x81KABN0,,枚,0:自社,,,,一部,一部,2026/08/18,2026/08/18,,,190388W,,6713,河合 直樹,,,0:なし,0,0
00082084,製品,002,2026/07/30,2026/08/26,2026/08/26,2026/07/31,0:通常,0:通常,01,505101,国分後加工511,000051,国分後加工,049006,東ﾚ(株) 自材部,,,,,,,,,,,,,,,,,,,511101,国分工場01本倉庫,0015,末締,01,東レ本体,0:しない,,,,Y8-49,100,,,"132,705",0,0:未完,0:未完,0:通常,1:税抜,0,3:請求合計,1:金額,0:円未満,5:四捨五入,0:切り捨て,9:切り上げ,1:発行済,0:未承認,,0:しない,1:修正,,,,,,0051,国分,,,,,,,,,1:後加工,2026/08/26,1:通常,サンパック,,,0,,,,,0:1明細目,,,"カット,検反","3,500.00","3,450",4,1,100枚梱包,,50103,トーレペフ Y(工材),1:対象外,0,0.00,500.00,,,,"16,395",0,500.00,32.79,A1F40AAC1073KB6,551,ペフ,50103,トーレペフ Y(工材),,,999999,対象外,,,000001,2製品,02,社外加工,15040-AA00-1210x73KABN0,,枚,0:自社,,,,一部,一部,,,,,190390L,,6713,河合 直樹,,,0:なし,0,0
00082084,製品,003,2026/07/30,2026/08/26,2026/08/26,2026/07/31,0:通常,0:通常,01,505101,国分後加工511,000051,国分後加工,049006,東ﾚ(株) 自材部,,,,,,,,,,,,,,,,,,,511101,国分工場01本倉庫,0015,末締,01,東レ本体,0:しない,,,,Y8-49,100,,,"132,705",0,0:未完,0:未完,0:通常,1:税抜,0,3:請求合計,1:金額,0:円未満,5:四捨五入,0:切り捨て,9:切り上げ,1:発行済,0:未承認,,0:しない,1:修正,,,,,,0051,国分,,,,,,,,,1:後加工,2026/08/26,1:通常,サンパック,,,0,,,,,0:1明細目,,,"カット,検反","3,500.00","3,450",4,1,100枚梱包,,50103,トーレペフ Y(工材),1:対象外,0,0.00,"1,000.00",,,,"40,150",0,"1,000.00",40.15,A1F40AAC1105FN1,551,ペフ,50103,トーレペフ Y(工材),,,999999,対象外,,,000001,2製品,02,社外加工,15040-AA00-1210x105KABN0,,枚,0:自社,,,,一部,一部,,,,,190393S,,6713,河合 直樹,,,0:なし,0,0
00082084,製品,004,2026/07/30,2026/08/26,2026/08/26,2026/07/31,0:通常,0:通常,01,505101,国分後加工511,000051,国分後加工,049006,東ﾚ(株) 自材部,,,,,,,,,,,,,,,,,,,511101,国分工場01本倉庫,0015,末締,01,東レ本体,0:しない,,,,Y8-49,100,,,"132,705",0,0:未完,0:未完,0:通常,1:税抜,0,3:請求合計,1:金額,0:円未満,5:四捨五入,0:切り捨て,9:切り上げ,1:発行済,0:未承認,,0:しない,1:修正,,,,,,0051,国分,,,,,,,,,1:後加工,2026/08/26,1:通常,サンパック,,,0,,,,,0:1明細目,,,"カット,検反","3,500.00","3,450",4,1,100枚梱包,,50103,トーレペフ Y(工材),1:対象外,0,0.00,"1,500.00",,,,"58,845",0,"1,500.00",39.23,A1F40AAC1101KB6,551,ペフ,50103,トーレペフ Y(工材),,,999999,対象外,,,000001,2製品,02,社外加工,15040-AA00-1210X101KA BN0,,枚,0:自社,,,,一部,一部,,,,,190395H,,6713,河合 直樹,,,0:なし,0,0
00082084,原反,001,2026/07/30,2026/08/26,2026/08/26,2026/07/31,0:通常,0:通常,01,505101,国分後加工511,000051,国分後加工,049006,東ﾚ(株) 自材部,,,,,,,,,,,,,,,,,,,511101,国分工場01本倉庫,0015,末締,01,東レ本体,0:しない,,,,Y8-49,100,,,"132,705",0,0:未完,0:未完,0:通常,1:税抜,0,3:請求合計,1:金額,0:円未満,5:四捨五入,0:切り捨て,9:切り上げ,1:発行済,0:未承認,,0:しない,1:修正,,,,,,0051,国分,,,,,,,,,1:後加工,2026/08/26,1:通常,サンパック,,,0,,,,,0:1明細目,,,"カット,検反","3,500.00","3,450",4,1,100枚梱包,,50103,トーレペフ Y(工材),1:対象外,0,0.00,"3,450.00",SG,1041,単板カット機,0,0,0.00,0.00,B1F40AAC1150FB6,551,ペフ,55109,ﾍﾟﾌ　その他,,,,,,,000003,4原材料,02,社外加工,15040-AA00-1210X150FA BN0C,,m,0:自社,,,,,,,,,,,2026/08/17,6710,河合 直樹,,,,0,23
00082086,製品,001,2026/07/30,2026/08/10,2026/08/10,2026/07/31,0:通常,0:通常,01,505101,国分後加工511,000051,国分後加工,049006,東ﾚ(株) 自材部,,,,,,,,,,,,,,,,,,,511101,国分工場01本倉庫,0015,末締,01,東レ本体,0:しない,,,,Y8-65,100,,,"39,060",0,0:未完,0:未完,0:通常,1:税抜,0,3:請求合計,1:金額,0:円未満,5:四捨五入,0:切り捨て,9:切り上げ,1:発行済,0:未承認,,0:しない,1:修正,,,,,,0051,国分,,,,,,,,,1:後加工,2026/08/10,1:通常,光洋産業,,,0,,,,,0:1明細目,巻芯部1.5mは使用しないこと。,熱風温度上下：夏季360℃、冬季370℃,融着,186.00,800,1,1,,,50103,トーレペフ Y(工材),1:対象外,0,0.00,186.00,,,,"39,060",0,186.00,210.00,A1OA0DGA2210ZG3,551,ペフ,50103,トーレペフ Y(工材),,,999999,対象外,,,000001,2製品,02,社外加工,30100-DG20-1020X210ZA GA0U,,枚,0:自社,,,,済,済,2026/08/05,2026/08/05,2026/08/12,2026/08/12,190408F,,6713,河合 直樹,,,1:あり,2,0
00082086,原反,001,2026/07/30,2026/08/10,2026/08/10,2026/07/31,0:通常,0:通常,01,505101,国分後加工511,000051,国分後加工,049006,東ﾚ(株) 自材部,,,,,,,,,,,,,,,,,,,511101,国分工場01本倉庫,0015,末締,01,東レ本体,0:しない,,,,Y8-65,100,,,"39,060",0,0:未完,0:未完,0:通常,1:税抜,0,3:請求合計,1:金額,0:円未満,5:四捨五入,0:切り捨て,9:切り上げ,1:発行済,0:未承認,,0:しない,1:修正,,,,,,0051,国分,,,,,,,,,1:後加工,2026/08/10,1:通常,光洋産業,,,0,,,,,0:1明細目,巻芯部1.5mは使用しないこと。,熱風温度上下：夏季360℃、冬季370℃,融着,186.00,800,1,1,,,50103,トーレペフ Y(工材),1:対象外,0,0.00,800.00,SG,1121,融着機,0,0,0.00,0.00,B1O50AGA5200FG3,551,ペフ,50103,トーレペフ Y(工材),,,,,,,000003,4原材料,02,社外加工,30050-AG20-1050X200F-AGA0U,,m,0:自社,,,,,,,,,,,2026/08/04,6710,河合 直樹,,,,0,4
00082087,製品,001,2026/07/30,2026/08/10,2026/08/10,2026/07/31,0:通常,0:通常,01,505101,国分後加工511,000051,国分後加工,049006,東ﾚ(株) 自材部,,,,,,,,,,,,,,,,,,,511101,国分工場01本倉庫,0015,末締,01,東レ本体,0:しない,,,,Y8-67,100,,,"6,600",0,1:完了,1:完了,0:通常,1:税抜,0,3:請求合計,1:金額,0:円未満,5:四捨五入,0:切り捨て,9:切り上げ,1:発行済,0:未承認,,0:しない,1:修正,,,,,,0051,国分,,,,,,,,,1:後加工,2026/08/10,1:通常,芙蓉,,,0,,,,,0:1明細目,,,スライス,600.00,300,1,1,,,50103,トーレペフ Y(工材),1:対象外,0,0.00,600.00,,,,"6,600",0,600.00,11.00,A1O50BGA0100FN1,551,ペフ,50103,トーレペフ Y(工材),,,999999,対象外,,,000001,2製品,02,社外加工,30050-BG00-1000X100FA    C,,m,0:自社,,,,済,済,2026/08/07,2026/08/07,2026/08/12,2026/08/12,190409W,,6713,河合 直樹,,,0:なし,0,0
00082087,原反,001,2026/07/30,2026/08/10,2026/08/10,2026/07/31,0:通常,0:通常,01,505101,国分後加工511,000051,国分後加工,049006,東ﾚ(株) 自材部,,,,,,,,,,,,,,,,,,,511101,国分工場01本倉庫,0015,末締,01,東レ本体,0:しない,,,,Y8-67,100,,,"6,600",0,1:完了,1:完了,0:通常,1:税抜,0,3:請求合計,1:金額,0:円未満,5:四捨五入,0:切り捨て,9:切り上げ,1:発行済,0:未承認,,0:しない,1:修正,,,,,,0051,国分,,,,,,,,,1:後加工,2026/08/10,1:通常,芙蓉,,,0,,,,,0:1明細目,,,スライス,600.00,300,1,1,,,50103,トーレペフ Y(工材),1:対象外,0,0.00,300.00,SG,1022,スライス機3,0,0,0.00,0.00,B1OA0AGA0050FN1,551,ペフ,55109,ﾍﾟﾌ　その他,,,,,,,000001,2製品,02,社外加工,30100-AG00-1000X100FA    C,,m,0:自社,,,,,,,,,,,2026/08/06,6710,河合 直樹,,,,0,3
00082088,製品,001,2026/07/30,2026/08/10,2026/08/10,2026/07/31,0:通常,0:通常,01,505101,国分後加工511,000051,国分後加工,049006,東ﾚ(株) 自材部,,,,,,,,,,,,,,,,,,,511101,国分工場01本倉庫,0015,末締,01,東レ本体,0:しない,,,,Y8-68,100,,,"13,200",0,1:完了,1:完了,0:通常,1:税抜,0,3:請求合計,1:金額,0:円未満,5:四捨五入,0:切り捨て,9:切り上げ,1:発行済,0:未承認,,0:しない,1:修正,,,,,,0051,国分,,,,,,,,,1:後加工,2026/08/10,1:通常,中央物産,,,0,,,,,0:1明細目,,,スライス,"1,200.00",600,1,1,,,50103,トーレペフ Y(工材),1:対象外,0,0.00,"1,200.00",,,,"13,200",0,"1,200.00",11.00,A1O20BGA5200FG3,551,ペフ,50103,トーレペフ Y(工材),,,999999,対象外,,,000001,2製品,02,社外加工,30020-BG20-1050X200F-AGA0U,,m,0:自社,,,,済,済,2026/08/04,2026/08/04,2026/08/12,2026/08/12,190412G,,6713,河合 直樹,,,0:なし,0,0
00082088,原反,001,2026/07/30,2026/08/10,2026/08/10,2026/07/31,0:通常,0:通常,01,505101,国分後加工511,000051,国分後加工,049006,東ﾚ(株) 自材部,,,,,,,,,,,,,,,,,,,511101,国分工場01本倉庫,0015,末締,01,東レ本体,0:しない,,,,Y8-68,100,,,"13,200",0,1:完了,1:完了,0:通常,1:税抜,0,3:請求合計,1:金額,0:円未満,5:四捨五入,0:切り捨て,9:切り上げ,1:発行済,0:未承認,,0:しない,1:修正,,,,,,0051,国分,,,,,,,,,1:後加工,2026/08/10,1:通常,中央物産,,,0,,,,,0:1明細目,,,スライス,"1,200.00",600,1,1,,,50103,トーレペフ Y(工材),1:対象外,0,0.00,600.00,SG,1011,スライス機1,0,0,0.00,0.00,B1O40AGA5200FG3,551,ペフ,50106,トーレペフ T(工材),,,,,,,000003,4原材料,02,社外加工,30040-AG20-1050X200FA GA0U,,m,0:自社,,,,,,,,,,,2026/08/03,6710,河合 直樹,,,,0,3
00082089,製品,001,2026/07/30,2026/08/17,2026/08/17,2026/07/31,0:通常,0:通常,01,505101,国分後加工511,000051,国分後加工,049006,東ﾚ(株) 自材部,,,,,,,,,,,,,,,,,,,511101,国分工場01本倉庫,0015,末締,01,東レ本体,0:しない,,,,Y8-46,100,,,"6,272",0,0:未完,0:未完,0:通常,1:税抜,0,3:請求合計,1:金額,0:円未満,5:四捨五入,0:切り捨て,9:切り上げ,1:発行済,0:未承認,,0:しない,1:修正,,,,,,0051,国分,,,,,,,,,1:後加工,2026/08/17,1:通常,サンエイ,,,0,,,,,0:1明細目,,,カット,392.00,800,1,1,196枚+αで梱包お願いします,,50103,トーレペフ Y(工材),1:対象外,0,0.00,392.00,,,,"6,272",0,392.00,16.00,A1O80AGA0202ZN1,551,ペフ,50103,トーレペフ Y(工材),,,999999,対象外,,,000001,2製品,02,社外加工,30080-AG00-1000X202ZA ,,枚,0:自社,,,,済,済,2026/08/07,2026/08/07,2026/08/12,2026/08/12,190383A,,6713,河合 直樹,,,0:なし,0,0
00082089,原反,001,2026/07/30,2026/08/17,2026/08/17,2026/07/31,0:通常,0:通常,01,505101,国分後加工511,000051,国分後加工,049006,東ﾚ(株) 自材部,,,,,,,,,,,,,,,,,,,511101,国分工場01本倉庫,0015,末締,01,東レ本体,0:しない,,,,Y8-46,100,,,"6,272",0,0:未完,0:未完,0:通常,1:税抜,0,3:請求合計,1:金額,0:円未満,5:四捨五入,0:切り捨て,9:切り上げ,1:発行済,0:未承認,,0:しない,1:修正,,,,,,0051,国分,,,,,,,,,1:後加工,2026/08/17,1:通常,サンエイ,,,0,,,,,0:1明細目,,,カット,392.00,800,1,1,196枚+αで梱包お願いします,,50103,トーレペフ Y(工材),1:対象外,0,0.00,800.00,SG,1041,単板カット機,0,0,0.00,0.00,B1O80AGA0100FN1,551,ペフ,55109,ﾍﾟﾌ　その他,,,,,,,000001,2製品,02,社外加工,30080-AG00-1000X100FA C,,m,0:自社,,,,,,,,,,,2026/08/05,6710,河合 直樹,,,,0,8
00082090,製品,001,2026/07/30,2026/08/17,2026/08/17,2026/07/31,0:通常,0:通常,01,505101,国分後加工511,000051,国分後加工,049006,東ﾚ(株) 自材部,,,,,,,,,,,,,,,,,,,511101,国分工場01本倉庫,0015,末締,01,東レ本体,0:しない,,,,Y8-50,100,,,"19,392",0,0:未完,0:未完,0:通常,1:税抜,0,3:請求合計,1:金額,0:円未満,5:四捨五入,0:切り捨て,9:切り上げ,1:発行済,0:未承認,,0:しない,1:修正,,,,,,0051,国分,,,,,,,,,1:後加工,2026/08/17,1:通常,フロンティア,,,0,,,,,0:1明細目,,熱風温度上下：夏季310℃、冬季320℃,融着,101.00,400,1,1,,,50103,トーレペフ Y(工材),1:対象外,0,0.00,101.00,,,,"19,392",0,101.00,192.00,A1OCBDGA0192ZB4,551,ペフ,50103,トーレペフ Y(工材),,,999999,対象外,,,000001,2製品,02,社外加工,30120-DG00- 970X192ZA BK0,,枚,0:自社,,,,済,済,2026/08/06,2026/08/06,2026/08/12,2026/08/12,190396Z,,6713,河合 直樹,,,1:あり,2,0
00082090,原反,001,2026/07/30,2026/08/17,2026/08/17,2026/07/31,0:通常,0:通常,01,505101,国分後加工511,000051,国分後加工,049006,東ﾚ(株) 自材部,,,,,,,,,,,,,,,,,,,511101,国分工場01本倉庫,0015,末締,01,東レ本体,0:しない,,,,Y8-50,100,,,"19,392",0,0:未完,0:未完,0:通常,1:税抜,0,3:請求合計,1:金額,0:円未満,5:四捨五入,0:切り捨て,9:切り上げ,1:発行済,0:未承認,,0:しない,1:修正,,,,,,0051,国分,,,,,,,,,1:後加工,2026/08/17,1:通常,フロンティア,,,0,,,,,0:1明細目,,熱風温度上下：夏季310℃、冬季320℃,融着,101.00,400,1,1,,,50103,トーレペフ Y(工材),1:対象外,0,0.00,400.00,SG,1121,融着機,0,0,0.00,0.00,B1O60AGA3200FB4,551,ペフ,55109,ﾍﾟﾌ　その他,,,,,,,000001,2製品,02,社外加工,30060-AG00-1000X200F-ABK0C,,m,0:自社,,,,,,,,,,,2026/08/05,6710,河合 直樹,,,,0,2
00082091,製品,001,2026/07/30,2026/08/17,2026/08/17,2026/07/31,0:通常,0:通常,01,505101,国分後加工511,000051,国分後加工,049006,東ﾚ(株) 自材部,,,,,,,,,,,,,,,,,,,511101,国分工場01本倉庫,0015,末締,01,東レ本体,0:しない,,,,Y8-52,100,,,"19,200",0,0:未完,0:未完,0:通常,1:税抜,0,3:請求合計,1:金額,0:円未満,5:四捨五入,0:切り捨て,9:切り上げ,1:発行済,0:未承認,,0:しない,1:修正,,,,,,0051,国分,,,,,,,,,1:後加工,2026/08/17,1:通常,サンエイ,,,0,,,,,0:1明細目,カール注意,熱風温度設定：夏季上310℃下330℃、冬季：上320℃下340℃,融着,96.00,400,1,2,,,50103,トーレペフ Y(工材),1:対象外,0,0.00,96.00,,,,"19,200",0,96.00,200.00,A1OFBDG98200ZB4,551,ペフ,50103,トーレペフ Y(工材),,,999999,対象外,,,000001,2製品,02,社外加工,30150-DG00- 980X200ZA ,,枚,0:自社,,,,済,済,2026/08/05,2026/08/05,2026/08/12,2026/08/12,190398P,,6713,河合 直樹,,,0:なし,2,0
00082091,原反,001,2026/07/30,2026/08/17,2026/08/17,2026/07/31,0:通常,0:通常,01,505101,国分後加工511,000051,国分後加工,049006,東ﾚ(株) 自材部,,,,,,,,,,,,,,,,,,,511101,国分工場01本倉庫,0015,末締,01,東レ本体,0:しない,,,,Y8-52,100,,,"19,200",0,0:未完,0:未完,0:通常,1:税抜,0,3:請求合計,1:金額,0:円未満,5:四捨五入,0:切り捨て,9:切り上げ,1:発行済,0:未承認,,0:しない,1:修正,,,,,,0051,国分,,,,,,,,,1:後加工,2026/08/17,1:通常,サンエイ,,,0,,,,,0:1明細目,カール注意,熱風温度設定：夏季上310℃下330℃、冬季：上320℃下340℃,融着,96.00,400,1,2,,,50103,トーレペフ Y(工材),1:対象外,0,0.00,200.00,SG,1121,融着機,0,0,0.00,0.00,B1OA0AGA0100FB4,551,ペフ,55109,ﾍﾟﾌ　その他,,,,,,,000001,2製品,02,社外加工,30100-AG00-1000X100FA    C,,m,0:自社,,,,,,,,,,,2026/08/05,6710,河合 直樹,,,,0,2
00082091,原反,002,2026/07/30,2026/08/17,2026/08/17,2026/07/31,0:通常,0:通常,01,505101,国分後加工511,000051,国分後加工,049006,東ﾚ(株) 自材部,,,,,,,,,,,,,,,,,,,511101,国分工場01本倉庫,0015,末締,01,東レ本体,0:しない,,,,Y8-52,100,,,"19,200",0,0:未完,0:未完,0:通常,1:税抜,0,3:請求合計,1:金額,0:円未満,5:四捨五入,0:切り捨て,9:切り上げ,1:発行済,0:未承認,,0:しない,1:修正,,,,,,0051,国分,,,,,,,,,1:後加工,2026/08/17,1:通常,サンエイ,,,0,,,,,0:1明細目,カール注意,熱風温度設定：夏季上310℃下330℃、冬季：上320℃下340℃,融着,96.00,400,1,2,,,50103,トーレペフ Y(工材),1:対象外,0,0.00,200.00,SG,1121,融着機,0,0,0.00,0.00,B1O50AGA3200FB4,551,ペフ,55109,ﾍﾟﾌ　その他,,,,,,,000001,2製品,02,社外加工,30050-AG00-1000X200FA    C,,m,0:自社,,,,,,,,,,,2026/08/05,6710,河合 直樹,,,,0,1
00082092,製品,001,2026/07/30,2026/08/17,2026/08/17,2026/07/31,0:通常,0:通常,01,505101,国分後加工511,000051,国分後加工,049006,東ﾚ(株) 自材部,,,,,,,,,,,,,,,,,,,511101,国分工場01本倉庫,0015,末締,01,東レ本体,0:しない,,,,Y8-53,100,,,"57,984",0,1:完了,1:完了,0:通常,1:税抜,0,3:請求合計,1:金額,0:円未満,5:四捨五入,0:切り捨て,9:切り上げ,1:発行済,0:未承認,,0:しない,1:修正,,,,,,0051,国分,,,,,,,,,1:後加工,2026/08/17,1:通常,ドラーフタイト工場,,,0,,,,,0:1明細目,,熱風温度上下：夏季330℃、冬季340℃,融着,384.00,"1,200",1,1,23枚梱包,,50103,トーレペフ Y(工材),1:対象外,0,0.00,384.00,,,,"57,984",0,384.00,151.00,A1OK0DGA0151ZB4,551,ペフ,50103,トーレペフ Y(工材),,,999999,対象外,,,000001,2製品,02,社外加工,30200-DG00-1000X151ZA BK0,,枚,0:自社,,,,済,済,2026/08/05,2026/08/05,2026/08/12,2026/08/12,190400Z,,6713,河合 直樹,,,1:あり,2,0
00082092,原反,001,2026/07/30,2026/08/17,2026/08/17,2026/07/31,0:通常,0:通常,01,505101,国分後加工511,000051,国分後加工,049006,東ﾚ(株) 自材部,,,,,,,,,,,,,,,,,,,511101,国分工場01本倉庫,0015,末締,01,東レ本体,0:しない,,,,Y8-53,100,,,"57,984",0,1:完了,1:完了,0:通常,1:税抜,0,3:請求合計,1:金額,0:円未満,5:四捨五入,0:切り捨て,9:切り上げ,1:発行済,0:未承認,,0:しない,1:修正,,,,,,0051,国分,,,,,,,,,1:後加工,2026/08/17,1:通常,ドラーフタイト工場,,,0,,,,,0:1明細目,,熱風温度上下：夏季330℃、冬季340℃,融着,384.00,"1,200",1,1,23枚梱包,,50103,トーレペフ Y(工材),1:対象外,0,0.00,"1,200.00",SG,1121,融着機,0,0,0.00,0.00,B1OA0AGA5100FBD,551,ペフ,55109,ﾍﾟﾌ　その他,,,,,,,000001,2製品,02,社外加工,30100-AG00-1050X100FA BK0M,,m,0:自社,,,,,,,,,,,2026/08/05,6710,河合 直樹,,,,0,12
00082093,製品,001,2026/07/30,2026/08/17,2026/08/17,2026/07/31,0:通常,0:通常,01,505101,国分後加工511,000051,国分後加工,049006,東ﾚ(株) 自材部,,,,,,,,,,,,,,,,,,,511101,国分工場01本倉庫,0015,末締,01,東レ本体,0:しない,,,,Y8-54,100,,,"29,700",0,0:未完,0:未完,0:通常,1:税抜,0,3:請求合計,1:金額,0:円未満,5:四捨五入,0:切り捨て,9:切り上げ,1:発行済,0:未承認,,0:しない,1:修正,,,,,,0051,国分,,,,,,,,,1:後加工,2026/08/17,1:通常,五輪パッキング,,,0,,,,,0:1明細目,,,スライス,"1,800.00",450,2,1,,,50103,トーレペフ Y(工材),1:対象外,0,0.00,900.00,,,,"14,850",0,900.00,16.50,A1F10BAA0150FN1,551,ペフ,50103,トーレペフ Y(工材),,,999999,対象外,,,000001,2製品,02,社外加工,15010-BA00-1000x150FA C,原反15040/4枚割り,m,0:自社,,,,済,済,2026/08/10,2026/08/10,,,190913Z,,6713,河合 直樹,,,0:なし,0,0
00082093,製品,002,2026/07/30,2026/08/17,2026/08/17,2026/07/31,0:通常,0:通常,01,505101,国分後加工511,000051,国分後加工,049006,東ﾚ(株) 自材部,,,,,,,,,,,,,,,,,,,511101,国分工場01本倉庫,0015,末締,01,東レ本体,0:しない,,,,Y8-54,100,,,"29,700",0,0:未完,0:未完,0:通常,1:税抜,0,3:請求合計,1:金額,0:円未満,5:四捨五入,0:切り捨て,9:切り上げ,1:発行済,0:未承認,,0:しない,1:修正,,,,,,0051,国分,,,,,,,,,1:後加工,2026/08/17,1:通常,五輪パッキング,,,0,,,,,0:1明細目,,,スライス,"1,800.00",450,2,1,,,50103,トーレペフ Y(工材),1:対象外,0,0.00,900.00,,,,"14,850",0,900.00,16.50,A1F10CAA0150FN1,551,ペフ,50103,トーレペフ Y(工材),,,999999,対象外,,,000001,2製品,02,社外加工,15010-CA00-1000X150FA    C,原反15040/4枚割り,m,0:自社,,,,済,済,2026/08/10,2026/08/10,,,190914T,,6713,河合 直樹,,,0:なし,0,0
00082093,原反,001,2026/07/30,2026/08/17,2026/08/17,2026/07/31,0:通常,0:通常,01,505101,国分後加工511,000051,国分後加工,049006,東ﾚ(株) 自材部,,,,,,,,,,,,,,,,,,,511101,国分工場01本倉庫,0015,末締,01,東レ本体,0:しない,,,,Y8-54,100,,,"29,700",0,0:未完,0:未完,0:通常,1:税抜,0,3:請求合計,1:金額,0:円未満,5:四捨五入,0:切り捨て,9:切り上げ,1:発行済,0:未承認,,0:しない,1:修正,,,,,,0051,国分,,,,,,,,,1:後加工,2026/08/17,1:通常,五輪パッキング,,,0,,,,,0:1明細目,,,スライス,"1,800.00",450,2,1,,,50103,トーレペフ Y(工材),1:対象外,0,0.00,450.00,SG,1022,スライス機3,0,0,0.00,0.00,B1F40AAA0075FNA,551,ペフ,55109,ﾍﾟﾌ　その他,,,,,,,000003,4原材料,02,社外加工,15040-AA00-1000X150FA    C,,m,0:自社,,,,,,,,,,,2026/08/07,6710,河合 直樹,,,,0,3
00082094,製品,001,2026/07/30,2026/08/20,2026/08/20,2026/07/31,0:通常,0:通常,01,505101,国分後加工511,000051,国分後加工,049006,東ﾚ(株) 自材部,,,,,,,,,,,,,,,,,,,511101,国分工場01本倉庫,,,01,東レ本体,0:しない,,,,Y8-55,100,,,"25,800",0,1:完了,0:未完,0:通常,1:税抜,0,3:請求合計,1:金額,0:円未満,5:四捨五入,0:切り捨て,9:切り上げ,1:発行済,0:未承認,,0:しない,1:修正,,,,,,0051,国分,,,,,,,,,1:後加工,2026/08/20,1:通常,ゴトープラスチック,,,0,,,,,0:1明細目,,接続点は欠点に含まない,"スリット,欠点表示","1,200.00",600,1,1,スリットした製品両方にラベル貼付,,50103,トーレペフ Y(工材),1:対象外,0,0.00,"1,200.00",,,,"25,800",0,"1,200.00",21.50,A1O30APB4200FN1,551,ペフ,50101,トーレペフ W(自材),,,999999,対象外,,,000001,2製品,02,社外加工,30030-AP66- 550X300FA BK0M,,m,0:自社,,,,済,一部,2026/08/17,2026/08/17,,,190401T,,6783,河合 直樹,,,0:なし,0,0
00082094,原反,001,2026/07/30,2026/08/20,2026/08/20,2026/07/31,0:通常,0:通常,01,505101,国分後加工511,000051,国分後加工,049006,東ﾚ(株) 自材部,,,,,,,,,,,,,,,,,,,511101,国分工場01本倉庫,,,01,東レ本体,0:しない,,,,Y8-55,100,,,"25,800",0,1:完了,0:未完,0:通常,1:税抜,0,3:請求合計,1:金額,0:円未満,5:四捨五入,0:切り捨て,9:切り上げ,1:発行済,0:未承認,,0:しない,1:修正,,,,,,0051,国分,,,,,,,,,1:後加工,2026/08/20,1:通常,ゴトープラスチック,,,0,,,,,0:1明細目,,接続点は欠点に含まない,"スリット,欠点表示","1,200.00",600,1,1,スリットした製品両方にラベル貼付,,50103,トーレペフ Y(工材),1:対象外,0,0.00,600.00,SG,1043,スリット機2,0,0,0.00,0.00,B1O30APD0200FN1,551,ペフ,55109,ﾍﾟﾌ　その他,,,,,,,000001,2製品,02,社外加工,30030-AP66-1110X300FA BK0M,,m,0:自社,,,,,,,,,,,2026/08/17,6780,河合 直樹,,,,0,2
00082095,製品,001,2026/07/30,2026/08/19,2026/08/19,2026/07/31,0:通常,0:通常,01,505101,国分後加工511,000051,国分後加工,049006,東ﾚ(株) 自材部,,,,,,,,,,,,,,,,,,,511101,国分工場01本倉庫,0015,末締,01,東レ本体,0:しない,,,,Y8-57,100,,,"8,800",0,0:未完,0:未完,0:通常,1:税抜,0,3:請求合計,1:金額,0:円未満,5:四捨五入,0:切り捨て,9:切り上げ,1:発行済,0:未承認,,0:しない,1:修正,,,,,,0051,国分,,,,,,,,,1:後加工,2026/08/19,1:通常,丸信小山,,,0,,,,,0:1明細目,,,スライス,800.00,400,1,1,,,50103,トーレペフ Y(工材),1:対象外,0,0.00,800.00,,,,"8,800",0,800.00,11.00,A1O20BGA5200FN1,551,ペフ,50103,トーレペフ Y(工材),,,999999,対象外,,,000001,2製品,02,社外加工,30020-BG00-1050x200FA C,,m,0:自社,,,,済,,,,,,190402P,,6713,河合 直樹,,,0:なし,0,0
00082095,原反,001,2026/07/30,2026/08/19,2026/08/19,2026/07/31,0:通常,0:通常,01,505101,国分後加工511,000051,国分後加工,049006,東ﾚ(株) 自材部,,,,,,,,,,,,,,,,,,,511101,国分工場01本倉庫,0015,末締,01,東レ本体,0:しない,,,,Y8-57,100,,,"8,800",0,0:未完,0:未完,0:通常,1:税抜,0,3:請求合計,1:金額,0:円未満,5:四捨五入,0:切り捨て,9:切り上げ,1:発行済,0:未承認,,0:しない,1:修正,,,,,,0051,国分,,,,,,,,,1:後加工,2026/08/19,1:通常,丸信小山,,,0,,,,,0:1明細目,,,スライス,800.00,400,1,1,,,50103,トーレペフ Y(工材),1:対象外,0,0.00,400.00,SG,1011,スライス機1,0,0,0.00,0.00,B1O40AGA5200FN1,551,ペフ,55109,ﾍﾟﾌ　その他,,,,,,,000001,2製品,02,社外加工,30040-AG00-1050X200FA    C,,m,0:自社,,,,,,,,,,,2026/08/17,6710,河合 直樹,,,,0,2
00082096,製品,001,2026/07/30,2026/08/17,2026/08/17,2026/07/31,0:通常,0:通常,01,505101,国分後加工511,000051,国分後加工,049006,東ﾚ(株) 自材部,,,,,,,,,,,,,,,,,,,511101,国分工場01本倉庫,0015,末締,01,東レ本体,0:しない,,,,Y8-58,100,,,"1,600",0,1:完了,1:完了,0:通常,1:税抜,0,3:請求合計,1:金額,0:円未満,5:四捨五入,0:切り捨て,9:切り上げ,1:発行済,0:未承認,,0:しない,1:修正,,,,,,0051,国分,,,,,,,,,1:後加工,2026/08/17,1:通常,サンエイ,,,0,,,,,0:1明細目,,ｶｯﾄ長さｾｯﾄ値（目安）2030mm,カット,100.00,200,1,1,,,50103,トーレペフ Y(工材),1:対象外,0,0.00,100.00,,,,"1,600",0,100.00,16.00,A1OA0AGA0200ZB4,551,ペフ,50103,トーレペフ Y(工材),,,999999,対象外,,,000001,2製品,02,社外加工,30100-AG00-1000X200ZA ,,枚,0:自社,,,,済,済,2026/08/06,2026/08/06,2026/08/12,2026/08/12,190403J,,6713,河合 直樹,,,0:なし,0,0
00082096,原反,001,2026/07/30,2026/08/17,2026/08/17,2026/07/31,0:通常,0:通常,01,505101,国分後加工511,000051,国分後加工,049006,東ﾚ(株) 自材部,,,,,,,,,,,,,,,,,,,511101,国分工場01本倉庫,0015,末締,01,東レ本体,0:しない,,,,Y8-58,100,,,"1,600",0,1:完了,1:完了,0:通常,1:税抜,0,3:請求合計,1:金額,0:円未満,5:四捨五入,0:切り捨て,9:切り上げ,1:発行済,0:未承認,,0:しない,1:修正,,,,,,0051,国分,,,,,,,,,1:後加工,2026/08/17,1:通常,サンエイ,,,0,,,,,0:1明細目,,ｶｯﾄ長さｾｯﾄ値（目安）2030mm,カット,100.00,200,1,1,,,50103,トーレペフ Y(工材),1:対象外,0,0.00,200.00,SG,1041,単板カット機,0,0,0.00,0.00,B1OA0AGA0100FBP,551,ペフ,55109,ﾍﾟﾌ　その他,,,,,,,000003,4原材料,02,社外加工,30100-AG00-1000X100FA    C,,m,0:自社,,,,,,,,,,,2026/08/05,6710,河合 直樹,,,,0,2
00082097,製品,001,2026/07/30,2026/08/17,2026/08/17,2026/07/31,0:通常,0:通常,01,505101,国分後加工511,000051,国分後加工,049006,東ﾚ(株) 自材部,,,,,,,,,,,,,,,,,,,511101,国分工場01本倉庫,,,01,東レ本体,0:しない,,,,Y8-59,100,,,"3,360",0,1:完了,1:完了,0:通常,1:税抜,0,3:請求合計,1:金額,0:円未満,5:四捨五入,0:切り捨て,9:切り上げ,1:発行済,0:未承認,,0:しない,1:修正,,,,,,0051,国分,,,,,,,,,1:後加工,2026/08/17,1:通常,サンエイ,,,0,,,,,0:1明細目,,,カット,210.00,400,1,1,,,50103,トーレペフ Y(工材),1:対象外,0,0.00,210.00,,,,"3,360",0,210.00,16.00,A1O50AGA0190ZN1,551,ペフ,50103,トーレペフ Y(工材),,,999999,対象外,,,000001,2製品,02,社外加工,30050-AG00-1000x190ZA,,枚,0:自社,,,,済,済,2026/08/07,2026/08/07,2026/08/12,2026/08/12,190404A,,6713,河合 直樹,,,0:なし,0,0
00082097,原反,001,2026/07/30,2026/08/17,2026/08/17,2026/07/31,0:通常,0:通常,01,505101,国分後加工511,000051,国分後加工,049006,東ﾚ(株) 自材部,,,,,,,,,,,,,,,,,,,511101,国分工場01本倉庫,,,01,東レ本体,0:しない,,,,Y8-59,100,,,"3,360",0,1:完了,1:完了,0:通常,1:税抜,0,3:請求合計,1:金額,0:円未満,5:四捨五入,0:切り捨て,9:切り上げ,1:発行済,0:未承認,,0:しない,1:修正,,,,,,0051,国分,,,,,,,,,1:後加工,2026/08/17,1:通常,サンエイ,,,0,,,,,0:1明細目,,,カット,210.00,400,1,1,,,50103,トーレペフ Y(工材),1:対象外,0,0.00,400.00,SG,1041,単板カット機,0,0,0.00,0.00,B1O50AGA0200FN1,551,ペフ,55109,ﾍﾟﾌ　その他,,,,,,,000003,4原材料,02,社外加工,30050-AG00-1000x200FA C,,m,0:自社,,,,,,,,,,,2026/08/06,6710,河合 直樹,,,,0,2
00082098,製品,001,2026/07/30,2026/08/17,2026/08/17,2026/07/31,0:通常,0:通常,01,505101,国分後加工511,000051,国分後加工,049006,東ﾚ(株) 自材部,,,,,,,,,,,,,,,,,,,511101,国分工場01本倉庫,,,01,東レ本体,0:しない,,,,Y8-60,100,,,"1,728",0,1:完了,1:完了,0:通常,1:税抜,0,3:請求合計,1:金額,0:円未満,5:四捨五入,0:切り捨て,9:切り上げ,1:発行済,0:未承認,,0:しない,1:修正,,,,,,0051,国分,,,,,,,,,1:後加工,2026/08/17,1:通常,サンエイ,,,0,,,,,0:1明細目,,,カット,108.00,200,1,1,,,50103,トーレペフ Y(工材),1:対象外,0,0.00,108.00,,,,"1,728",0,108.00,16.00,A1O40AGA0185ZN1,551,ペフ,50103,トーレペフ Y(工材),,,999999,対象外,,,000001,2製品,02,社外加工,30040-AG00-1000x185ZA,,枚,0:自社,,,,済,済,2026/08/07,2026/08/07,2026/08/12,2026/08/12,190406B,,6713,河合 直樹,,,0:なし,0,0
00082098,原反,001,2026/07/30,2026/08/17,2026/08/17,2026/07/31,0:通常,0:通常,01,505101,国分後加工511,000051,国分後加工,049006,東ﾚ(株) 自材部,,,,,,,,,,,,,,,,,,,511101,国分工場01本倉庫,,,01,東レ本体,0:しない,,,,Y8-60,100,,,"1,728",0,1:完了,1:完了,0:通常,1:税抜,0,3:請求合計,1:金額,0:円未満,5:四捨五入,0:切り捨て,9:切り上げ,1:発行済,0:未承認,,0:しない,1:修正,,,,,,0051,国分,,,,,,,,,1:後加工,2026/08/17,1:通常,サンエイ,,,0,,,,,0:1明細目,,,カット,108.00,200,1,1,,,50103,トーレペフ Y(工材),1:対象外,0,0.00,200.00,SG,1041,単板カット機,0,0,0.00,0.00,B1O40AGA0200FN1,551,ペフ,55109,ﾍﾟﾌ　その他,,,,,,,000001,2製品,02,社外加工,30040-AG00-1000x200FA C,,m,0:自社,,,,,,,,,,,2026/08/06,6710,河合 直樹,,,,0,1
00082100,製品,001,2026/07/30,2026/08/19,2026/08/19,2026/07/31,0:通常,0:通常,01,505101,国分後加工511,000051,国分後加工,049052,東ﾚﾍﾟﾌ加工品(株) 国分・湖南,,,,,,,,,,,,,,,,,,,511101,国分工場01本倉庫,,,02,東レグループ,0:しない,,,,TPI8-1,100,,,"40,692",0,1:完了,0:未完,0:通常,1:税抜,0,3:請求合計,1:金額,0:円未満,5:四捨五入,9:切り上げ,5:四捨五入,1:発行済,0:未承認,,0:しない,1:修正,,,,,,0011,山田運送(EDI),,,,,,,,,2:自社,2026/08/19,1:通常,TPI,,,0,,,,,0:1明細目,2m品は2.08ｍカット,熱風温度：夏季上360℃下310℃、冬季上370℃下320℃　融着ﾛｰﾙ間隙:厚みムラがある為投入原反の厚み測定後に決める。ﾄﾘﾐﾝｸﾞ幅は粘着原反に印があるのでそれに合わせる。ｽﾞﾚ、ｼﾜ、反りが発生しやすいので注意｡夏期温度上370℃だと4㎜が融けてﾄﾘﾐﾝｸﾞ面汚くなるので速度調整が必要。,"融着,バーチカル",190.00,"1,200",1,3,,,50200,ＴＰＩ,1:対象外,0,0.00,190.00,,,,"40,692",0,190.00,214.17,A5ODBXN92200ZN1,551,ペフ,50200,ＴＰＩ,,,999999,対象外,,,000001,2製品,02,社外加工,省ｴﾈｼｰﾄ X131N-920X200Z-A,,枚,0:自社,,,,済,済,2026/08/19,2026/08/19,,,,,TPI ,河合 直樹,,,1:あり,2,0
00082100,原反,001,2026/07/30,2026/08/19,2026/08/19,2026/07/31,0:通常,0:通常,01,505101,国分後加工511,000051,国分後加工,049052,東ﾚﾍﾟﾌ加工品(株) 国分・湖南,,,,,,,,,,,,,,,,,,,511101,国分工場01本倉庫,,,02,東レグループ,0:しない,,,,TPI8-1,100,,,"40,692",0,1:完了,0:未完,0:通常,1:税抜,0,3:請求合計,1:金額,0:円未満,5:四捨五入,9:切り上げ,5:四捨五入,1:発行済,0:未承認,,0:しない,1:修正,,,,,,0011,山田運送(EDI),,,,,,,,,2:自社,2026/08/19,1:通常,TPI,,,0,,,,,0:1明細目,2m品は2.08ｍカット,熱風温度：夏季上360℃下310℃、冬季上370℃下320℃　融着ﾛｰﾙ間隙:厚みムラがある為投入原反の厚み測定後に決める。ﾄﾘﾐﾝｸﾞ幅は粘着原反に印があるのでそれに合わせる。ｽﾞﾚ、ｼﾜ、反りが発生しやすいので注意｡夏期温度上370℃だと4㎜が融けてﾄﾘﾐﾝｸﾞ面汚くなるので速度調整が必要。,"融着,バーチカル",190.00,"1,200",1,3,,,50200,ＴＰＩ,1:対象外,0,0.00,400.00,KN,1121,融着機,0,0,0.00,0.00,B3O40AYA0100FEL,551,ペフ,55109,ﾍﾟﾌ　その他,,,,,,,000001,2製品,02,社外加工,FEL3004AY-1000x100,,M,0:自社,,,,,,,,,,,2026/08/06,7A1 ,河合 直樹,,,,0,4
00082100,原反,002,2026/07/30,2026/08/19,2026/08/19,2026/07/31,0:通常,0:通常,01,505101,国分後加工511,000051,国分後加工,049052,東ﾚﾍﾟﾌ加工品(株) 国分・湖南,,,,,,,,,,,,,,,,,,,511101,国分工場01本倉庫,,,02,東レグループ,0:しない,,,,TPI8-1,100,,,"40,692",0,1:完了,0:未完,0:通常,1:税抜,0,3:請求合計,1:金額,0:円未満,5:四捨五入,9:切り上げ,5:四捨五入,1:発行済,0:未承認,,0:しない,1:修正,,,,,,0011,山田運送(EDI),,,,,,,,,2:自社,2026/08/19,1:通常,TPI,,,0,,,,,0:1明細目,2m品は2.08ｍカット,熱風温度：夏季上360℃下310℃、冬季上370℃下320℃　融着ﾛｰﾙ間隙:厚みムラがある為投入原反の厚み測定後に決める。ﾄﾘﾐﾝｸﾞ幅は粘着原反に印があるのでそれに合わせる。ｽﾞﾚ、ｼﾜ、反りが発生しやすいので注意｡夏期温度上370℃だと4㎜が融けてﾄﾘﾐﾝｸﾞ面汚くなるので速度調整が必要。,"融着,バーチカル",190.00,"1,200",1,3,,,50200,ＴＰＩ,1:対象外,0,0.00,400.00,KN,1121,融着機,0,0,0.00,0.00,B1O40AGA0200FN1,551,ペフ,55109,ﾍﾟﾌ　その他,,,,,,,000001,2製品,02,社外加工,30040-AG00-1000x200FA C,,m,0:自社,,,,,,,,,,,2026/08/06,6710,河合 直樹,,,,0,2
00082100,原反,003,2026/07/30,2026/08/19,2026/08/19,2026/07/31,0:通常,0:通常,01,505101,国分後加工511,000051,国分後加工,049052,東ﾚﾍﾟﾌ加工品(株) 国分・湖南,,,,,,,,,,,,,,,,,,,511101,国分工場01本倉庫,,,02,東レグループ,0:しない,,,,TPI8-1,100,,,"40,692",0,1:完了,0:未完,0:通常,1:税抜,0,3:請求合計,1:金額,0:円未満,5:四捨五入,9:切り上げ,5:四捨五入,1:発行済,0:未承認,,0:しない,1:修正,,,,,,0011,山田運送(EDI),,,,,,,,,2:自社,2026/08/19,1:通常,TPI,,,0,,,,,0:1明細目,2m品は2.08ｍカット,熱風温度：夏季上360℃下310℃、冬季上370℃下320℃　融着ﾛｰﾙ間隙:厚みムラがある為投入原反の厚み測定後に決める。ﾄﾘﾐﾝｸﾞ幅は粘着原反に印があるのでそれに合わせる。ｽﾞﾚ、ｼﾜ、反りが発生しやすいので注意｡夏期温度上370℃だと4㎜が融けてﾄﾘﾐﾝｸﾞ面汚くなるので速度調整が必要。,"融着,バーチカル",190.00,"1,200",1,3,,,50200,ＴＰＩ,1:対象外,0,0.00,400.00,KN,1121,融着機,0,0,0.00,0.00,B3O50JVA01007C1,551,ペフ,55109,ﾍﾟﾌ　その他,,,,,,,000001,2製品,02,社外加工,30050-JV90-1000x100粘着付き,,m,0:自社,,,,,,,,,,,2026/08/06,7C1 ,河合 直樹,,,,0,4
00082111,製品,001,2026/07/31,2026/08/03,2026/08/03,2026/07/31,0:通常,0:通常,01,102301,営業23,000504,小山 修司,900001,加工依頼書(ｽﾀｸﾘｱ_ﾗﾌﾟﾗｽ),加工依頼書(ｽﾀｸﾘｱ_ﾗﾌﾟﾗｽ),,,,,,,,,,,,,,,,,,320301,大石工場01本倉庫,0007,随 出荷日＝売上計上,03,その他,1:する,2:様,,,,100,,,0,0,1:完了,0:未完,0:通常,1:税抜,0,1:伝票明細,1:金額,0:円未満,0:切り捨て,0:切り捨て,0:切り捨て,1:発行済,0:未承認,,0:しない,0:新規,,,,,,,,,,原反:ｽﾀｸﾘｱ-NAS⑨ 23S-K09【Lot.23A9】　※作業前装置清掃、ｸﾘｰﾝ手袋装着,加工:ｽﾘｯﾄ297mm巾X17m採取(両端ﾄﾘﾐﾝｸﾞ中央導電ｺｰﾄ部で3丁取、巻取ｺｱ:3ｲﾝﾁ紙管),→次工程ﾊﾝﾄﾞｶｯﾄへ,,,,2:自社,,1:通常,,,,0,,,,,0:1明細目,,0,ﾌｨﾙﾑｽﾘｯﾄ,51.00,"1,030",1,1,,,23101,ｽﾀｸﾘ　帯電防止,1:対象外,0,0.00,51.00,,,,0,0,51.00,0.00,F23AZ-Y01-roll,231,スタクリア,23109,ｽﾀｸﾘ　その他,,,,,,,000001,2製品,01,社外製品,ｽﾀｸﾘｱ-NAS105#188DS,297mm巾x17m *3本,m,0:自社,,,,済,済,2026/08/03,2026/08/03,,,,,1   ,小山 修司,,,0:なし,0,0
00082111,原反,001,2026/07/31,2026/08/03,2026/08/03,2026/07/31,0:通常,0:通常,01,102301,営業23,000504,小山 修司,900001,加工依頼書(ｽﾀｸﾘｱ_ﾗﾌﾟﾗｽ),加工依頼書(ｽﾀｸﾘｱ_ﾗﾌﾟﾗｽ),,,,,,,,,,,,,,,,,,320301,大石工場01本倉庫,0007,随 出荷日＝売上計上,03,その他,1:する,2:様,,,,100,,,0,0,1:完了,0:未完,0:通常,1:税抜,0,1:伝票明細,1:金額,0:円未満,0:切り捨て,0:切り捨て,0:切り捨て,1:発行済,0:未承認,,0:しない,0:新規,,,,,,,,,,原反:ｽﾀｸﾘｱ-NAS⑨ 23S-K09【Lot.23A9】　※作業前装置清掃、ｸﾘｰﾝ手袋装着,加工:ｽﾘｯﾄ297mm巾X17m採取(両端ﾄﾘﾐﾝｸﾞ中央導電ｺｰﾄ部で3丁取、巻取ｺｱ:3ｲﾝﾁ紙管),→次工程ﾊﾝﾄﾞｶｯﾄへ,,,,2:自社,,1:通常,,,,0,,,,,0:1明細目,,0,ﾌｨﾙﾑｽﾘｯﾄ,51.00,"1,030",1,1,,,23101,ｽﾀｸﾘ　帯電防止,1:対象外,0,0.00,"1,030.00",,,,0,0,0.00,0.00,F23PS-K09-23A9,231,スタクリア,23109,ｽﾀｸﾘ　その他,,,,,,,000001,2製品,01,社外製品,ｽﾀｸﾘｱ-NAS105#188DS,188µm/1120mm(有効1100mm),ｍ,0:自社,,,,,,,,,,,2026/07/31,1   ,小山 修司,,,,0,1
00082113,製品,001,2026/07/31,2026/08/19,2026/08/17,2026/07/31,0:通常,0:通常,01,102301,営業23,000504,小山 修司,090004,(株)ﾗﾌﾟﾗｽ 仙台東営業所,,,,,,,,,096001,セレスティカ・ジャパン株式会社,セレスティカ・ジャパン株式会社,　宮城サイト・物流,981-3681,宮城県黒川郡大和町吉岡字雷神2,,,022-325-1151,,320301,大石工場01本倉庫,0011,15締,03,その他,0:しない,,1:する,2:様,,100,上野様ご依頼分,,"63,000",0,1:完了,0:未完,0:通常,1:税抜,0,3:請求合計,1:金額,0:円未満,5:四捨五入,0:切り捨て,5:四捨五入,0:未発行,0:未承認,,0:しない,1:修正,,,,,,0009,ヤマト運輸,,,ｽﾀｸﾘｱ-NAS⑨ 23S-K09【Lot.23A9】前工程ｽﾘｯﾄ依頼書No.82111 297mmｽﾘｯﾄﾛｰﾙよりｶｯﾄ,17m巻1ﾛｰﾙあたり良品34枚以上採取目標、100枚ｼﾞｬｽﾄ数量採取後の残ﾛｰﾙは廃棄,包装:A3寸(297X420㎜)20枚入/Pcs x5set=100枚、PE包装+ｴｱｷｬｯﾌﾟ/ｹｰｽ梱包/専用ﾗﾍﾞﾙ貼,,,,2:自社,,1:通常,,,,0,,,,,0:1明細目,,,その他,100.00,51,1,1,"ｷｽﾞなどの限度基準は以下手順書と同様にて
ｱｽﾞﾜﾝ様向けA4ｻｲｽﾞ10枚ｾｯﾄ作製についてのお願い

ｶｯﾀｰ刃は指定刃を使用
ｶｯﾄﾊﾞﾘ無きよう製品10枚毎に刃を交換してください

原価ﾒﾓ:@613.36/mx17=10428円、ｽﾘｯﾄ@5260x2.0h=13150円、ﾊﾝﾄﾞｶｯﾄ@2800x5.0=14000円",,23109,ｽﾀｸﾘ　その他,1:対象外,"37,578",375.78,100.00,,,,"63,000",0,100.00,630.00,F23AZ-Y02-sheet,231,スタクリア,23109,ｽﾀｸﾘ　その他,,,,,,,000001,2製品,01,社外製品,ｽﾀｸﾘｱ-NAS105#188DS A3ｶｯﾄ(297X420mm),,枚,0:自社,,,,済,済,2026/08/17,2026/08/17,,,,,1   ,小山 修司,,,0:なし,0,0
00082113,原反,001,2026/07/31,2026/08/19,2026/08/17,2026/07/31,0:通常,0:通常,01,102301,営業23,000504,小山 修司,090004,(株)ﾗﾌﾟﾗｽ 仙台東営業所,,,,,,,,,096001,セレスティカ・ジャパン株式会社,セレスティカ・ジャパン株式会社,　宮城サイト・物流,981-3681,宮城県黒川郡大和町吉岡字雷神2,,,022-325-1151,,320301,大石工場01本倉庫,0011,15締,03,その他,0:しない,,1:する,2:様,,100,上野様ご依頼分,,"63,000",0,1:完了,0:未完,0:通常,1:税抜,0,3:請求合計,1:金額,0:円未満,5:四捨五入,0:切り捨て,5:四捨五入,0:未発行,0:未承認,,0:しない,1:修正,,,,,,0009,ヤマト運輸,,,ｽﾀｸﾘｱ-NAS⑨ 23S-K09【Lot.23A9】前工程ｽﾘｯﾄ依頼書No.82111 297mmｽﾘｯﾄﾛｰﾙよりｶｯﾄ,17m巻1ﾛｰﾙあたり良品34枚以上採取目標、100枚ｼﾞｬｽﾄ数量採取後の残ﾛｰﾙは廃棄,包装:A3寸(297X420㎜)20枚入/Pcs x5set=100枚、PE包装+ｴｱｷｬｯﾌﾟ/ｹｰｽ梱包/専用ﾗﾍﾞﾙ貼,,,,2:自社,,1:通常,,,,0,,,,,0:1明細目,,,その他,100.00,51,1,1,"ｷｽﾞなどの限度基準は以下手順書と同様にて
ｱｽﾞﾜﾝ様向けA4ｻｲｽﾞ10枚ｾｯﾄ作製についてのお願い

ｶｯﾀｰ刃は指定刃を使用
ｶｯﾄﾊﾞﾘ無きよう製品10枚毎に刃を交換してください

原価ﾒﾓ:@613.36/mx17=10428円、ｽﾘｯﾄ@5260x2.0h=13150円、ﾊﾝﾄﾞｶｯﾄ@2800x5.0=14000円",,23109,ｽﾀｸﾘ　その他,1:対象外,0,0.00,51.00,,,,0,0,0.00,0.00,F23AZ-Y01-roll,231,スタクリア,23109,ｽﾀｸﾘ　その他,,,,,,,000001,2製品,01,社外製品,ｽﾀｸﾘｱ-NAS105#188DS,188µm/297mmX17m,m,0:自社,,,,,,,,,,,2026/08/03,1   ,小山 修司,,,,0,51
00082117,製品,001,2026/07/31,2026/08/10,2026/08/10,2026/07/31,0:通常,0:通常,01,505201,湖南52,000052,湖南工場,049052,東ﾚﾍﾟﾌ加工品(株) 国分・湖南,,,,,,,,,,,,,,,,,,,520201,湖南工場01本倉庫,0015,末締,02,東レグループ,0:しない,,,,GB60704,100,,,"4,150",0,1:完了,1:完了,0:通常,1:税抜,0,3:請求合計,1:金額,0:円未満,5:四捨五入,9:切り上げ,5:四捨五入,1:発行済,0:未承認,,0:しない,1:修正,,,,,,,,,,,,,,,,1:後加工,2026/08/10,1:通常,,,,0,,,,,0:1明細目,,,スリット,40.00,20,2,1,立会います。,,50200,ＴＰＩ,1:対象外,0,0.00,20.00,,,,"2,075",0,20.00,103.75,A3URUTO40020FB1,551,ペフ,50200,ＴＰＩ,,,,,,,000001,2製品,02,社外加工,UROTORASUEDO-KV  - 400X 20F-ABK0,,M,0:自社,,,,済,済,2026/08/04,2026/08/04,2026/08/04,2026/08/04,,,0   ,古家 淳子,,,1:あり,0,0
00082117,製品,002,2026/07/31,2026/08/10,2026/08/10,2026/07/31,0:通常,0:通常,01,505201,湖南52,000052,湖南工場,049052,東ﾚﾍﾟﾌ加工品(株) 国分・湖南,,,,,,,,,,,,,,,,,,,520201,湖南工場01本倉庫,0015,末締,02,東レグループ,0:しない,,,,GB60704,100,,,"4,150",0,1:完了,1:完了,0:通常,1:税抜,0,3:請求合計,1:金額,0:円未満,5:四捨五入,9:切り上げ,5:四捨五入,1:発行済,0:未承認,,0:しない,1:修正,,,,,,,,,,,,,,,,1:後加工,2026/08/10,1:通常,,,,0,,,,,0:1明細目,,,スリット,40.00,20,2,1,立会います。,,50200,ＴＰＩ,1:対象外,0,0.00,20.00,,,,"2,075",0,20.00,103.75,A3URUTOA6820FB1,551,ペフ,50200,ＴＰＩ,,,,,,,000001,2製品,02,社外加工,UROTORASUEDO-KV  -1600X 20F-ABK0,,M,0:自社,,,,済,済,2026/08/04,2026/08/04,2026/08/04,2026/08/04,,,0   ,古家 淳子,,,1:あり,0,0
00082117,原反,001,2026/07/31,2026/08/10,2026/08/10,2026/07/31,0:通常,0:通常,01,505201,湖南52,000052,湖南工場,049052,東ﾚﾍﾟﾌ加工品(株) 国分・湖南,,,,,,,,,,,,,,,,,,,520201,湖南工場01本倉庫,0015,末締,02,東レグループ,0:しない,,,,GB60704,100,,,"4,150",0,1:完了,1:完了,0:通常,1:税抜,0,3:請求合計,1:金額,0:円未満,5:四捨五入,9:切り上げ,5:四捨五入,1:発行済,0:未承認,,0:しない,1:修正,,,,,,,,,,,,,,,,1:後加工,2026/08/10,1:通常,,,,0,,,,,0:1明細目,,,スリット,40.00,20,2,1,立会います。,,50200,ＴＰＩ,1:対象外,0,0.00,20.00,K ,2013,スリット機1　湖南,0,0,0.00,0.00,B3URUTORL020FN1,551,ペフ,50200,ＴＰＩ,,,,,,,000001,2製品,02,社外加工,URUTORASUEDO-XXXX-2000X 20F-A,,M,0:自社,,,,,,,,,,,2026/08/03,0   ,古家 淳子,,,,0,1
00082124,製品,001,2026/07/31,2026/08/21,2026/08/21,2026/07/31,0:通常,0:通常,01,505101,国分後加工511,000051,国分後加工,049006,東ﾚ(株) 自材部,,,,,,,,,,,,,,,,,,,511101,国分工場01本倉庫,0015,末締,01,東レ本体,0:しない,,,,Y8-56,100,,,"44,000",0,0:未完,0:未完,0:通常,1:税抜,0,3:請求合計,1:金額,0:円未満,5:四捨五入,0:切り捨て,9:切り上げ,1:発行済,0:未承認,,0:しない,1:修正,,,,,,0051,国分,,,,,,,,,1:後加工,2026/08/21,1:通常,恵比寿三重,,,0,,,,,0:1明細目,,,スライス,"4,000.00","2,000",1,1,,,50103,トーレペフ Y(工材),1:対象外,0,0.00,"4,000.00",,,,"44,000",0,"4,000.00",11.00,A1K10B6C5250FW3,551,ペフ,50103,トーレペフ Y(工材),,,999999,対象外,,,000001,2製品,02,社外加工,20010-B600-1250x250FAWH1C,,m,0:自社,,,,済,一部,,,,,190912H,,6713,河合 直樹,,,0:なし,0,0
00082124,原反,001,2026/07/31,2026/08/21,2026/08/21,2026/07/31,0:通常,0:通常,01,505101,国分後加工511,000051,国分後加工,049006,東ﾚ(株) 自材部,,,,,,,,,,,,,,,,,,,511101,国分工場01本倉庫,0015,末締,01,東レ本体,0:しない,,,,Y8-56,100,,,"44,000",0,0:未完,0:未完,0:通常,1:税抜,0,3:請求合計,1:金額,0:円未満,5:四捨五入,0:切り捨て,9:切り上げ,1:発行済,0:未承認,,0:しない,1:修正,,,,,,0051,国分,,,,,,,,,1:後加工,2026/08/21,1:通常,恵比寿三重,,,0,,,,,0:1明細目,,,スライス,"4,000.00","2,000",1,1,,,50103,トーレペフ Y(工材),1:対象外,0,0.00,"2,000.00",SG,1022,スライス機3,0,0,0.00,0.00,B1K20A6C5250FW3,551,ペフ,55109,ﾍﾟﾌ　その他,,,,,,,000001,2製品,02,社外加工,20020-A600-1250X250FA WH1C,,m,0:自社,,,,,,,,,,,2026/08/17,6710,河合 直樹,,,,0,8
00082125,製品,001,2026/07/31,2026/08/19,2026/08/19,2026/07/31,0:通常,0:通常,01,505101,国分後加工511,000051,国分後加工,049006,東ﾚ(株) 自材部,,,,,,,,,,,,,,,,,,,511101,国分工場01本倉庫,0015,末締,01,東レ本体,0:しない,,,,Y8-62,100,,,"63,000",0,1:完了,1:完了,0:通常,1:税抜,0,3:請求合計,1:金額,0:円未満,5:四捨五入,0:切り捨て,9:切り上げ,1:発行済,0:未承認,,0:しない,1:修正,,,,,,0051,国分,,,,,,,,,1:後加工,2026/08/19,1:通常,丸信あずみの,,,0,,,,,0:1明細目,巻芯部1.5mは使用しないこと。,原反巻き芯部1.5mは使用しないこと！1030幅の紙管､ﾄﾘﾐﾝｸﾞ有無要確認｡　熱風温度設定(上下)：夏季360℃、冬季370℃,"融着,分割",600.00,"1,200",1,1,,,50103,トーレペフ Y(工材),1:対象外,0,0.00,600.00,,,,"63,000",0,600.00,105.00,A1OA0DGA2050FG3,551,ペフ,50103,トーレペフ Y(工材),,,999999,対象外,,,000001,2製品,02,社外加工,30100-DG20-1020X 50FA GA0U,,m,0:自社,,,,済,一部,2026/08/07,2026/08/07,2026/08/12,2026/08/12,190638W,,6713,河合 直樹,,,1:あり,2,0
00082125,原反,001,2026/07/31,2026/08/19,2026/08/19,2026/07/31,0:通常,0:通常,01,505101,国分後加工511,000051,国分後加工,049006,東ﾚ(株) 自材部,,,,,,,,,,,,,,,,,,,511101,国分工場01本倉庫,0015,末締,01,東レ本体,0:しない,,,,Y8-62,100,,,"63,000",0,1:完了,1:完了,0:通常,1:税抜,0,3:請求合計,1:金額,0:円未満,5:四捨五入,0:切り捨て,9:切り上げ,1:発行済,0:未承認,,0:しない,1:修正,,,,,,0051,国分,,,,,,,,,1:後加工,2026/08/19,1:通常,丸信あずみの,,,0,,,,,0:1明細目,巻芯部1.5mは使用しないこと。,原反巻き芯部1.5mは使用しないこと！1030幅の紙管､ﾄﾘﾐﾝｸﾞ有無要確認｡　熱風温度設定(上下)：夏季360℃、冬季370℃,"融着,分割",600.00,"1,200",1,1,,,50103,トーレペフ Y(工材),1:対象外,0,0.00,"1,200.00",SG,1121,融着機,0,0,0.00,0.00,B1O50AGA5200FG3,551,ペフ,50103,トーレペフ Y(工材),,,,,,,000003,4原材料,02,社外加工,30050-AG20-1050X200F-AGA0U,,m,0:自社,,,,,,,,,,,2026/08/07,6710,河合 直樹,,,,0,6
00082126,製品,001,2026/07/31,2026/08/19,2026/08/19,2026/07/31,0:通常,0:通常,01,505101,国分後加工511,000051,国分後加工,049006,東ﾚ(株) 自材部,,,,,,,,,,,,,,,,,,,511101,国分工場01本倉庫,0015,末締,01,東レ本体,0:しない,,,,Y8-71,100,,,"39,060",0,1:完了,0:未完,0:通常,1:税抜,0,3:請求合計,1:金額,0:円未満,5:四捨五入,0:切り捨て,9:切り上げ,1:発行済,0:未承認,,0:しない,1:修正,,,,,,0051,国分,,,,,,,,,1:後加工,2026/08/19,1:通常,光洋産業,,,0,,,,,0:1明細目,巻芯部1.5mは使用しないこと。,熱風温度上下：夏季360℃、冬季370℃,融着,186.00,800,1,1,,,50103,トーレペフ Y(工材),1:対象外,0,0.00,186.00,,,,"39,060",0,186.00,210.00,A1OA0DGA2210ZG3,551,ペフ,50103,トーレペフ Y(工材),,,999999,対象外,,,000001,2製品,02,社外加工,30100-DG20-1020X210ZA GA0U,,枚,0:自社,,,,済,済,2026/08/10,2026/08/10,,,190664T,,6713,河合 直樹,,,1:あり,2,0
00082126,原反,001,2026/07/31,2026/08/19,2026/08/19,2026/07/31,0:通常,0:通常,01,505101,国分後加工511,000051,国分後加工,049006,東ﾚ(株) 自材部,,,,,,,,,,,,,,,,,,,511101,国分工場01本倉庫,0015,末締,01,東レ本体,0:しない,,,,Y8-71,100,,,"39,060",0,1:完了,0:未完,0:通常,1:税抜,0,3:請求合計,1:金額,0:円未満,5:四捨五入,0:切り捨て,9:切り上げ,1:発行済,0:未承認,,0:しない,1:修正,,,,,,0051,国分,,,,,,,,,1:後加工,2026/08/19,1:通常,光洋産業,,,0,,,,,0:1明細目,巻芯部1.5mは使用しないこと。,熱風温度上下：夏季360℃、冬季370℃,融着,186.00,800,1,1,,,50103,トーレペフ Y(工材),1:対象外,0,0.00,800.00,SG,1121,融着機,0,0,0.00,0.00,B1O50AGA5200FG3,551,ペフ,50103,トーレペフ Y(工材),,,,,,,000003,4原材料,02,社外加工,30050-AG20-1050X200F-AGA0U,,m,0:自社,,,,,,,,,,,2026/08/07,6710,河合 直樹,,,,0,4
00082127,製品,001,2026/07/31,2026/08/19,2026/08/19,2026/07/31,0:通常,0:通常,01,505101,国分後加工511,000051,国分後加工,049006,東ﾚ(株) 自材部,,,,,,,,,,,,,,,,,,,511101,国分工場01本倉庫,0015,末締,01,東レ本体,0:しない,,,,Y8-72,100,,,"38,800",0,0:未完,0:未完,0:通常,1:税抜,0,3:請求合計,1:金額,0:円未満,5:四捨五入,0:切り捨て,9:切り上げ,1:発行済,0:未承認,,0:しない,1:修正,,,,,,0051,国分,,,,,,,,,1:後加工,2026/08/19,1:通常,光洋産業,,,0,,,,,0:1明細目,巻芯部1.5mは使用しないこと。,原反巻き芯部1.5mは使用しないこと！　熱風温度上下：夏季360℃、冬季370℃,融着,194.00,800,1,1,,,50103,トーレペフ Y(工材),1:対象外,0,0.00,194.00,,,,"38,800",0,194.00,200.00,A1OA0DGA2200ZG3,551,ペフ,50103,トーレペフ Y(工材),,,999999,対象外,,,000001,2製品,02,社外加工,30100-DG20-1020x200ZAGA0U,,枚,0:自社,,,,済,済,2026/08/10,2026/08/10,,,190666J,,6713,河合 直樹,,,1:あり,2,0
00082127,原反,001,2026/07/31,2026/08/19,2026/08/19,2026/07/31,0:通常,0:通常,01,505101,国分後加工511,000051,国分後加工,049006,東ﾚ(株) 自材部,,,,,,,,,,,,,,,,,,,511101,国分工場01本倉庫,0015,末締,01,東レ本体,0:しない,,,,Y8-72,100,,,"38,800",0,0:未完,0:未完,0:通常,1:税抜,0,3:請求合計,1:金額,0:円未満,5:四捨五入,0:切り捨て,9:切り上げ,1:発行済,0:未承認,,0:しない,1:修正,,,,,,0051,国分,,,,,,,,,1:後加工,2026/08/19,1:通常,光洋産業,,,0,,,,,0:1明細目,巻芯部1.5mは使用しないこと。,原反巻き芯部1.5mは使用しないこと！　熱風温度上下：夏季360℃、冬季370℃,融着,194.00,800,1,1,,,50103,トーレペフ Y(工材),1:対象外,0,0.00,800.00,SG,1121,融着機,0,0,0.00,0.00,B1O50AGA5200FG3,551,ペフ,50103,トーレペフ Y(工材),,,,,,,000003,4原材料,02,社外加工,30050-AG20-1050X200F-AGA0U,,m,0:自社,,,,,,,,,,,2026/08/07,6710,河合 直樹,,,,0,4
00082128,製品,001,2026/07/31,2026/09/04,2026/09/04,2026/07/31,0:通常,0:通常,01,505101,国分後加工511,000051,国分後加工,049006,東ﾚ(株) 自材部,,,,,,,,,,,,,,,,,,,511101,国分工場01本倉庫,0015,末締,01,東レ本体,0:しない,,,,Y8-73,100,,,"26,400",0,0:未完,0:未完,0:通常,1:税抜,0,3:請求合計,1:金額,0:円未満,5:四捨五入,0:切り捨て,9:切り上げ,1:発行済,0:未承認,,0:しない,1:修正,,,,,,0051,国分,,,,,,,,,1:後加工,2026/09/04,1:通常,光洋産業,,,0,,,,,0:1明細目,,,スライス,"2,400.00","1,200",1,1,,,50103,トーレペフ Y(工材),1:対象外,0,0.00,"2,400.00",,,,"26,400",0,"2,400.00",11.00,A1O20BGA5200FG3,551,ペフ,50103,トーレペフ Y(工材),,,999999,対象外,,,000001,2製品,02,社外加工,30020-BG20-1050X200F-AGA0U,,m,0:自社,,,,済,,,,,,190668V,,6713,河合 直樹,,,0:なし,0,0
00082128,原反,001,2026/07/31,2026/09/04,2026/09/04,2026/07/31,0:通常,0:通常,01,505101,国分後加工511,000051,国分後加工,049006,東ﾚ(株) 自材部,,,,,,,,,,,,,,,,,,,511101,国分工場01本倉庫,0015,末締,01,東レ本体,0:しない,,,,Y8-73,100,,,"26,400",0,0:未完,0:未完,0:通常,1:税抜,0,3:請求合計,1:金額,0:円未満,5:四捨五入,0:切り捨て,9:切り上げ,1:発行済,0:未承認,,0:しない,1:修正,,,,,,0051,国分,,,,,,,,,1:後加工,2026/09/04,1:通常,光洋産業,,,0,,,,,0:1明細目,,,スライス,"2,400.00","1,200",1,1,,,50103,トーレペフ Y(工材),1:対象外,0,0.00,"1,200.00",SG,1011,スライス機1,0,0,0.00,0.00,B1O40AGA5200FG3,551,ペフ,50106,トーレペフ T(工材),,,,,,,000003,4原材料,02,社外加工,30040-AG20-1050X200FA GA0U,,m,0:自社,,,,,,,,,,,2026/09/01,6710,河合 直樹,,,,0,6
00082129,製品,001,2026/07/31,2026/08/19,2026/08/19,2026/07/31,0:通常,0:通常,01,505101,国分後加工511,000051,国分後加工,049006,東ﾚ(株) 自材部,,,,,,,,,,,,,,,,,,,511101,国分工場01本倉庫,0015,末締,01,東レ本体,0:しない,,,,Y8-74,100,,,"131,920",0,0:未完,0:未完,0:通常,1:税抜,0,3:請求合計,1:金額,0:円未満,5:四捨五入,0:切り捨て,9:切り上げ,1:発行済,0:未承認,,0:しない,1:修正,,,,,,0051,国分,,,,,,,,,1:後加工,2026/08/19,1:通常,ゼネラル化成,,,0,,,,,0:1明細目,,接続：ベージュテープ50mm幅　ぬれ検査頻度：1回/5本,"EC,融着",485.00,"2,000",1,1,"Ｑ面ＥＣ加工
Ｑ面外出しで融着してください。
95枚+αで梱包お願いします",,50103,トーレペフ Y(工材),1:対象外,0,0.00,485.00,,,,"131,920",0,485.00,272.00,A1O80NGA2200ZG3,551,ペフ,50103,トーレペフ Y(工材),,,999999,対象外,,,000001,2製品,02,社外加工,30080-NG20-1020X200ZA GA0U,,枚,0:自社,,,,済,済,2026/08/10,2026/08/11,,,190670K,,6713,河合 直樹,02,Ｑ面,0:なし,2,0
00082129,原反,001,2026/07/31,2026/08/19,2026/08/19,2026/07/31,0:通常,0:通常,01,505101,国分後加工511,000051,国分後加工,049006,東ﾚ(株) 自材部,,,,,,,,,,,,,,,,,,,511101,国分工場01本倉庫,0015,末締,01,東レ本体,0:しない,,,,Y8-74,100,,,"131,920",0,0:未完,0:未完,0:通常,1:税抜,0,3:請求合計,1:金額,0:円未満,5:四捨五入,0:切り捨て,9:切り上げ,1:発行済,0:未承認,,0:しない,1:修正,,,,,,0051,国分,,,,,,,,,1:後加工,2026/08/19,1:通常,ゼネラル化成,,,0,,,,,0:1明細目,,接続：ベージュテープ50mm幅　ぬれ検査頻度：1回/5本,"EC,融着",485.00,"2,000",1,1,"Ｑ面ＥＣ加工
Ｑ面外出しで融着してください。
95枚+αで梱包お願いします",,50103,トーレペフ Y(工材),1:対象外,0,0.00,"2,000.00",SG,1021,EC,0,0,0.00,0.00,B1O40AEA5200FG3,551,ペフ,55109,ﾍﾟﾌ　その他,,,,,,,000001,2製品,02,社外加工,30040-AG20-1050X200FA GA0U,,m,0:自社,,,,,,,,,,,2026/08/07,6710,河合 直樹,,,,0,10
00082130,製品,001,2026/07/31,2026/08/21,2026/08/21,2026/07/31,0:通常,0:通常,01,505101,国分後加工511,000051,国分後加工,049006,東ﾚ(株) 自材部,,,,,,,,,,,,,,,,,,,511101,国分工場01本倉庫,0015,末締,01,東レ本体,0:しない,,,,Y8-47,100,,,"6,272",0,0:未完,0:未完,0:通常,1:税抜,0,3:請求合計,1:金額,0:円未満,5:四捨五入,0:切り捨て,9:切り上げ,1:発行済,0:未承認,,0:しない,1:修正,,,,,,0051,国分,,,,,,,,,1:後加工,2026/08/21,1:通常,サンエイ,,,0,,,,,0:1明細目,,,カット,392.00,800,1,1,196枚+αで梱包お願いします,,50103,トーレペフ Y(工材),1:対象外,0,0.00,392.00,,,,"6,272",0,392.00,16.00,A1O80AGA0202ZN1,551,ペフ,50103,トーレペフ Y(工材),,,999999,対象外,,,000001,2製品,02,社外加工,30080-AG00-1000X202ZA ,,枚,0:自社,,,,済,済,2026/08/17,2026/08/17,,,190602K,,6713,河合 直樹,,,0:なし,0,0
00082130,原反,001,2026/07/31,2026/08/21,2026/08/21,2026/07/31,0:通常,0:通常,01,505101,国分後加工511,000051,国分後加工,049006,東ﾚ(株) 自材部,,,,,,,,,,,,,,,,,,,511101,国分工場01本倉庫,0015,末締,01,東レ本体,0:しない,,,,Y8-47,100,,,"6,272",0,0:未完,0:未完,0:通常,1:税抜,0,3:請求合計,1:金額,0:円未満,5:四捨五入,0:切り捨て,9:切り上げ,1:発行済,0:未承認,,0:しない,1:修正,,,,,,0051,国分,,,,,,,,,1:後加工,2026/08/21,1:通常,サンエイ,,,0,,,,,0:1明細目,,,カット,392.00,800,1,1,196枚+αで梱包お願いします,,50103,トーレペフ Y(工材),1:対象外,0,0.00,800.00,SG,1041,単板カット機,0,0,0.00,0.00,B1O80AGA0100FN1,551,ペフ,55109,ﾍﾟﾌ　その他,,,,,,,000001,2製品,02,社外加工,30080-AG00-1000X100FA C,,m,0:自社,,,,,,,,,,,2026/08/10,6710,河合 直樹,,,,0,8
00082131,製品,001,2026/07/31,2026/08/20,2026/08/20,2026/07/31,0:通常,0:通常,01,505101,国分後加工511,000051,国分後加工,049006,東ﾚ(株) 自材部,,,,,,,,,,,,,,,,,,,511101,国分工場01本倉庫,0015,末締,01,東レ本体,0:しない,,,,Y8-63,100,,,"19,200",0,0:未完,0:未完,0:通常,1:税抜,0,3:請求合計,1:金額,0:円未満,5:四捨五入,0:切り捨て,9:切り上げ,1:発行済,0:未承認,,0:しない,1:修正,,,,,,0051,国分,,,,,,,,,1:後加工,2026/08/20,1:通常,サンエイ,,,0,,,,,0:1明細目,,熱風設定温度(上下)：夏季310℃、冬季320℃,融着,96.00,400,1,1,梱包（48+αで梱包お願いします）,,50103,トーレペフ Y(工材),1:対象外,0,0.00,96.00,,,,"19,200",0,96.00,200.00,A1OCBDG98200ZN1,551,ペフ,50103,トーレペフ Y(工材),,,999999,対象外,,,000001,2製品,02,社外加工,30120-DG00- 980X200ZA ,,枚,0:自社,,,,済,済,2026/08/17,2026/08/17,,,190640L,,6713,河合 直樹,,,0:なし,2,0
00082131,原反,001,2026/07/31,2026/08/20,2026/08/20,2026/07/31,0:通常,0:通常,01,505101,国分後加工511,000051,国分後加工,049006,東ﾚ(株) 自材部,,,,,,,,,,,,,,,,,,,511101,国分工場01本倉庫,0015,末締,01,東レ本体,0:しない,,,,Y8-63,100,,,"19,200",0,0:未完,0:未完,0:通常,1:税抜,0,3:請求合計,1:金額,0:円未満,5:四捨五入,0:切り捨て,9:切り上げ,1:発行済,0:未承認,,0:しない,1:修正,,,,,,0051,国分,,,,,,,,,1:後加工,2026/08/20,1:通常,サンエイ,,,0,,,,,0:1明細目,,熱風設定温度(上下)：夏季310℃、冬季320℃,融着,96.00,400,1,1,梱包（48+αで梱包お願いします）,,50103,トーレペフ Y(工材),1:対象外,0,0.00,400.00,SG,1121,融着機,0,0,0.00,0.00,B1O60AGA0100FN1,551,ペフ,55109,ﾍﾟﾌ　その他,,,,,,,000001,2製品,02,社外加工,30060-AG00-1000X200FA    C,,m,0:自社,,,,,,,,,,,2026/08/17,6710,河合 直樹,,,,0,2
00082132,製品,001,2026/07/31,2026/08/20,2026/08/20,2026/07/31,0:通常,0:通常,01,505101,国分後加工511,000051,国分後加工,049006,東ﾚ(株) 自材部,,,,,,,,,,,,,,,,,,,511101,国分工場01本倉庫,0015,末締,01,東レ本体,0:しない,,,,Y8-64,100,,,"9,600",0,1:完了,0:未完,0:通常,1:税抜,0,3:請求合計,1:金額,0:円未満,5:四捨五入,0:切り捨て,9:切り上げ,1:発行済,0:未承認,,0:しない,1:修正,,,,,,0051,国分,,,,,,,,,1:後加工,2026/08/20,1:通常,サンエイ,,,0,,,,,0:1明細目,,熱風温度上下：夏季330℃、冬季340℃,融着,48.00,200,1,1,,,50103,トーレペフ Y(工材),1:対象外,0,0.00,48.00,,,,"9,600",0,48.00,200.00,A1OACDG98200ZN1,551,ペフ,50103,トーレペフ Y(工材),,,999999,対象外,,,000001,2製品,02,社外加工,30200-DG00-980x200ZA,,枚,0:自社,,,,済,済,2026/08/17,2026/08/17,,,190814K,,6713,河合 直樹,,,0:なし,2,0
00082132,原反,001,2026/07/31,2026/08/20,2026/08/20,2026/07/31,0:通常,0:通常,01,505101,国分後加工511,000051,国分後加工,049006,東ﾚ(株) 自材部,,,,,,,,,,,,,,,,,,,511101,国分工場01本倉庫,0015,末締,01,東レ本体,0:しない,,,,Y8-64,100,,,"9,600",0,1:完了,0:未完,0:通常,1:税抜,0,3:請求合計,1:金額,0:円未満,5:四捨五入,0:切り捨て,9:切り上げ,1:発行済,0:未承認,,0:しない,1:修正,,,,,,0051,国分,,,,,,,,,1:後加工,2026/08/20,1:通常,サンエイ,,,0,,,,,0:1明細目,,熱風温度上下：夏季330℃、冬季340℃,融着,48.00,200,1,1,,,50103,トーレペフ Y(工材),1:対象外,0,0.00,200.00,SG,1121,融着機,0,0,0.00,0.00,B1OA0AGA0100FN1,551,ペフ,55109,ﾍﾟﾌ　その他,,,,,,,000001,2製品,02,社外加工,30100-AG00-1000X100FA    C,,m,0:自社,,,,,,,,,,,2026/08/17,6710,河合 直樹,,,,0,2
00082133,製品,001,2026/07/31,2026/08/20,2026/08/20,2026/07/31,0:通常,0:通常,01,505101,国分後加工511,000051,国分後加工,049006,東ﾚ(株) 自材部,,,,,,,,,,,,,,,,,,,511101,国分工場01本倉庫,0015,末締,01,東レ本体,0:しない,,,,Y8-76,100,,,"3,600",0,1:完了,0:未完,0:通常,1:税抜,0,3:請求合計,1:金額,0:円未満,5:四捨五入,0:切り捨て,9:切り上げ,1:発行済,0:未承認,,0:しない,1:修正,,,,,,0051,国分,,,,,,,,,1:後加工,2026/08/20,1:通常,ゼネラル化成,,,0,,,,,0:1明細目,,接続：ベージュテープ50mm幅　ぬれ検査頻度：1回/5本,EC,200.00,200,1,1,,,50103,トーレペフ Y(工材),1:対象外,0,0.00,200.00,,,,"3,600",0,200.00,18.00,A1O50JGA5200FG3,551,ペフ,50103,トーレペフ Y(工材),,,999999,対象外,,,000001,2製品,02,社外加工,30050-JG20-1050X200FA GA0Q,,m,0:自社,,,,済,済,2026/08/11,2026/08/11,,,190675G,,6713,河合 直樹,02,Ｑ面,0:なし,0,0
00082133,原反,001,2026/07/31,2026/08/20,2026/08/20,2026/07/31,0:通常,0:通常,01,505101,国分後加工511,000051,国分後加工,049006,東ﾚ(株) 自材部,,,,,,,,,,,,,,,,,,,511101,国分工場01本倉庫,0015,末締,01,東レ本体,0:しない,,,,Y8-76,100,,,"3,600",0,1:完了,0:未完,0:通常,1:税抜,0,3:請求合計,1:金額,0:円未満,5:四捨五入,0:切り捨て,9:切り上げ,1:発行済,0:未承認,,0:しない,1:修正,,,,,,0051,国分,,,,,,,,,1:後加工,2026/08/20,1:通常,ゼネラル化成,,,0,,,,,0:1明細目,,接続：ベージュテープ50mm幅　ぬれ検査頻度：1回/5本,EC,200.00,200,1,1,,,50103,トーレペフ Y(工材),1:対象外,0,0.00,200.00,SG,1021,EC,0,0,0.00,0.00,B1O50AGA5200FG3,551,ペフ,50103,トーレペフ Y(工材),,,,,,,000003,4原材料,02,社外加工,30050-AG20-1050X200F-AGA0U,,m,0:自社,,,,,,,,,,,2026/08/10,6710,河合 直樹,,,,0,1
00082134,製品,001,2026/07/31,2026/08/21,2026/08/21,2026/07/31,0:通常,0:通常,01,505101,国分後加工511,000051,国分後加工,049006,東ﾚ(株) 自材部,,,,,,,,,,,,,,,,,,,511101,国分工場01本倉庫,0015,末締,01,東レ本体,0:しない,,,,Y8-77,100,,,"21,600",0,1:完了,0:未完,0:通常,1:税抜,0,3:請求合計,1:金額,0:円未満,5:四捨五入,0:切り捨て,9:切り上げ,1:発行済,0:未承認,,0:しない,1:修正,,,,,,0051,国分,,,,,,,,,1:後加工,2026/08/21,1:通常,ゼネラル化成,,,0,,,,,0:1明細目,,接続：ベージュテープ50mm幅　ぬれ検査頻度：1回/5本,EC,"1,200.00","1,200",1,1,3インチ紙管,,50103,トーレペフ Y(工材),1:対象外,0,0.00,"1,200.00",,,,"21,600",0,"1,200.00",18.00,A1F20NAA3400FNA,551,ペフ,50103,トーレペフ Y(工材),,,999999,対象外,,,000001,2製品,02,社外加工,15020-NA00-1030X400FA    V,,m,0:自社,,,,済,済,2026/08/17,2026/08/17,,,190676Y,,6713,河合 直樹,01,両面,0:なし,0,0
00082134,原反,001,2026/07/31,2026/08/21,2026/08/21,2026/07/31,0:通常,0:通常,01,505101,国分後加工511,000051,国分後加工,049006,東ﾚ(株) 自材部,,,,,,,,,,,,,,,,,,,511101,国分工場01本倉庫,0015,末締,01,東レ本体,0:しない,,,,Y8-77,100,,,"21,600",0,1:完了,0:未完,0:通常,1:税抜,0,3:請求合計,1:金額,0:円未満,5:四捨五入,0:切り捨て,9:切り上げ,1:発行済,0:未承認,,0:しない,1:修正,,,,,,0051,国分,,,,,,,,,1:後加工,2026/08/21,1:通常,ゼネラル化成,,,0,,,,,0:1明細目,,接続：ベージュテープ50mm幅　ぬれ検査頻度：1回/5本,EC,"1,200.00","1,200",1,1,3インチ紙管,,50103,トーレペフ Y(工材),1:対象外,0,0.00,"1,200.00",SG,1021,EC,0,0,0.00,0.00,B1F20AAA3400FNA,551,ペフ,50105,トーレペフ V(TPI),,,,,,,000003,4原材料,02,社外加工,15020-AA00-1030X400FA    C,,m,0:自社,,,,,,,,,,,2026/08/17,6710,河合 直樹,,,,0,3
00082135,製品,001,2026/07/31,2026/08/24,2026/08/24,2026/07/31,0:通常,0:通常,01,505101,国分後加工511,000051,国分後加工,049006,東ﾚ(株) 自材部,,,,,,,,,,,,,,,,,,,511101,国分工場01本倉庫,0015,末締,01,東レ本体,0:しない,,,,Y8-78,100,,,"23,280",0,0:未完,0:未完,0:通常,1:税抜,0,3:請求合計,1:金額,0:円未満,5:四捨五入,0:切り捨て,9:切り上げ,1:発行済,0:未承認,,0:しない,1:修正,,,,,,0051,国分,,,,,,,,,1:後加工,2026/08/24,1:通常,光洋産業,,,0,,,,,0:1明細目,カール注意,熱風温度上下：夏季360℃、冬季370℃,融着,97.00,600,1,1,,,50103,トーレペフ Y(工材),1:対象外,0,0.00,97.00,,,,"23,280",0,97.00,240.00,A1OF0DGA0200ZGC,551,ペフ,50103,トーレペフ Y(工材),,,999999,対象外,,,000001,2製品,02,社外加工,30150-DG20-1000X200ZA GA0U,,枚,0:自社,,,,済,済,2026/08/18,2026/08/18,,,190684A,,6713,河合 直樹,,,1:あり,3,0
00082135,原反,001,2026/07/31,2026/08/24,2026/08/24,2026/07/31,0:通常,0:通常,01,505101,国分後加工511,000051,国分後加工,049006,東ﾚ(株) 自材部,,,,,,,,,,,,,,,,,,,511101,国分工場01本倉庫,0015,末締,01,東レ本体,0:しない,,,,Y8-78,100,,,"23,280",0,0:未完,0:未完,0:通常,1:税抜,0,3:請求合計,1:金額,0:円未満,5:四捨五入,0:切り捨て,9:切り上げ,1:発行済,0:未承認,,0:しない,1:修正,,,,,,0051,国分,,,,,,,,,1:後加工,2026/08/24,1:通常,光洋産業,,,0,,,,,0:1明細目,カール注意,熱風温度上下：夏季360℃、冬季370℃,融着,97.00,600,1,1,,,50103,トーレペフ Y(工材),1:対象外,0,0.00,600.00,SG,1121,融着機,0,0,0.00,0.00,B1O50AGA5200FG3,551,ペフ,50103,トーレペフ Y(工材),,,,,,,000003,4原材料,02,社外加工,30050-AG20-1050X200F-AGA0U,,m,0:自社,,,,,,,,,,,2026/08/18,6710,河合 直樹,,,,0,3
00082136,製品,001,2026/07/31,2026/08/24,2026/08/24,2026/07/31,0:通常,0:通常,01,505101,国分後加工511,000051,国分後加工,049006,東ﾚ(株) 自材部,,,,,,,,,,,,,,,,,,,511101,国分工場01本倉庫,0015,末締,01,東レ本体,0:しない,,,,Y8-79,100,,,"38,800",0,0:未完,0:未完,0:通常,1:税抜,0,3:請求合計,1:金額,0:円未満,5:四捨五入,0:切り捨て,9:切り上げ,1:発行済,0:未承認,,0:しない,1:修正,,,,,,0051,国分,,,,,,,,,1:後加工,2026/08/24,1:通常,光洋産業,,,0,,,,,0:1明細目,巻芯部1.5mは使用しないこと。,原反巻き芯部1.5mは使用しないこと！　熱風温度上下：夏季360℃、冬季370℃,融着,194.00,800,1,2,,,50103,トーレペフ Y(工材),1:対象外,0,0.00,194.00,,,,"38,800",0,194.00,200.00,A1OA0DGA2200ZG3,551,ペフ,50103,トーレペフ Y(工材),,,999999,対象外,,,000001,2製品,02,社外加工,30100-DG20-1020x200ZAGA0U,,枚,0:自社,,,,済,済,,,,,190685V,,6713,河合 直樹,,,1:あり,2,0
00082136,原反,001,2026/07/31,2026/08/24,2026/08/24,2026/07/31,0:通常,0:通常,01,505101,国分後加工511,000051,国分後加工,049006,東ﾚ(株) 自材部,,,,,,,,,,,,,,,,,,,511101,国分工場01本倉庫,0015,末締,01,東レ本体,0:しない,,,,Y8-79,100,,,"38,800",0,0:未完,0:未完,0:通常,1:税抜,0,3:請求合計,1:金額,0:円未満,5:四捨五入,0:切り捨て,9:切り上げ,1:発行済,0:未承認,,0:しない,1:修正,,,,,,0051,国分,,,,,,,,,1:後加工,2026/08/24,1:通常,光洋産業,,,0,,,,,0:1明細目,巻芯部1.5mは使用しないこと。,原反巻き芯部1.5mは使用しないこと！　熱風温度上下：夏季360℃、冬季370℃,融着,194.00,800,1,2,,,50103,トーレペフ Y(工材),1:対象外,0,0.00,400.00,SG,1121,融着機,0,0,0.00,0.00,B1O50AGA5200FG3,551,ペフ,50103,トーレペフ Y(工材),,,,,,,000003,4原材料,02,社外加工,30050-AG20-1050X200F-AGA0U,,m,0:自社,,,,,,,,,,,2026/08/18,6710,河合 直樹,,,,0,2
00082136,原反,002,2026/07/31,2026/08/24,2026/08/24,2026/07/31,0:通常,0:通常,01,505101,国分後加工511,000051,国分後加工,049006,東ﾚ(株) 自材部,,,,,,,,,,,,,,,,,,,511101,国分工場01本倉庫,0015,末締,01,東レ本体,0:しない,,,,Y8-79,100,,,"38,800",0,0:未完,0:未完,0:通常,1:税抜,0,3:請求合計,1:金額,0:円未満,5:四捨五入,0:切り捨て,9:切り上げ,1:発行済,0:未承認,,0:しない,1:修正,,,,,,0051,国分,,,,,,,,,1:後加工,2026/08/24,1:通常,光洋産業,,,0,,,,,0:1明細目,巻芯部1.5mは使用しないこと。,原反巻き芯部1.5mは使用しないこと！　熱風温度上下：夏季360℃、冬季370℃,融着,194.00,800,1,2,,,50103,トーレペフ Y(工材),1:対象外,0,0.00,400.00,SG,1121,融着機,0,0,0.00,0.00,B1O50AGA5200FG3,551,ペフ,50103,トーレペフ Y(工材),,,,,,,000003,4原材料,02,社外加工,30050-AG20-1050X200F-AGA0U,,m,0:自社,,,,,,,,,,,2026/08/18,6710,河合 直樹,,,,0,2
00082137,製品,001,2026/07/31,2026/08/19,2026/08/19,2026/07/31,0:通常,0:通常,01,505101,国分後加工511,000051,国分後加工,049006,東ﾚ(株) 自材部,,,,,,,,,,,,,,,,,,,511101,国分工場01本倉庫,0015,末締,01,東レ本体,0:しない,,,,Y8-75,100,,,"36,400",0,0:未完,0:未完,0:通常,1:税抜,0,3:請求合計,1:金額,0:円未満,5:四捨五入,0:切り捨て,9:切り上げ,1:発行済,0:未承認,,0:しない,1:修正,,,,,,0051,国分,,,,,,,,,1:後加工,2026/08/19,1:通常,ゼネラル化成,,,0,,,,,0:1明細目,,接続：ベージュテープ50mm幅　ぬれ検査頻度：1回/5本　カット行き,"EC,カット",700.00,"1,400",1,1,100枚+200枚+αで梱包お願いします,,50103,トーレペフ Y(工材),1:対象外,0,0.00,700.00,,,,"36,400",0,700.00,52.00,A1O50NGA5200ZG3,551,ペフ,50103,トーレペフ Y(工材),,,999999,対象外,,,000001,2製品,02,社外加工,30050-NG20-1050X200ZA GA0U,,枚,0:自社,,,,済,済,2026/08/11,2026/08/11,,,190674L,,6713,河合 直樹,01,両面,0:なし,0,0
00082137,原反,001,2026/07/31,2026/08/19,2026/08/19,2026/07/31,0:通常,0:通常,01,505101,国分後加工511,000051,国分後加工,049006,東ﾚ(株) 自材部,,,,,,,,,,,,,,,,,,,511101,国分工場01本倉庫,0015,末締,01,東レ本体,0:しない,,,,Y8-75,100,,,"36,400",0,0:未完,0:未完,0:通常,1:税抜,0,3:請求合計,1:金額,0:円未満,5:四捨五入,0:切り捨て,9:切り上げ,1:発行済,0:未承認,,0:しない,1:修正,,,,,,0051,国分,,,,,,,,,1:後加工,2026/08/19,1:通常,ゼネラル化成,,,0,,,,,0:1明細目,,接続：ベージュテープ50mm幅　ぬれ検査頻度：1回/5本　カット行き,"EC,カット",700.00,"1,400",1,1,100枚+200枚+αで梱包お願いします,,50103,トーレペフ Y(工材),1:対象外,0,0.00,"1,400.00",SG,1021,EC,0,0,0.00,0.00,B1O50AGA5200FG3,551,ペフ,50103,トーレペフ Y(工材),,,,,,,000003,4原材料,02,社外加工,30050-AG20-1050X200F-AGA0U,,m,0:自社,,,,,,,,,,,2026/08/06,6710,河合 直樹,,,,0,7
00082138,製品,001,2026/07/31,2026/08/20,2026/08/20,2026/07/31,0:通常,0:通常,01,505101,国分後加工511,000051,国分後加工,049006,東ﾚ(株) 自材部,,,,,,,,,,,,,,,,,,,511101,国分工場01本倉庫,0015,末締,01,東レ本体,0:しない,,,,Y8-48,100,,,"2,080",0,1:完了,0:未完,0:通常,1:税抜,0,3:請求合計,1:金額,0:円未満,5:四捨五入,0:切り捨て,9:切り上げ,1:発行済,0:未承認,,0:しない,1:修正,,,,,,0051,国分,,,,,,,,,1:後加工,2026/08/20,1:通常,サンエイ,,,0,,,,,0:1明細目,,ｶｯﾄ長さｾｯﾄ値（目安）1542mm,カット,130.00,200,1,1,,,50103,トーレペフ Y(工材),1:対象外,0,0.00,130.00,,,,"2,080",0,130.00,16.00,A1O80AGA0152ZN1,551,ペフ,50103,トーレペフ Y(工材),,,999999,対象外,,,000001,2製品,02,社外加工,30080-AG00-1000x152ZA,,枚,0:自社,,,,済,済,2026/08/11,2026/08/11,,,190603F,,6713,河合 直樹,,,0:なし,0,0
00082138,原反,001,2026/07/31,2026/08/20,2026/08/20,2026/07/31,0:通常,0:通常,01,505101,国分後加工511,000051,国分後加工,049006,東ﾚ(株) 自材部,,,,,,,,,,,,,,,,,,,511101,国分工場01本倉庫,0015,末締,01,東レ本体,0:しない,,,,Y8-48,100,,,"2,080",0,1:完了,0:未完,0:通常,1:税抜,0,3:請求合計,1:金額,0:円未満,5:四捨五入,0:切り捨て,9:切り上げ,1:発行済,0:未承認,,0:しない,1:修正,,,,,,0051,国分,,,,,,,,,1:後加工,2026/08/20,1:通常,サンエイ,,,0,,,,,0:1明細目,,ｶｯﾄ長さｾｯﾄ値（目安）1542mm,カット,130.00,200,1,1,,,50103,トーレペフ Y(工材),1:対象外,0,0.00,200.00,SG,1041,単板カット機,0,0,0.00,0.00,B1O80AGA0100FN1,551,ペフ,55109,ﾍﾟﾌ　その他,,,,,,,000001,2製品,02,社外加工,30080-AG00-1000X100FA    C,,m,0:自社,,,,,,,,,,,2026/08/07,6710,河合 直樹,,,,0,2
00082139,製品,001,2026/07/31,2026/08/24,2026/08/24,2026/07/31,0:通常,0:通常,01,505101,国分後加工511,000051,国分後加工,049006,東ﾚ(株) 自材部,,,,,,,,,,,,,,,,,,,511101,国分工場01本倉庫,0015,末締,01,東レ本体,0:しない,,,,Y8-80,100,,,"33,088",0,1:完了,0:未完,0:通常,1:税抜,0,3:請求合計,1:金額,0:円未満,5:四捨五入,0:切り捨て,9:切り上げ,1:発行済,0:未承認,,0:しない,1:修正,,,,,,0051,国分,,,,,,,,,1:後加工,2026/08/24,1:通常,ホリウチ,,,0,,,,,0:1明細目,,,カット,"2,068.00",600,1,1,,,50103,トーレペフ Y(工材),1:対象外,0,0.00,"2,068.00",,,,"33,088",0,"2,068.00",16.00,A1F40AAA0029ZN1,551,ペフ,50103,トーレペフ Y(工材),,,999999,対象外,,,000001,2製品,02,社外加工,15040-AA00-1000x29ZA,,枚,0:自社,,,,済,済,2026/08/12,2026/08/12,,,190686B,,6713,河合 直樹,,,0:なし,0,0
00082139,原反,001,2026/07/31,2026/08/24,2026/08/24,2026/07/31,0:通常,0:通常,01,505101,国分後加工511,000051,国分後加工,049006,東ﾚ(株) 自材部,,,,,,,,,,,,,,,,,,,511101,国分工場01本倉庫,0015,末締,01,東レ本体,0:しない,,,,Y8-80,100,,,"33,088",0,1:完了,0:未完,0:通常,1:税抜,0,3:請求合計,1:金額,0:円未満,5:四捨五入,0:切り捨て,9:切り上げ,1:発行済,0:未承認,,0:しない,1:修正,,,,,,0051,国分,,,,,,,,,1:後加工,2026/08/24,1:通常,ホリウチ,,,0,,,,,0:1明細目,,,カット,"2,068.00",600,1,1,,,50103,トーレペフ Y(工材),1:対象外,0,0.00,600.00,SG,1041,単板カット機,0,0,0.00,0.00,B1F40AAA0075FNA,551,ペフ,55109,ﾍﾟﾌ　その他,,,,,,,000003,4原材料,02,社外加工,15040-AA00-1000X150FA    C,,m,0:自社,,,,,,,,,,,2026/08/07,6710,河合 直樹,,,,0,4
00082141,製品,001,2026/07/31,2026/09/11,2026/09/09,2026/07/31,0:通常,0:通常,01,105501,営業55,000498,新庄 健,070022,丸信化工(株)※,,,,,,,,,100142,エース工業(株),エース工業株式会社,,299-0265,千葉県袖ケ浦市,長浦拓弐号580-138,,0438-63-5251,,511101,国分工場01本倉庫,0013,20締,03,その他,0:しない,,1:する,1:御中,,100,,,"71,820",0,0:未完,0:未完,0:通常,1:税抜,0,3:請求合計,1:金額,0:円未満,5:四捨五入,0:切り捨て,5:四捨五入,1:発行済,0:未承認,,0:しない,1:修正,,,,,,0031,名鉄ＮＸ運輸,ＡＭ,,原反無償支給　８／１９着予定　　　　★天地無用のラベルを貼って下さい,,,"営）送料の受注書をつくる　１式＠10,000",,,2:自社,,1:通常,丸信化工,,,0,,,,,0:1明細目,自社　原反お客様支給、ｽﾘｯﾄ2で1020幅に[1]ﾄﾘﾐﾝｸﾞ、[2]ｽﾗｲｽ後、[3]ｽﾘｯﾄ[4]同時分割。21m確保のこと。接続はｸﾞﾚｰ50mmﾃｰﾌﾟ。工程[1]の加工は1150→1020へのｽﾘｯﾄである(巻返し→トリミングに名称変更)。,"第1加工のﾄﾘﾐﾝｸﾞはスリット２号機で1020mm幅にスリットすること。製品Ｎｏは長いので「受注No-1R,-2R,...」というふうに表記し、特記欄にロットＮｏを記録してください。","トリミング,スライス,","2,280.00",300,2,1,＠３１.５０,,51200,自社加工,1:対象外,"45,642",22.64,"2,016.00",,,,"63,504",0,"2,016.00",31.50,A5F15SO24021N1,551,ペフ,51200,自社加工,,,510100,後加工-売上,,,000001,2製品,01,社外製品,15015-ｿﾌﾄﾛﾝ- 240X 21,,m,0:自社,,,,一部,,,,,,,,ATKA,菱田 昌美,,,1:あり,0,0
00082141,製品,002,2026/07/31,2026/09/11,2026/09/09,2026/07/31,0:通常,0:通常,01,105501,営業55,000498,新庄 健,070022,丸信化工(株)※,,,,,,,,,100142,エース工業(株),エース工業株式会社,,299-0265,千葉県袖ケ浦市,長浦拓弐号580-138,,0438-63-5251,,511101,国分工場01本倉庫,0013,20締,03,その他,0:しない,,1:する,1:御中,,100,,,"71,820",0,0:未完,0:未完,0:通常,1:税抜,0,3:請求合計,1:金額,0:円未満,5:四捨五入,0:切り捨て,5:四捨五入,1:発行済,0:未承認,,0:しない,1:修正,,,,,,0031,名鉄ＮＸ運輸,ＡＭ,,原反無償支給　８／１９着予定　　　　★天地無用のラベルを貼って下さい,,,"営）送料の受注書をつくる　１式＠10,000",,,2:自社,,1:通常,丸信化工,,,0,,,,,0:1明細目,自社　原反お客様支給、ｽﾘｯﾄ2で1020幅に[1]ﾄﾘﾐﾝｸﾞ、[2]ｽﾗｲｽ後、[3]ｽﾘｯﾄ[4]同時分割。21m確保のこと。接続はｸﾞﾚｰ50mmﾃｰﾌﾟ。工程[1]の加工は1150→1020へのｽﾘｯﾄである(巻返し→トリミングに名称変更)。,"第1加工のﾄﾘﾐﾝｸﾞはスリット２号機で1020mm幅にスリットすること。製品Ｎｏは長いので「受注No-1R,-2R,...」というふうに表記し、特記欄にロットＮｏを記録してください。","トリミング,スライス,","2,280.00",300,2,1,＠３１.５０,,51200,自社加工,1:対象外,"5,977",22.64,264.00,,,,"8,316",0,264.00,31.50,A5F15SO24011N1,551,ペフ,51200,自社加工,,,510100,後加工-売上,,,000001,2製品,01,社外製品,15015-ｿﾌﾄﾛﾝ- 240X 11,,m,0:自社,,,,一部,,,,,,,,ATKA,菱田 昌美,,,1:あり,0,0
00082141,原反,001,2026/07/31,2026/09/11,2026/09/09,2026/07/31,0:通常,0:通常,01,105501,営業55,000498,新庄 健,070022,丸信化工(株)※,,,,,,,,,100142,エース工業(株),エース工業株式会社,,299-0265,千葉県袖ケ浦市,長浦拓弐号580-138,,0438-63-5251,,511101,国分工場01本倉庫,0013,20締,03,その他,0:しない,,1:する,1:御中,,100,,,"71,820",0,0:未完,0:未完,0:通常,1:税抜,0,3:請求合計,1:金額,0:円未満,5:四捨五入,0:切り捨て,5:四捨五入,1:発行済,0:未承認,,0:しない,1:修正,,,,,,0031,名鉄ＮＸ運輸,ＡＭ,,原反無償支給　８／１９着予定　　　　★天地無用のラベルを貼って下さい,,,"営）送料の受注書をつくる　１式＠10,000",,,2:自社,,1:通常,丸信化工,,,0,,,,,0:1明細目,自社　原反お客様支給、ｽﾘｯﾄ2で1020幅に[1]ﾄﾘﾐﾝｸﾞ、[2]ｽﾗｲｽ後、[3]ｽﾘｯﾄ[4]同時分割。21m確保のこと。接続はｸﾞﾚｰ50mmﾃｰﾌﾟ。工程[1]の加工は1150→1020へのｽﾘｯﾄである(巻返し→トリミングに名称変更)。,"第1加工のﾄﾘﾐﾝｸﾞはスリット２号機で1020mm幅にスリットすること。製品Ｎｏは長いので「受注No-1R,-2R,...」というふうに表記し、特記欄にロットＮｏを記録してください。","トリミング,スライス,","2,280.00",300,2,1,＠３１.５０,,51200,自社加工,1:対象外,0,0.00,300.00,CS,1043,スリット機2,0,0,0.00,0.00,B1F3015B5100XN1,551,ペフ,51200,自社加工,,,430503,加工-仕入-材,,,000004,3仕掛品,02,社外加工,原 15030-ｿﾌﾄﾛﾝ-1150x100,お客様支給原反,m,0:自社,,,,,,,,,,,2026/08/19,ATKA,菱田 昌美,,,,0,3
00082143,製品,001,2026/08/02,2026/08/18,2026/08/18,2026/08/31,0:通常,0:通常,01,505101,国分後加工511,000051,国分後加工,049006,東ﾚ(株) 自材部,,,,,,,,,,,,,,,,,,,511101,国分工場01本倉庫,0015,末締,01,東レ本体,0:しない,,,,Y8-51,100,,,"38,400",0,0:未完,0:未完,0:通常,1:税抜,0,3:請求合計,1:金額,0:円未満,5:四捨五入,0:切り捨て,9:切り上げ,1:発行済,0:未承認,,0:しない,0:新規,,,,,,0051,国分,,,,,,,,,1:後加工,2026/08/18,1:通常,芙蓉アステック,,,0,,,,,0:1明細目,カール注意,熱風温度設定：夏季上310℃下330℃、冬季：上320℃下340℃,融着,192.00,800,1,2,"Q面融着でお願いします
96枚+αで梱包お願いします",,50103,トーレペフ Y(工材),1:対象外,0,0.00,192.00,,,,"38,400",0,192.00,200.00,A1OFBDG98200ZB4,551,ペフ,50103,トーレペフ Y(工材),,,999999,対象外,,,000001,2製品,02,社外加工,30150-DG00-980x200ZABK0,,枚,0:自社,,,,済,済,2026/08/10,2026/08/10,,,190637F,,6713,河合 直樹,,,0:なし,2,0
00082143,原反,001,2026/08/02,2026/08/18,2026/08/18,2026/08/31,0:通常,0:通常,01,505101,国分後加工511,000051,国分後加工,049006,東ﾚ(株) 自材部,,,,,,,,,,,,,,,,,,,511101,国分工場01本倉庫,0015,末締,01,東レ本体,0:しない,,,,Y8-51,100,,,"38,400",0,0:未完,0:未完,0:通常,1:税抜,0,3:請求合計,1:金額,0:円未満,5:四捨五入,0:切り捨て,9:切り上げ,1:発行済,0:未承認,,0:しない,0:新規,,,,,,0051,国分,,,,,,,,,1:後加工,2026/08/18,1:通常,芙蓉アステック,,,0,,,,,0:1明細目,カール注意,熱風温度設定：夏季上310℃下330℃、冬季：上320℃下340℃,融着,192.00,800,1,2,"Q面融着でお願いします
96枚+αで梱包お願いします",,50103,トーレペフ Y(工材),1:対象外,0,0.00,400.00,SG,1121,融着機,0,0,0.00,0.00,B1OA0AGA0100FB4,551,ペフ,55109,ﾍﾟﾌ　その他,,,,,,,000001,2製品,02,社外加工,30100-AG00-1000X100FA BK0C,,m,0:自社,,,,,,,,,,,2026/08/10,6710,河合 直樹,,,,0,4
00082143,原反,002,2026/08/02,2026/08/18,2026/08/18,2026/08/31,0:通常,0:通常,01,505101,国分後加工511,000051,国分後加工,049006,東ﾚ(株) 自材部,,,,,,,,,,,,,,,,,,,511101,国分工場01本倉庫,0015,末締,01,東レ本体,0:しない,,,,Y8-51,100,,,"38,400",0,0:未完,0:未完,0:通常,1:税抜,0,3:請求合計,1:金額,0:円未満,5:四捨五入,0:切り捨て,9:切り上げ,1:発行済,0:未承認,,0:しない,0:新規,,,,,,0051,国分,,,,,,,,,1:後加工,2026/08/18,1:通常,芙蓉アステック,,,0,,,,,0:1明細目,カール注意,熱風温度設定：夏季上310℃下330℃、冬季：上320℃下340℃,融着,192.00,800,1,2,"Q面融着でお願いします
96枚+αで梱包お願いします",,50103,トーレペフ Y(工材),1:対象外,0,0.00,400.00,SG,1121,融着機,0,0,0.00,0.00,B1O50AGA3200FB4,551,ペフ,55109,ﾍﾟﾌ　その他,,,,,,,000001,2製品,02,社外加工,30050-AG00-1030X200FA BK0C,,m,0:自社,,,,,,,,,,,2026/08/10,6710,河合 直樹,,,,0,2
00082144,製品,001,2026/08/02,2026/08/17,2026/08/17,2026/08/31,0:通常,0:通常,01,505101,国分後加工511,000051,国分後加工,049006,東ﾚ(株) 自材部,,,,,,,,,,,,,,,,,,,511101,国分工場01本倉庫,0015,末締,01,東レ本体,0:しない,,,,Y8-66,100,,,"38,800",0,0:未完,0:未完,0:通常,1:税抜,0,3:請求合計,1:金額,0:円未満,5:四捨五入,0:切り捨て,9:切り上げ,1:発行済,0:未承認,,0:しない,0:新規,,,,,,0051,国分,,,,,,,,,1:後加工,2026/08/17,1:通常,光洋産業,,,0,,,,,0:1明細目,巻芯部1.5mは使用しないこと。,原反巻き芯部1.5mは使用しないこと！　熱風温度上下：夏季360℃、冬季370℃,融着,194.00,800,1,1,97枚梱包,,50103,トーレペフ Y(工材),1:対象外,0,0.00,194.00,,,,"38,800",0,194.00,200.00,A1OA0DGA2200ZG3,551,ペフ,50103,トーレペフ Y(工材),,,999999,対象外,,,000001,2製品,02,社外加工,30100-DG20-1020x200ZAGA0U,,枚,0:自社,,,,済,済,2026/08/07,2026/08/07,2026/08/12,2026/08/12,190641G,,6713,河合 直樹,,,1:あり,2,0
00082144,原反,001,2026/08/02,2026/08/17,2026/08/17,2026/08/31,0:通常,0:通常,01,505101,国分後加工511,000051,国分後加工,049006,東ﾚ(株) 自材部,,,,,,,,,,,,,,,,,,,511101,国分工場01本倉庫,0015,末締,01,東レ本体,0:しない,,,,Y8-66,100,,,"38,800",0,0:未完,0:未完,0:通常,1:税抜,0,3:請求合計,1:金額,0:円未満,5:四捨五入,0:切り捨て,9:切り上げ,1:発行済,0:未承認,,0:しない,0:新規,,,,,,0051,国分,,,,,,,,,1:後加工,2026/08/17,1:通常,光洋産業,,,0,,,,,0:1明細目,巻芯部1.5mは使用しないこと。,原反巻き芯部1.5mは使用しないこと！　熱風温度上下：夏季360℃、冬季370℃,融着,194.00,800,1,1,97枚梱包,,50103,トーレペフ Y(工材),1:対象外,0,0.00,800.00,SG,1121,融着機,0,0,0.00,0.00,B1O50AGA5200FG3,551,ペフ,50103,トーレペフ Y(工材),,,,,,,000003,4原材料,02,社外加工,30050-AG20-1050X200F-AGA0U,,m,0:自社,,,,,,,,,,,2026/08/07,6710,河合 直樹,,,,0,4
00082145,製品,001,2026/08/02,2026/08/19,2026/08/19,2026/08/31,0:通常,0:通常,01,505101,国分後加工511,000051,国分後加工,049006,東ﾚ(株) 自材部,,,,,,,,,,,,,,,,,,,511101,国分工場01本倉庫,0015,末締,01,東レ本体,0:しない,,,,Y8-70,100,,,"27,144",0,0:未完,0:未完,0:通常,1:税抜,0,3:請求合計,1:金額,0:円未満,5:四捨五入,0:切り捨て,9:切り上げ,1:発行済,0:未承認,,0:しない,1:修正,,,,,,0051,国分,,,,,,,,,1:後加工,2026/08/19,1:通常,ゼネラル化成,,,0,,,,,0:1明細目,,接続：ベージュテープ50mm幅　ぬれ検査頻度：1回/5本　融着行き,"EC,融着",87.00,540,1,2,"Q面EC
Q面外出し融着",,50103,トーレペフ Y(工材),1:対象外,0,0.00,87.00,,,,"27,144",0,87.00,312.00,A1OK0NGA2200ZG3,551,ペフ,50103,トーレペフ Y(工材),,,999999,対象外,,,000001,2製品,02,社外加工,30200-NG20-1020x200ZA GA0U,,枚,0:自社,,,,済,済,2026/08/12,2026/08/12,,,190662H,,6713,河合 直樹,02,Ｑ面,0:なし,3,0
00082145,原反,001,2026/08/02,2026/08/19,2026/08/19,2026/08/31,0:通常,0:通常,01,505101,国分後加工511,000051,国分後加工,049006,東ﾚ(株) 自材部,,,,,,,,,,,,,,,,,,,511101,国分工場01本倉庫,0015,末締,01,東レ本体,0:しない,,,,Y8-70,100,,,"27,144",0,0:未完,0:未完,0:通常,1:税抜,0,3:請求合計,1:金額,0:円未満,5:四捨五入,0:切り捨て,9:切り上げ,1:発行済,0:未承認,,0:しない,1:修正,,,,,,0051,国分,,,,,,,,,1:後加工,2026/08/19,1:通常,ゼネラル化成,,,0,,,,,0:1明細目,,接続：ベージュテープ50mm幅　ぬれ検査頻度：1回/5本　融着行き,"EC,融着",87.00,540,1,2,"Q面EC
Q面外出し融着",,50103,トーレペフ Y(工材),1:対象外,0,0.00,360.00,SG,1021,EC,0,0,0.00,0.00,B1O66AGB0180FG3,551,ペフ,55109,ﾍﾟﾌ　その他,,,,,,,000001,2製品,02,社外加工,30066-AG20-1050X180FA GA0U,,m,0:自社,,,,,,,,,,,2026/08/10,6710,河合 直樹,,,,0,2
00082145,原反,002,2026/08/02,2026/08/19,2026/08/19,2026/08/31,0:通常,0:通常,01,505101,国分後加工511,000051,国分後加工,049006,東ﾚ(株) 自材部,,,,,,,,,,,,,,,,,,,511101,国分工場01本倉庫,0015,末締,01,東レ本体,0:しない,,,,Y8-70,100,,,"27,144",0,0:未完,0:未完,0:通常,1:税抜,0,3:請求合計,1:金額,0:円未満,5:四捨五入,0:切り捨て,9:切り上げ,1:発行済,0:未承認,,0:しない,1:修正,,,,,,0051,国分,,,,,,,,,1:後加工,2026/08/19,1:通常,ゼネラル化成,,,0,,,,,0:1明細目,,接続：ベージュテープ50mm幅　ぬれ検査頻度：1回/5本　融着行き,"EC,融着",87.00,540,1,2,"Q面EC
Q面外出し融着",,50103,トーレペフ Y(工材),1:対象外,0,0.00,180.00,SG,1121,融着機,0,0,0.00,0.00,B1O66AGB0180FG3,551,ペフ,55109,ﾍﾟﾌ　その他,,,,,,,000001,2製品,02,社外加工,30066-AG20-1050X180FA GA0U,,m,0:自社,,,,,,,,,,,2026/08/10,6710,河合 直樹,,,,0,1
00082147,製品,001,2026/08/02,2026/08/20,2026/08/20,2026/08/31,0:通常,0:通常,01,505101,国分後加工511,000051,国分後加工,049006,東ﾚ(株) 自材部,,,,,,,,,,,,,,,,,,,511101,国分工場01本倉庫,0015,末締,01,東レ本体,0:しない,,,,Y8-61,100,,,"19,200",0,0:未完,0:未完,0:通常,1:税抜,0,3:請求合計,1:金額,0:円未満,5:四捨五入,0:切り捨て,9:切り上げ,1:発行済,0:未承認,,0:しない,1:修正,,,,,,0051,国分,,,,,,,,,1:後加工,2026/08/20,1:通常,サンエイ,,,0,,,,,0:1明細目,カール注意,熱風設定温度：夏季上：310℃・下：330℃、冬季上：320℃・下：340℃,融着,96.00,400,1,2,,,50103,トーレペフ Y(工材),1:対象外,0,0.00,96.00,,,,"19,200",0,96.00,200.00,A1OFBDG98200ZN1,551,ペフ,50103,トーレペフ Y(工材),,,999999,対象外,,,000001,2製品,02,社外加工,30150-DG00-980x200ZA,,枚,0:自社,,,,済,済,2026/08/17,2026/08/17,,,191290J,,6713,河合 直樹,,,0:なし,2,0
00082147,原反,001,2026/08/02,2026/08/20,2026/08/20,2026/08/31,0:通常,0:通常,01,505101,国分後加工511,000051,国分後加工,049006,東ﾚ(株) 自材部,,,,,,,,,,,,,,,,,,,511101,国分工場01本倉庫,0015,末締,01,東レ本体,0:しない,,,,Y8-61,100,,,"19,200",0,0:未完,0:未完,0:通常,1:税抜,0,3:請求合計,1:金額,0:円未満,5:四捨五入,0:切り捨て,9:切り上げ,1:発行済,0:未承認,,0:しない,1:修正,,,,,,0051,国分,,,,,,,,,1:後加工,2026/08/20,1:通常,サンエイ,,,0,,,,,0:1明細目,カール注意,熱風設定温度：夏季上：310℃・下：330℃、冬季上：320℃・下：340℃,融着,96.00,400,1,2,,,50103,トーレペフ Y(工材),1:対象外,0,0.00,200.00,SG,1121,融着機,0,0,0.00,0.00,B1OA0AGA0100FN1,551,ペフ,55109,ﾍﾟﾌ　その他,,,,,,,000001,2製品,02,社外加工,30100-AG00-1000X100FA    C,,m,0:自社,,,,,,,,,,,2026/08/17,6710,河合 直樹,,,,0,2
00082147,原反,002,2026/08/02,2026/08/20,2026/08/20,2026/08/31,0:通常,0:通常,01,505101,国分後加工511,000051,国分後加工,049006,東ﾚ(株) 自材部,,,,,,,,,,,,,,,,,,,511101,国分工場01本倉庫,0015,末締,01,東レ本体,0:しない,,,,Y8-61,100,,,"19,200",0,0:未完,0:未完,0:通常,1:税抜,0,3:請求合計,1:金額,0:円未満,5:四捨五入,0:切り捨て,9:切り上げ,1:発行済,0:未承認,,0:しない,1:修正,,,,,,0051,国分,,,,,,,,,1:後加工,2026/08/20,1:通常,サンエイ,,,0,,,,,0:1明細目,カール注意,熱風設定温度：夏季上：310℃・下：330℃、冬季上：320℃・下：340℃,融着,96.00,400,1,2,,,50103,トーレペフ Y(工材),1:対象外,0,0.00,200.00,SG,1121,融着機,0,0,0.00,0.00,B1O50AGA0200FN1,551,ペフ,55109,ﾍﾟﾌ　その他,,,,,,,000003,4原材料,02,社外加工,30050-AG00-1000X200FA    C,,m,0:自社,,,,,,,,,,,2026/08/17,6710,河合 直樹,,,,0,1
00082149,製品,001,2026/08/02,2026/08/17,2026/08/17,2026/08/31,0:通常,0:通常,01,505101,国分後加工511,000051,国分後加工,049006,東ﾚ(株) 自材部,,,,,,,,,,,,,,,,,,,511101,国分工場01本倉庫,0015,末締,01,東レ本体,0:しない,,,,W8-5,100,,,"53,784",0,0:未完,0:未完,0:通常,1:税抜,0,3:請求合計,1:金額,0:円未満,5:四捨五入,0:切り捨て,9:切り上げ,1:発行済,0:未承認,,0:しない,1:修正,,,,,,0051,国分,,,,,,,,,1:後加工,2026/08/17,1:通常,共和天1,,,0,,,,,0:1明細目,"欠点個数確認　201～205m長以下は欠点５個以下　接続：３個以内　両面緑テープ
Ｑ区分：Ｈ面端部赤テープとＨ面中央部黒マジック+Ｑ面中央部黒テープ
実数と合致していれば赤丸",,EC,"2,988.00","3,000",2,1,"欠点個数確認チェック
ラベル◎",,50101,トーレペフ W(自材),1:対象外,0,0.00,"2,750.00",,,,"49,500",0,"2,750.00",18.00,A1N25JPB0250FNA,551,ペフ,50101,トーレペフ W(自材),,,,,,,000001,2製品,02,社外加工,25025-JP17-1100X250F-A   Q,,m,0:自社,,,,済,済,2026/08/07,2026/08/10,2026/08/12,2026/08/12,190606L,,6783,河合 直樹,02,Ｑ面,0:なし,0,0
00082149,製品,002,2026/08/02,2026/08/17,2026/08/17,2026/08/31,0:通常,0:通常,01,505101,国分後加工511,000051,国分後加工,049006,東ﾚ(株) 自材部,,,,,,,,,,,,,,,,,,,511101,国分工場01本倉庫,0015,末締,01,東レ本体,0:しない,,,,W8-5,100,,,"53,784",0,0:未完,0:未完,0:通常,1:税抜,0,3:請求合計,1:金額,0:円未満,5:四捨五入,0:切り捨て,9:切り上げ,1:発行済,0:未承認,,0:しない,1:修正,,,,,,0051,国分,,,,,,,,,1:後加工,2026/08/17,1:通常,共和天1,,,0,,,,,0:1明細目,"欠点個数確認　201～205m長以下は欠点５個以下　接続：３個以内　両面緑テープ
Ｑ区分：Ｈ面端部赤テープとＨ面中央部黒マジック+Ｑ面中央部黒テープ
実数と合致していれば赤丸",,EC,"2,988.00","3,000",2,1,"欠点個数確認チェック
ラベル◎",,50101,トーレペフ W(自材),1:対象外,0,0.00,238.00,,,,"4,284",0,238.00,18.00,A1N25JPB0235FNA,551,ペフ,50101,トーレペフ W(自材),,,,,,,000001,2製品,02,社外加工,25025-JP17-1100X238F-A   Q,短尺：235-239ｍ,m,0:自社,,,,済,済,2026/08/18,2026/08/18,2026/08/12,2026/08/12,191442L,,6783,河合 直樹,,,0:なし,0,0
00082149,原反,001,2026/08/02,2026/08/17,2026/08/17,2026/08/31,0:通常,0:通常,01,505101,国分後加工511,000051,国分後加工,049006,東ﾚ(株) 自材部,,,,,,,,,,,,,,,,,,,511101,国分工場01本倉庫,0015,末締,01,東レ本体,0:しない,,,,W8-5,100,,,"53,784",0,0:未完,0:未完,0:通常,1:税抜,0,3:請求合計,1:金額,0:円未満,5:四捨五入,0:切り捨て,9:切り上げ,1:発行済,0:未承認,,0:しない,1:修正,,,,,,0051,国分,,,,,,,,,1:後加工,2026/08/17,1:通常,共和天1,,,0,,,,,0:1明細目,"欠点個数確認　201～205m長以下は欠点５個以下　接続：３個以内　両面緑テープ
Ｑ区分：Ｈ面端部赤テープとＨ面中央部黒マジック+Ｑ面中央部黒テープ
実数と合致していれば赤丸",,EC,"2,988.00","3,000",2,1,"欠点個数確認チェック
ラベル◎",,50101,トーレペフ W(自材),1:対象外,0,0.00,"3,000.00",SG,1021,EC,0,0,0.00,0.00,B1N25APB1250FN1,551,ペフ,55109,ﾍﾟﾌ　その他,,,,,,,000001,2製品,02,社外加工,25025-AP17-1100X250FA    P,,m,0:自社,,,,,,,,,,,2026/08/06,6780,河合 直樹,,,,0,12
00082150,製品,001,2026/08/02,2026/08/05,2026/08/05,2026/08/31,0:通常,0:通常,01,505101,国分後加工511,000051,国分後加工,049006,東ﾚ(株) 自材部,,,,,,,,,,,,,,,,,,,511101,国分工場01本倉庫,0015,末締,01,東レ本体,0:しない,,,,Y8-88,100,,,"9,000",0,1:完了,1:完了,0:通常,1:税抜,0,3:請求合計,1:金額,0:円未満,5:四捨五入,0:切り捨て,9:切り上げ,1:発行済,0:未承認,,0:しない,1:修正,,,,,,0051,国分,,,,,,,,,1:後加工,2026/08/05,1:通常,芙蓉,,,0,,,,,0:1明細目,,"1本目入れ目：5ｍ
2本目は現状と同じく全量巻き付けてください",分割,600.00,600,1,1,8/5出荷,,50103,トーレペフ Y(工材),1:対象外,0,0.00,600.00,,,,"9,000",0,600.00,15.00,A1O60AGA0100FN1,551,ペフ,50103,トーレペフ Y(工材),,,999999,対象外,,,000001,2製品,02,社外加工,30060-AG00-1000X100FA BK0C,,m,0:自社,,,,済,済,2026/08/05,2026/08/05,2026/08/12,2026/08/12,190793K,,6713,河合 直樹,,,0:なし,0,0
00082150,原反,001,2026/08/02,2026/08/05,2026/08/05,2026/08/31,0:通常,0:通常,01,505101,国分後加工511,000051,国分後加工,049006,東ﾚ(株) 自材部,,,,,,,,,,,,,,,,,,,511101,国分工場01本倉庫,0015,末締,01,東レ本体,0:しない,,,,Y8-88,100,,,"9,000",0,1:完了,1:完了,0:通常,1:税抜,0,3:請求合計,1:金額,0:円未満,5:四捨五入,0:切り捨て,9:切り上げ,1:発行済,0:未承認,,0:しない,1:修正,,,,,,0051,国分,,,,,,,,,1:後加工,2026/08/05,1:通常,芙蓉,,,0,,,,,0:1明細目,,"1本目入れ目：5ｍ
2本目は現状と同じく全量巻き付けてください",分割,600.00,600,1,1,8/5出荷,,50103,トーレペフ Y(工材),1:対象外,0,0.00,600.00,SG,1043,スリット機2,0,0,0.00,0.00,B1O60AGA0200FBD,551,ペフ,55109,ﾍﾟﾌ　その他,,,,,,,000001,2製品,02,社外加工,30060-AG00-1000X200F-ABK0C,,m,0:自社,,,,,,,,,,,2026/08/04,6710,河合 直樹,,,,0,3
00082151,製品,001,2026/08/02,2026/08/19,2026/08/19,2026/08/31,0:通常,0:通常,01,505101,国分後加工511,000051,国分後加工,049006,東ﾚ(株) 自材部,,,,,,,,,,,,,,,,,,,511101,国分工場01本倉庫,0015,末締,01,東レ本体,0:しない,,,,Y8-81,100,,,"13,200",0,1:完了,0:未完,0:通常,1:税抜,0,3:請求合計,1:金額,0:円未満,5:四捨五入,0:切り捨て,9:切り上げ,1:発行済,0:未承認,,0:しない,1:修正,,,,,,0051,国分,,,,,,,,,1:後加工,2026/08/19,1:通常,丸信小山,,,0,,,,,0:1明細目,,,スライス,"1,200.00",600,1,1,,,50103,トーレペフ Y(工材),1:対象外,0,0.00,"1,200.00",,,,"13,200",0,"1,200.00",11.00,A1O20BGA5200FN1,551,ペフ,50103,トーレペフ Y(工材),,,999999,対象外,,,000001,2製品,02,社外加工,30020-BG00-1050x200FA C,,m,0:自社,,,,済,済,2026/08/12,2026/08/12,,,190784M,,6713,河合 直樹,,,0:なし,0,0
00082151,原反,001,2026/08/02,2026/08/19,2026/08/19,2026/08/31,0:通常,0:通常,01,505101,国分後加工511,000051,国分後加工,049006,東ﾚ(株) 自材部,,,,,,,,,,,,,,,,,,,511101,国分工場01本倉庫,0015,末締,01,東レ本体,0:しない,,,,Y8-81,100,,,"13,200",0,1:完了,0:未完,0:通常,1:税抜,0,3:請求合計,1:金額,0:円未満,5:四捨五入,0:切り捨て,9:切り上げ,1:発行済,0:未承認,,0:しない,1:修正,,,,,,0051,国分,,,,,,,,,1:後加工,2026/08/19,1:通常,丸信小山,,,0,,,,,0:1明細目,,,スライス,"1,200.00",600,1,1,,,50103,トーレペフ Y(工材),1:対象外,0,0.00,600.00,SG,1011,スライス機1,0,0,0.00,0.00,B1O40AGA5200FN1,551,ペフ,55109,ﾍﾟﾌ　その他,,,,,,,000001,2製品,02,社外加工,30040-AG00-1050X200FA    C,,m,0:自社,,,,,,,,,,,2026/08/10,6710,河合 直樹,,,,0,3
00082152,製品,001,2026/08/02,2026/08/21,2026/08/21,2026/08/31,0:通常,0:通常,01,505101,国分後加工511,000051,国分後加工,049006,東ﾚ(株) 自材部,,,,,,,,,,,,,,,,,,,511101,国分工場01本倉庫,0015,末締,01,東レ本体,0:しない,,,,Y8-82,100,,,"1,600",0,1:完了,0:未完,0:通常,1:税抜,0,3:請求合計,1:金額,0:円未満,5:四捨五入,0:切り捨て,9:切り上げ,1:発行済,0:未承認,,0:しない,1:修正,,,,,,0051,国分,,,,,,,,,1:後加工,2026/08/21,1:通常,芙蓉アステック,,,0,,,,,0:1明細目,,,カット,100.00,200,1,1,,,50103,トーレペフ Y(工材),1:対象外,0,0.00,100.00,,,,"1,600",0,100.00,16.00,A1O50AGA0200ZN1,551,ペフ,50103,トーレペフ Y(工材),,,999999,対象外,,,000001,2製品,02,社外加工,30050-AG00-1000x200ZA,,枚,0:自社,,,,済,済,2026/08/17,2026/08/17,,,190785H,,6713,河合 直樹,,,0:なし,0,0
00082152,原反,001,2026/08/02,2026/08/21,2026/08/21,2026/08/31,0:通常,0:通常,01,505101,国分後加工511,000051,国分後加工,049006,東ﾚ(株) 自材部,,,,,,,,,,,,,,,,,,,511101,国分工場01本倉庫,0015,末締,01,東レ本体,0:しない,,,,Y8-82,100,,,"1,600",0,1:完了,0:未完,0:通常,1:税抜,0,3:請求合計,1:金額,0:円未満,5:四捨五入,0:切り捨て,9:切り上げ,1:発行済,0:未承認,,0:しない,1:修正,,,,,,0051,国分,,,,,,,,,1:後加工,2026/08/21,1:通常,芙蓉アステック,,,0,,,,,0:1明細目,,,カット,100.00,200,1,1,,,50103,トーレペフ Y(工材),1:対象外,0,0.00,200.00,SG,1041,単板カット機,0,0,0.00,0.00,B1O50AGA0200FN1,551,ペフ,55109,ﾍﾟﾌ　その他,,,,,,,000003,4原材料,02,社外加工,30050-AG00-1000x200FA C,,m,0:自社,,,,,,,,,,,2026/08/17,6710,河合 直樹,,,,0,1
00082153,製品,001,2026/08/02,2026/08/20,2026/08/20,2026/08/31,0:通常,0:通常,01,505101,国分後加工511,000051,国分後加工,049006,東ﾚ(株) 自材部,,,,,,,,,,,,,,,,,,,511101,国分工場01本倉庫,0015,末締,01,東レ本体,0:しない,,,,Y8-83,100,,,"4,800",0,1:完了,0:未完,0:通常,1:税抜,0,3:請求合計,1:金額,0:円未満,5:四捨五入,0:切り捨て,9:切り上げ,1:発行済,0:未承認,,0:しない,1:修正,,,,,,0051,国分,,,,,,,,,1:後加工,2026/08/20,1:通常,ミツマル,,,0,,,,,0:1明細目,,"原反AG20のカット実測長は+10mmで加工する。
ｶｯﾄ長さｾｯﾄ値（目安）2030mm",カット,300.00,600,1,1,,,50103,トーレペフ Y(工材),1:対象外,0,0.00,300.00,,,,"4,800",0,300.00,16.00,A1O50AGA5200ZG3,551,ペフ,50103,トーレペフ Y(工材),,,999999,対象外,,,000001,2製品,02,社外加工,30050-AG20-1050X200ZA GA0U,,枚,0:自社,,,,済,済,2026/08/12,2026/08/12,,,190787T,,6713,河合 直樹,,,0:なし,0,0
00082153,原反,001,2026/08/02,2026/08/20,2026/08/20,2026/08/31,0:通常,0:通常,01,505101,国分後加工511,000051,国分後加工,049006,東ﾚ(株) 自材部,,,,,,,,,,,,,,,,,,,511101,国分工場01本倉庫,0015,末締,01,東レ本体,0:しない,,,,Y8-83,100,,,"4,800",0,1:完了,0:未完,0:通常,1:税抜,0,3:請求合計,1:金額,0:円未満,5:四捨五入,0:切り捨て,9:切り上げ,1:発行済,0:未承認,,0:しない,1:修正,,,,,,0051,国分,,,,,,,,,1:後加工,2026/08/20,1:通常,ミツマル,,,0,,,,,0:1明細目,,"原反AG20のカット実測長は+10mmで加工する。
ｶｯﾄ長さｾｯﾄ値（目安）2030mm",カット,300.00,600,1,1,,,50103,トーレペフ Y(工材),1:対象外,0,0.00,600.00,SG,1041,単板カット機,0,0,0.00,0.00,B1O50AGA5200FG3,551,ペフ,50103,トーレペフ Y(工材),,,,,,,000003,4原材料,02,社外加工,30050-AG20-1050X200F-AGA0U,,m,0:自社,,,,,,,,,,,2026/08/07,6710,河合 直樹,,,,0,3
00082154,製品,001,2026/08/02,2026/08/24,2026/08/24,2026/08/31,0:通常,0:通常,01,505101,国分後加工511,000051,国分後加工,049006,東ﾚ(株) 自材部,,,,,,,,,,,,,,,,,,,511101,国分工場01本倉庫,0015,末締,01,東レ本体,0:しない,,,,Y8-84,100,,,800,0,1:完了,0:未完,0:通常,1:税抜,0,3:請求合計,1:金額,0:円未満,5:四捨五入,0:切り捨て,9:切り上げ,1:発行済,0:未承認,,0:しない,1:修正,,,,,,0051,国分,,,,,,,,,1:後加工,2026/08/24,1:通常,サンエイ,,,0,,,,,0:1明細目,,ｶｯﾄ長さｾｯﾄ値（目安）2030mm,カット,50.00,100,1,1,,,50103,トーレペフ Y(工材),1:対象外,0,0.00,50.00,,,,800,0,50.00,16.00,A1OA0AGA0200ZN1,551,ペフ,50103,トーレペフ Y(工材),,,999999,対象外,,,000001,2製品,02,社外加工,30100-AG00-1000x200ZA,,枚,0:自社,,,,済,済,2026/08/17,2026/08/17,,,190789J,,6713,河合 直樹,,,0:なし,0,0
00082154,原反,001,2026/08/02,2026/08/24,2026/08/24,2026/08/31,0:通常,0:通常,01,505101,国分後加工511,000051,国分後加工,049006,東ﾚ(株) 自材部,,,,,,,,,,,,,,,,,,,511101,国分工場01本倉庫,0015,末締,01,東レ本体,0:しない,,,,Y8-84,100,,,800,0,1:完了,0:未完,0:通常,1:税抜,0,3:請求合計,1:金額,0:円未満,5:四捨五入,0:切り捨て,9:切り上げ,1:発行済,0:未承認,,0:しない,1:修正,,,,,,0051,国分,,,,,,,,,1:後加工,2026/08/24,1:通常,サンエイ,,,0,,,,,0:1明細目,,ｶｯﾄ長さｾｯﾄ値（目安）2030mm,カット,50.00,100,1,1,,,50103,トーレペフ Y(工材),1:対象外,0,0.00,100.00,SG,1041,単板カット機,0,0,0.00,0.00,B1OA0AGA0100FN1,551,ペフ,55109,ﾍﾟﾌ　その他,,,,,,,000001,2製品,02,社外加工,30100-AG00-1000X100FA    C,,m,0:自社,,,,,,,,,,,2026/08/17,6710,河合 直樹,,,,0,1
00082155,製品,001,2026/08/02,2026/08/24,2026/08/24,2026/08/31,0:通常,0:通常,01,505101,国分後加工511,000051,国分後加工,049006,東ﾚ(株) 自材部,,,,,,,,,,,,,,,,,,,511101,国分工場01本倉庫,0015,末締,01,東レ本体,0:しない,,,,Y8-85,100,,,"4,400",0,0:未完,0:未完,0:通常,1:税抜,0,3:請求合計,1:金額,0:円未満,5:四捨五入,0:切り捨て,9:切り上げ,1:発行済,0:未承認,,0:しない,1:修正,,,,,,0051,国分,,,,,,,,,1:後加工,2026/08/24,1:通常,旭工業繊維,,,0,,,,,0:1明細目,,穴あき発生時は除去・接続のこと。東ﾚ管理基準書2020-013参照。,スライス,400.00,200,1,1,,,50103,トーレペフ Y(工材),1:対象外,0,0.00,400.00,,,,"4,400",0,400.00,11.00,A1O25BVA0200FN1,551,ペフ,50103,トーレペフ Y(工材),,,999999,対象外,,,000001,2製品,02,社外加工,30025-BV90-1000x200FA C,,m,0:自社,,,,済,,,,,,190790A,,6783,河合 直樹,,,0:なし,0,0
00082155,原反,001,2026/08/02,2026/08/24,2026/08/24,2026/08/31,0:通常,0:通常,01,505101,国分後加工511,000051,国分後加工,049006,東ﾚ(株) 自材部,,,,,,,,,,,,,,,,,,,511101,国分工場01本倉庫,0015,末締,01,東レ本体,0:しない,,,,Y8-85,100,,,"4,400",0,0:未完,0:未完,0:通常,1:税抜,0,3:請求合計,1:金額,0:円未満,5:四捨五入,0:切り捨て,9:切り上げ,1:発行済,0:未承認,,0:しない,1:修正,,,,,,0051,国分,,,,,,,,,1:後加工,2026/08/24,1:通常,旭工業繊維,,,0,,,,,0:1明細目,,穴あき発生時は除去・接続のこと。東ﾚ管理基準書2020-013参照。,スライス,400.00,200,1,1,,,50103,トーレペフ Y(工材),1:対象外,0,0.00,200.00,SG,1022,スライス機3,0,0,0.00,0.00,B1O50AVA0200FNA,551,ペフ,55109,ﾍﾟﾌ　その他,,,,,,,000001,2製品,02,社外加工,30050-AV90-1000X200FA    C,,m,0:自社,,,,,,,,,,,2026/08/18,6780,河合 直樹,,,,0,1
00082156,製品,001,2026/08/02,2026/08/21,2026/08/21,2026/08/31,0:通常,0:通常,01,505101,国分後加工511,000051,国分後加工,049006,東ﾚ(株) 自材部,,,,,,,,,,,,,,,,,,,511101,国分工場01本倉庫,0015,末締,01,東レ本体,0:しない,,,,Y8-86,100,,,"51,300",0,1:完了,1:完了,0:通常,1:税抜,0,3:請求合計,1:金額,0:円未満,5:四捨五入,0:切り捨て,9:切り上げ,1:発行済,0:未承認,,0:しない,1:修正,,,,,,0051,国分,,,,,,,,,1:後加工,2026/08/21,1:通常,共同技研,,,0,,,,,0:1明細目,,"紙管：挿入有:3x10x1020(通い)　　無:3x3x1000　梱包仕様：紙,ﾌｲﾙﾑ　厚みサンプル：毎ﾛｰﾙ40cm　ぬれ検査頻度：1回/5本",LAC,900.00,900,1,1,３インチ紙管,,50103,トーレペフ Y(工材),1:対象外,0,0.00,900.00,,,,"51,300",0,900.00,57.00,A1707NC98300FN1,551,ペフ,50103,トーレペフ Y(工材),,,999999,対象外,,,000001,2製品,02,社外加工,5Z007-NC00-980X300FA   C,,m,0:自社,,,,済,済,2026/08/07,2026/08/07,2026/08/12,2026/08/12,190791V,,6713,河合 直樹,01,両面,0:なし,0,0
00082156,原反,001,2026/08/02,2026/08/21,2026/08/21,2026/08/31,0:通常,0:通常,01,505101,国分後加工511,000051,国分後加工,049006,東ﾚ(株) 自材部,,,,,,,,,,,,,,,,,,,511101,国分工場01本倉庫,0015,末締,01,東レ本体,0:しない,,,,Y8-86,100,,,"51,300",0,1:完了,1:完了,0:通常,1:税抜,0,3:請求合計,1:金額,0:円未満,5:四捨五入,0:切り捨て,9:切り上げ,1:発行済,0:未承認,,0:しない,1:修正,,,,,,0051,国分,,,,,,,,,1:後加工,2026/08/21,1:通常,共同技研,,,0,,,,,0:1明細目,,"紙管：挿入有:3x10x1020(通い)　　無:3x3x1000　梱包仕様：紙,ﾌｲﾙﾑ　厚みサンプル：毎ﾛｰﾙ40cm　ぬれ検査頻度：1回/5本",LAC,900.00,900,1,1,３インチ紙管,,50103,トーレペフ Y(工材),1:対象外,0,0.00,900.00,SG,1013,LAC/EC機,0,0,0.00,0.00,B1711AZB0300FN1,551,ペフ,55109,ﾍﾟﾌ　その他,,,,,,,000001,2製品,02,社外加工,07011-AZ00-1100X300FA    C,,m,0:自社,,,,,,,,,,,2026/08/06,6710,河合 直樹,,,,0,3
00082157,製品,001,2026/08/02,2026/08/21,2026/08/21,2026/08/31,0:通常,0:通常,01,505101,国分後加工511,000051,国分後加工,049006,東ﾚ(株) 自材部,,,,,,,,,,,,,,,,,,,511101,国分工場01本倉庫,0015,末締,01,東レ本体,0:しない,,,,Y8-87,100,,,"57,600",0,1:完了,0:未完,0:通常,1:税抜,0,3:請求合計,1:金額,0:円未満,5:四捨五入,0:切り捨て,9:切り上げ,1:発行済,0:未承認,,0:しない,1:修正,,,,,,0051,国分,,,,,,,,,1:後加工,2026/08/21,1:通常,東京ケミカル,,,0,,,,,0:1明細目,東京ケミカル:サンプル不要,"紙管：3x3x1000　梱包：紙,ﾌｲﾙﾑ　厚みサンプル：毎ﾛｰﾙ40cm","LAC,接続",800.00,720,1,1,,,50103,トーレペフ Y(工材),1:対象外,0,0.00,800.00,,,,"57,600",0,800.00,72.00,A1708NDA0400FN1,551,ペフ,50103,トーレペフ Y(工材),,,999999,対象外,,,000001,2製品,02,社外加工,5S008-ND00-1000x400FA C,,m,0:自社,,,,一部,一部,2026/08/10,2026/08/10,,,190792B,,6713,河合 直樹,01,両面,0:なし,0,0
00082157,原反,001,2026/08/02,2026/08/21,2026/08/21,2026/08/31,0:通常,0:通常,01,505101,国分後加工511,000051,国分後加工,049006,東ﾚ(株) 自材部,,,,,,,,,,,,,,,,,,,511101,国分工場01本倉庫,0015,末締,01,東レ本体,0:しない,,,,Y8-87,100,,,"57,600",0,1:完了,0:未完,0:通常,1:税抜,0,3:請求合計,1:金額,0:円未満,5:四捨五入,0:切り捨て,9:切り上げ,1:発行済,0:未承認,,0:しない,1:修正,,,,,,0051,国分,,,,,,,,,1:後加工,2026/08/21,1:通常,東京ケミカル,,,0,,,,,0:1明細目,東京ケミカル:サンプル不要,"紙管：3x3x1000　梱包：紙,ﾌｲﾙﾑ　厚みサンプル：毎ﾛｰﾙ40cm","LAC,接続",800.00,720,1,1,,,50103,トーレペフ Y(工材),1:対象外,0,0.00,720.00,SG,1013,LAC/EC機,0,0,0.00,0.00,B1711AMB0180FN1,551,ペフ,55109,ﾍﾟﾌ　その他,,,,,,,000001,2製品,02,社外加工,07011-AM00-1100X180FA    C,,m,0:自社,,,,,,,,,,,2026/08/06,6710,河合 直樹,,,,0,4
00082158,製品,001,2026/08/02,2026/09/07,2026/09/07,2026/08/31,0:通常,0:通常,01,505101,国分後加工511,000051,国分後加工,049006,東ﾚ(株) 自材部,,,,,,,,,,,,,,,,,,,511101,国分工場01本倉庫,0015,末締,01,東レ本体,0:しない,,,,Y8-89,100,,,"17,600",0,0:未完,0:未完,0:通常,1:税抜,0,3:請求合計,1:金額,0:円未満,5:四捨五入,0:切り捨て,9:切り上げ,1:発行済,0:未承認,,0:しない,1:修正,,,,,,0051,国分,,,,,,,,,1:後加工,2026/09/07,1:通常,光洋産業,,,0,,,,,0:1明細目,,,スライス,"1,600.00",800,1,1,,,50103,トーレペフ Y(工材),1:対象外,0,0.00,"1,600.00",,,,"17,600",0,"1,600.00",11.00,A1O20BGA5200FG3,551,ペフ,50103,トーレペフ Y(工材),,,999999,対象外,,,000001,2製品,02,社外加工,30020-BG20-1050X200F-AGA0U,,m,0:自社,,,,,,,,,,190795W,,6713,河合 直樹,,,0:なし,0,0
00082158,原反,001,2026/08/02,2026/09/07,2026/09/07,2026/08/31,0:通常,0:通常,01,505101,国分後加工511,000051,国分後加工,049006,東ﾚ(株) 自材部,,,,,,,,,,,,,,,,,,,511101,国分工場01本倉庫,0015,末締,01,東レ本体,0:しない,,,,Y8-89,100,,,"17,600",0,0:未完,0:未完,0:通常,1:税抜,0,3:請求合計,1:金額,0:円未満,5:四捨五入,0:切り捨て,9:切り上げ,1:発行済,0:未承認,,0:しない,1:修正,,,,,,0051,国分,,,,,,,,,1:後加工,2026/09/07,1:通常,光洋産業,,,0,,,,,0:1明細目,,,スライス,"1,600.00",800,1,1,,,50103,トーレペフ Y(工材),1:対象外,0,0.00,800.00,SG,1011,スライス機1,0,0,0.00,0.00,B1O40AGA5200FG3,551,ペフ,50106,トーレペフ T(工材),,,,,,,000003,4原材料,02,社外加工,30040-AG20-1050X200FA GA0U,,m,0:自社,,,,,,,,,,,2026/09/01,6710,河合 直樹,,,,0,4
00082159,製品,001,2026/08/02,2026/08/25,2026/08/25,2026/08/31,0:通常,0:通常,01,505101,国分後加工511,000051,国分後加工,049006,東ﾚ(株) 自材部,,,,,,,,,,,,,,,,,,,511101,国分工場01本倉庫,0015,末締,01,東レ本体,0:しない,,,,Y8-90,100,,,"20,880",0,0:未完,0:未完,0:通常,1:税抜,0,3:請求合計,1:金額,0:円未満,5:四捨五入,0:切り捨て,9:切り上げ,1:発行済,0:未承認,,0:しない,1:修正,,,,,,0051,国分,,,,,,,,,1:後加工,2026/08/25,1:通常,光洋産業,,,0,,,,,0:1明細目,,熱風温度上下：夏季370℃、冬季380℃,融着,87.00,540,1,1,,,50103,トーレペフ Y(工材),1:対象外,0,0.00,87.00,,,,"20,880",0,87.00,240.00,A1OK0DGA0200ZG3,551,ペフ,50103,トーレペフ Y(工材),,,999999,対象外,,,000001,2製品,02,社外加工,30200-DG20-1000x200ZAGA0U,原反30066*3層,枚,0:自社,,,,済,済,,,,,190796R,,6713,河合 直樹,,,1:あり,3,0
00082159,原反,001,2026/08/02,2026/08/25,2026/08/25,2026/08/31,0:通常,0:通常,01,505101,国分後加工511,000051,国分後加工,049006,東ﾚ(株) 自材部,,,,,,,,,,,,,,,,,,,511101,国分工場01本倉庫,0015,末締,01,東レ本体,0:しない,,,,Y8-90,100,,,"20,880",0,0:未完,0:未完,0:通常,1:税抜,0,3:請求合計,1:金額,0:円未満,5:四捨五入,0:切り捨て,9:切り上げ,1:発行済,0:未承認,,0:しない,1:修正,,,,,,0051,国分,,,,,,,,,1:後加工,2026/08/25,1:通常,光洋産業,,,0,,,,,0:1明細目,,熱風温度上下：夏季370℃、冬季380℃,融着,87.00,540,1,1,,,50103,トーレペフ Y(工材),1:対象外,0,0.00,540.00,SG,1121,融着機,0,0,0.00,0.00,B1O66AGA5180FG3,551,ペフ,55109,ﾍﾟﾌ　その他,,,,,,,000001,2製品,02,社外加工,30066-AG20-1050X180FA GA0U,,m,0:自社,,,,,,,,,,,2026/08/18,6710,河合 直樹,,,,0,3
00082160,製品,001,2026/08/02,2026/08/25,2026/08/25,2026/08/31,0:通常,0:通常,01,505101,国分後加工511,000051,国分後加工,049006,東ﾚ(株) 自材部,,,,,,,,,,,,,,,,,,,511101,国分工場01本倉庫,0015,末締,01,東レ本体,0:しない,,,,Y8-91,100,,,"23,280",0,1:完了,0:未完,0:通常,1:税抜,0,3:請求合計,1:金額,0:円未満,5:四捨五入,0:切り捨て,9:切り上げ,1:発行済,0:未承認,,0:しない,1:修正,,,,,,0051,国分,,,,,,,,,1:後加工,2026/08/25,1:通常,光洋産業,,,0,,,,,0:1明細目,,熱風温度上下：夏季370℃、冬季380℃,融着,97.00,600,1,1,,,50103,トーレペフ Y(工材),1:対象外,0,0.00,97.00,,,,"23,280",0,97.00,240.00,A1OF0DGA0200ZGC,551,ペフ,50103,トーレペフ Y(工材),,,999999,対象外,,,000001,2製品,02,社外加工,30150-DG20-1000X200ZA GA0U,,枚,0:自社,,,,済,済,2026/08/18,2026/08/18,,,190797L,,6713,河合 直樹,,,1:あり,3,0
00082160,原反,001,2026/08/02,2026/08/25,2026/08/25,2026/08/31,0:通常,0:通常,01,505101,国分後加工511,000051,国分後加工,049006,東ﾚ(株) 自材部,,,,,,,,,,,,,,,,,,,511101,国分工場01本倉庫,0015,末締,01,東レ本体,0:しない,,,,Y8-91,100,,,"23,280",0,1:完了,0:未完,0:通常,1:税抜,0,3:請求合計,1:金額,0:円未満,5:四捨五入,0:切り捨て,9:切り上げ,1:発行済,0:未承認,,0:しない,1:修正,,,,,,0051,国分,,,,,,,,,1:後加工,2026/08/25,1:通常,光洋産業,,,0,,,,,0:1明細目,,熱風温度上下：夏季370℃、冬季380℃,融着,97.00,600,1,1,,,50103,トーレペフ Y(工材),1:対象外,0,0.00,600.00,SG,1121,融着機,0,0,0.00,0.00,B1O66AGA5180FG3,551,ペフ,55109,ﾍﾟﾌ　その他,,,,,,,000001,2製品,02,社外加工,30050-AG20-1050X200FA GA0U,,m,0:自社,,,,,,,,,,,2026/08/18,6710,河合 直樹,,,,0,3
00082173,製品,001,2026/08/03,2026/08/18,2026/08/18,2026/08/31,0:通常,0:通常,01,505201,湖南52,000052,湖南工場,049006,東ﾚ(株) 自材部,,,,,,,,,,,,,,,,,,,520201,湖南工場01本倉庫,0015,末締,01,東レ本体,0:しない,,,,W8-5,100,,,"171,000",0,1:完了,1:完了,0:通常,1:税抜,0,3:請求合計,1:金額,0:円未満,5:四捨五入,0:切り捨て,9:切り上げ,1:発行済,0:未承認,,0:しない,1:修正,,,,,,,,,,,,,,,,1:後加工,2026/08/18,1:通常,共和ﾚｻﾞｰ,,,0,,,,,0:1明細目,,,"EC,検査","4,500.00","4,500",1,1,"欠点個数確認チェックラベル◎
確認済明記
粘着検査",,50101,トーレペフ W(自材),1:対象外,0,0.00,"4,500.00",,,,"171,000",0,"4,500.00",38.00,A2F20JX77300FN1,551,ペフ,50101,トーレペフ W(自材),,,,,,,000001,2製品,02,社外加工,15020-JX5R- 770X300F-A   R,,M,0:自社,,,,済,済,2026/08/17,2026/08/17,2026/08/18,2026/08/18,190987B,,6783,古家 淳子,03,Ｈ面,0:なし,0,0
00082173,原反,001,2026/08/03,2026/08/18,2026/08/18,2026/08/31,0:通常,0:通常,01,505201,湖南52,000052,湖南工場,049006,東ﾚ(株) 自材部,,,,,,,,,,,,,,,,,,,520201,湖南工場01本倉庫,0015,末締,01,東レ本体,0:しない,,,,W8-5,100,,,"171,000",0,1:完了,1:完了,0:通常,1:税抜,0,3:請求合計,1:金額,0:円未満,5:四捨五入,0:切り捨て,9:切り上げ,1:発行済,0:未承認,,0:しない,1:修正,,,,,,,,,,,,,,,,1:後加工,2026/08/18,1:通常,共和ﾚｻﾞｰ,,,0,,,,,0:1明細目,,,"EC,検査","4,500.00","4,500",1,1,"欠点個数確認チェックラベル◎
確認済明記
粘着検査",,50101,トーレペフ W(自材),0:対象,0,0.00,"4,500.00",S ,2012,EC機　湖南,0,0,0.00,0.00,B2F25AX77300FN1,551,ペフ,55109,ﾍﾟﾌ　その他,,,,,,,000001,2製品,02,社外加工,15020-AX5R- 770X300F-A   P,,,0:自社,,,,,,,,,,,2026/08/06,6780,古家 淳子,,,,0,15
00082174,製品,001,2026/08/03,2026/08/18,2026/08/18,2026/08/31,0:通常,0:通常,01,505201,湖南52,000052,湖南工場,049006,東ﾚ(株) 自材部,,,,,,,,,,,,,,,,,,,520201,湖南工場01本倉庫,0015,末締,01,東レ本体,0:しない,,,,W8-6,100,,,"171,000",0,1:完了,1:完了,0:通常,1:税抜,0,3:請求合計,1:金額,0:円未満,5:四捨五入,0:切り捨て,9:切り上げ,1:発行済,0:未承認,,0:しない,1:修正,,,,,,,,,,,,,,,,1:後加工,2026/08/18,1:通常,共和ﾚｻﾞｰ,,,0,,,,,0:1明細目,,,"EC,検査","4,500.00","4,500",1,1,"欠点個数確認チェックラベル◎
確認済明記
粘着検査",,50101,トーレペフ W(自材),1:対象外,0,0.00,"4,500.00",,,,"171,000",0,"4,500.00",38.00,A2F20JX77300FN1,551,ペフ,50101,トーレペフ W(自材),,,,,,,000001,2製品,02,社外加工,15020-JX5R- 770X300F-A   R,,M,0:自社,,,,済,済,2026/08/17,2026/08/17,2026/08/18,2026/08/18,190989F,,6783,古家 淳子,03,Ｈ面,0:なし,0,0
00082174,原反,001,2026/08/03,2026/08/18,2026/08/18,2026/08/31,0:通常,0:通常,01,505201,湖南52,000052,湖南工場,049006,東ﾚ(株) 自材部,,,,,,,,,,,,,,,,,,,520201,湖南工場01本倉庫,0015,末締,01,東レ本体,0:しない,,,,W8-6,100,,,"171,000",0,1:完了,1:完了,0:通常,1:税抜,0,3:請求合計,1:金額,0:円未満,5:四捨五入,0:切り捨て,9:切り上げ,1:発行済,0:未承認,,0:しない,1:修正,,,,,,,,,,,,,,,,1:後加工,2026/08/18,1:通常,共和ﾚｻﾞｰ,,,0,,,,,0:1明細目,,,"EC,検査","4,500.00","4,500",1,1,"欠点個数確認チェックラベル◎
確認済明記
粘着検査",,50101,トーレペフ W(自材),0:対象,0,0.00,"4,500.00",S ,2012,EC機　湖南,0,0,0.00,0.00,B2F25AX77300FN1,551,ペフ,55109,ﾍﾟﾌ　その他,,,,,,,000001,2製品,02,社外加工,15020-AX5R- 770X300F-A   P,,,0:自社,,,,,,,,,,,2026/08/06,6780,古家 淳子,,,,0,15
00082175,製品,001,2026/08/03,2026/08/21,2026/08/21,2026/08/31,0:通常,0:通常,01,505201,湖南52,000052,湖南工場,049006,東ﾚ(株) 自材部,,,,,,,,,,,,,,,,,,,520201,湖南工場01本倉庫,0015,末締,01,東レ本体,0:しない,,,,W8-7,100,,,"171,000",0,1:完了,1:完了,0:通常,1:税抜,0,3:請求合計,1:金額,0:円未満,5:四捨五入,0:切り捨て,9:切り上げ,1:発行済,0:未承認,,0:しない,1:修正,,,,,,,,,,,,,,,,1:後加工,2026/08/21,1:通常,共和ﾚｻﾞｰ,,,0,,,,,0:1明細目,,,"EC,検査","4,500.00","4,500",1,2,"欠点個数確認チェックラベル◎
確認済明記
粘着検査",,50101,トーレペフ W(自材),1:対象外,0,0.00,"4,500.00",,,,"171,000",0,"4,500.00",38.00,A2F20JXE4300FN1,551,ペフ,50101,トーレペフ W(自材),,,,,,,000001,2製品,02,社外加工,15020-JX5R-1440X300F-A   R,,M,0:自社,,,,済,済,2026/08/18,2026/08/18,2026/08/18,2026/08/18,190991R,,6783,古家 淳子,03,Ｈ面,0:なし,0,0
00082175,原反,001,2026/08/03,2026/08/21,2026/08/21,2026/08/31,0:通常,0:通常,01,505201,湖南52,000052,湖南工場,049006,東ﾚ(株) 自材部,,,,,,,,,,,,,,,,,,,520201,湖南工場01本倉庫,0015,末締,01,東レ本体,0:しない,,,,W8-7,100,,,"171,000",0,1:完了,1:完了,0:通常,1:税抜,0,3:請求合計,1:金額,0:円未満,5:四捨五入,0:切り捨て,9:切り上げ,1:発行済,0:未承認,,0:しない,1:修正,,,,,,,,,,,,,,,,1:後加工,2026/08/21,1:通常,共和ﾚｻﾞｰ,,,0,,,,,0:1明細目,,,"EC,検査","4,500.00","4,500",1,2,"欠点個数確認チェックラベル◎
確認済明記
粘着検査",,50101,トーレペフ W(自材),0:対象,0,0.00,"2,100.00",K ,2012,EC機　湖南,0,0,0.00,0.00,B2F20AXE4300FN1,551,ペフ,50101,トーレペフ W(自材),,,,,,,000001,2製品,02,社外加工,15020-AX5R-1440X300F-A   P,,,0:自社,,,,,,,,,,,2026/08/07,6780,古家 淳子,,,,0,7
00082175,原反,002,2026/08/03,2026/08/21,2026/08/21,2026/08/31,0:通常,0:通常,01,505201,湖南52,000052,湖南工場,049006,東ﾚ(株) 自材部,,,,,,,,,,,,,,,,,,,520201,湖南工場01本倉庫,0015,末締,01,東レ本体,0:しない,,,,W8-7,100,,,"171,000",0,1:完了,1:完了,0:通常,1:税抜,0,3:請求合計,1:金額,0:円未満,5:四捨五入,0:切り捨て,9:切り上げ,1:発行済,0:未承認,,0:しない,1:修正,,,,,,,,,,,,,,,,1:後加工,2026/08/21,1:通常,共和ﾚｻﾞｰ,,,0,,,,,0:1明細目,,,"EC,検査","4,500.00","4,500",1,2,"欠点個数確認チェックラベル◎
確認済明記
粘着検査",,50101,トーレペフ W(自材),0:対象,0,0.00,"2,400.00",S ,2012,EC機　湖南,0,0,0.00,0.00,B2F20AXE4300FN1,551,ペフ,50101,トーレペフ W(自材),,,,,,,000001,2製品,02,社外加工,15020-AX5R-1440X300F-A   P,,,0:自社,,,,,,,,,,,2026/08/07,6780,古家 淳子,,,,0,8
00082176,製品,001,2026/08/03,2026/08/21,2026/08/21,2026/08/31,0:通常,0:通常,01,505201,湖南52,000052,湖南工場,049006,東ﾚ(株) 自材部,,,,,,,,,,,,,,,,,,,520201,湖南工場01本倉庫,0015,末締,01,東レ本体,0:しない,,,,W8-8,100,,,"171,000",0,0:未完,0:未完,0:通常,1:税抜,0,3:請求合計,1:金額,0:円未満,5:四捨五入,0:切り捨て,9:切り上げ,1:発行済,0:未承認,,0:しない,1:修正,,,,,,,,,,,,,,,,1:後加工,2026/08/21,1:通常,共和ﾚｻﾞｰ,,,0,,,,,0:1明細目,,,"EC,検査","4,500.00","4,500",1,1,"欠点個数確認チェックラベル◎
確認済明記
粘着検査",,50101,トーレペフ W(自材),1:対象外,0,0.00,"4,500.00",,,,"171,000",0,"4,500.00",38.00,A2F20JXD0300FN1,551,ペフ,50101,トーレペフ W(自材),,,,,,,000001,2製品,02,社外加工,15020-JX5R-1300X300F-A   R,,M,0:自社,,,,済,済,,,,,190996M,,6783,古家 淳子,03,Ｈ面,0:なし,0,0
00082176,原反,001,2026/08/03,2026/08/21,2026/08/21,2026/08/31,0:通常,0:通常,01,505201,湖南52,000052,湖南工場,049006,東ﾚ(株) 自材部,,,,,,,,,,,,,,,,,,,520201,湖南工場01本倉庫,0015,末締,01,東レ本体,0:しない,,,,W8-8,100,,,"171,000",0,0:未完,0:未完,0:通常,1:税抜,0,3:請求合計,1:金額,0:円未満,5:四捨五入,0:切り捨て,9:切り上げ,1:発行済,0:未承認,,0:しない,1:修正,,,,,,,,,,,,,,,,1:後加工,2026/08/21,1:通常,共和ﾚｻﾞｰ,,,0,,,,,0:1明細目,,,"EC,検査","4,500.00","4,500",1,1,"欠点個数確認チェックラベル◎
確認済明記
粘着検査",,50101,トーレペフ W(自材),1:対象外,0,0.00,"4,500.00",S ,2012,EC機　湖南,0,0,0.00,0.00,B2F20AXD0300FN1,551,ペフ,50101,トーレペフ W(自材),,,,,,,000001,2製品,02,社外加工,15020-AX5R-1300X300F-A   P,,M,0:自社,,,,,,,,,,,2026/08/17,6780,古家 淳子,,,,0,15
00082177,製品,001,2026/08/03,2026/08/25,2026/08/25,2026/08/31,0:通常,0:通常,01,505201,湖南52,000052,湖南工場,049006,東ﾚ(株) 自材部,,,,,,,,,,,,,,,,,,,520201,湖南工場01本倉庫,0015,末締,01,東レ本体,0:しない,,,,W8-9,100,,,"171,000",0,0:未完,0:未完,0:通常,1:税抜,0,3:請求合計,1:金額,0:円未満,5:四捨五入,0:切り捨て,9:切り上げ,1:発行済,0:未承認,,0:しない,1:修正,,,,,,,,,,,,,,,,1:後加工,2026/08/25,1:通常,共和ﾚｻﾞｰ,,,0,,,,,0:1明細目,,,"EC,検査","4,500.00","4,500",1,1,"欠点個数確認チェックラベル◎
確認済明記
粘着検査",,50101,トーレペフ W(自材),1:対象外,0,0.00,"4,500.00",,,,"171,000",0,"4,500.00",38.00,A2F20JXD0300FN1,551,ペフ,50101,トーレペフ W(自材),,,,,,,000001,2製品,02,社外加工,15020-JX5R-1300X300F-A   R,,M,0:自社,,,,済,,,,,,190997H,,6783,古家 淳子,03,Ｈ面,0:なし,0,0
00082177,原反,001,2026/08/03,2026/08/25,2026/08/25,2026/08/31,0:通常,0:通常,01,505201,湖南52,000052,湖南工場,049006,東ﾚ(株) 自材部,,,,,,,,,,,,,,,,,,,520201,湖南工場01本倉庫,0015,末締,01,東レ本体,0:しない,,,,W8-9,100,,,"171,000",0,0:未完,0:未完,0:通常,1:税抜,0,3:請求合計,1:金額,0:円未満,5:四捨五入,0:切り捨て,9:切り上げ,1:発行済,0:未承認,,0:しない,1:修正,,,,,,,,,,,,,,,,1:後加工,2026/08/25,1:通常,共和ﾚｻﾞｰ,,,0,,,,,0:1明細目,,,"EC,検査","4,500.00","4,500",1,1,"欠点個数確認チェックラベル◎
確認済明記
粘着検査",,50101,トーレペフ W(自材),1:対象外,0,0.00,"4,500.00",S ,2012,EC機　湖南,0,0,0.00,0.00,B2F20AXD0300FN1,551,ペフ,50101,トーレペフ W(自材),,,,,,,000001,2製品,02,社外加工,15020-AX5R-1300X300F-A   P,,M,0:自社,,,,,,,,,,,2026/08/18,6780,古家 淳子,,,,0,15
00082178,製品,001,2026/08/03,2026/08/25,2026/08/25,2026/08/31,0:通常,0:通常,01,505201,湖南52,000052,湖南工場,049006,東ﾚ(株) 自材部,,,,,,,,,,,,,,,,,,,520201,湖南工場01本倉庫,0015,末締,01,東レ本体,0:しない,,,,W8-10,100,,,"171,000",0,0:未完,0:未完,0:通常,1:税抜,0,3:請求合計,1:金額,0:円未満,5:四捨五入,0:切り捨て,9:切り上げ,1:発行済,0:未承認,,0:しない,1:修正,,,,,,,,,,,,,,,,1:後加工,2026/08/25,1:通常,共和ﾚｻﾞｰ,,,0,,,,,0:1明細目,,,"EC,検査","4,500.00","4,500",1,1,"欠点個数確認チェックラベル◎
確認済明記
粘着検査",,50101,トーレペフ W(自材),1:対象外,0,0.00,"4,500.00",,,,"171,000",0,"4,500.00",38.00,A2F20JXE4300FN1,551,ペフ,50101,トーレペフ W(自材),,,,,,,000001,2製品,02,社外加工,15020-JX5R-1440X300F-A   R,,M,0:自社,,,,済,,,,,,190994Y,,6783,古家 淳子,03,Ｈ面,0:なし,0,0
00082178,原反,001,2026/08/03,2026/08/25,2026/08/25,2026/08/31,0:通常,0:通常,01,505201,湖南52,000052,湖南工場,049006,東ﾚ(株) 自材部,,,,,,,,,,,,,,,,,,,520201,湖南工場01本倉庫,0015,末締,01,東レ本体,0:しない,,,,W8-10,100,,,"171,000",0,0:未完,0:未完,0:通常,1:税抜,0,3:請求合計,1:金額,0:円未満,5:四捨五入,0:切り捨て,9:切り上げ,1:発行済,0:未承認,,0:しない,1:修正,,,,,,,,,,,,,,,,1:後加工,2026/08/25,1:通常,共和ﾚｻﾞｰ,,,0,,,,,0:1明細目,,,"EC,検査","4,500.00","4,500",1,1,"欠点個数確認チェックラベル◎
確認済明記
粘着検査",,50101,トーレペフ W(自材),0:対象,0,0.00,"4,500.00",S ,2012,EC機　湖南,0,0,0.00,0.00,B2F20AXE4300FN1,551,ペフ,50101,トーレペフ W(自材),,,,,,,000001,2製品,02,社外加工,15020-AX5R-1440X300F-A   P,,,0:自社,,,,,,,,,,,2026/08/19,6780,古家 淳子,,,,0,15
00082180,製品,001,2026/08/03,2026/09/04,2026/09/03,2026/08/31,0:通常,0:通常,01,104101,営業41,000571,中川 航一,049013,東ﾚ(株) 岐阜,,,,,,,,,049013,東レ株式会社 岐阜工場,東レ株式会社 岐阜工場,フィルム製造部 堀,503-2395,岐阜県安八郡神戸町,大字安次900-1, 7:ﾒｲﾘﾝ資材2階,0584-27-4490,,320301,大石工場01本倉庫,,,01,東レ本体,0:しない,,1:する,2:様,,100,岐阜ﾌｨﾙﾑ製造部 堀様,,"1,544,000","154,400",0:未完,0:未完,0:通常,1:税抜,0,2:伝票合計,1:金額,0:円未満,5:四捨五入,0:切り捨て,5:四捨五入,1:発行済,0:未承認,,0:しない,1:修正,,,,,,0002,河合運輸倉庫,,,原反：8/21入　※作業前装置清掃、ﾊﾝﾄﾞﾘﾝｸﾞ時ｸﾘｰﾝ手袋装着,加工：巾940→900mmｽﾘｯﾄ(両端10mmﾄﾘﾐﾝｸﾞ)、500m巻への分割小巻化,梱包：岐阜ﾊﾟｯｹｰｼﾞ1ﾊﾟﾚ4本積(2列2段)、ﾌﾟﾗﾊﾟﾚは岐阜返却品を優先使用,,,,2:自社,,1:通常,,,,4,,,,,0:1明細目,,0,ﾌｨﾙﾑｽﾘｯﾄ,16.00,2,1,1,,,41102,ﾌｨﾙﾑ　工業,1:対象外,"1,075,440","67,215.00",16.00,,,,"1,544,000",0,16.00,"96,500.00",F4VM19001,411,フィルム,41102,ﾌｨﾙﾑ　工業,,,,,,,000001,2製品,01,社外製品,ｱﾙﾐ蒸着ﾌｨﾙﾑ VM-PET NSF#75/900mmX500m,,,0:自社,,,,済,,,,,,,,1   ,末永　忍,,,0:なし,0,0
00082180,原反,001,2026/08/03,2026/09/04,2026/09/03,2026/08/31,0:通常,0:通常,01,104101,営業41,000571,中川 航一,049013,東ﾚ(株) 岐阜,,,,,,,,,049013,東レ株式会社 岐阜工場,東レ株式会社 岐阜工場,フィルム製造部 堀,503-2395,岐阜県安八郡神戸町,大字安次900-1, 7:ﾒｲﾘﾝ資材2階,0584-27-4490,,320301,大石工場01本倉庫,,,01,東レ本体,0:しない,,1:する,2:様,,100,岐阜ﾌｨﾙﾑ製造部 堀様,,"1,544,000","154,400",0:未完,0:未完,0:通常,1:税抜,0,2:伝票合計,1:金額,0:円未満,5:四捨五入,0:切り捨て,5:四捨五入,1:発行済,0:未承認,,0:しない,1:修正,,,,,,0002,河合運輸倉庫,,,原反：8/21入　※作業前装置清掃、ﾊﾝﾄﾞﾘﾝｸﾞ時ｸﾘｰﾝ手袋装着,加工：巾940→900mmｽﾘｯﾄ(両端10mmﾄﾘﾐﾝｸﾞ)、500m巻への分割小巻化,梱包：岐阜ﾊﾟｯｹｰｼﾞ1ﾊﾟﾚ4本積(2列2段)、ﾌﾟﾗﾊﾟﾚは岐阜返却品を優先使用,,,,2:自社,,1:通常,,,,4,,,,,0:1明細目,,0,ﾌｨﾙﾑｽﾘｯﾄ,16.00,2,1,1,,,41102,ﾌｨﾙﾑ　工業,1:対象外,0,0.00,2.00,,,,0,0,0.00,0.00,F4VMT0021,411,フィルム,41102,ﾌｨﾙﾑ　工業,,,,,,,000004,3仕掛品,01,社外製品,仕掛品 VM-PET SFS #75 / 940mmX2000m *2本,,式,0:自社,,,,,,,,,,,2026/08/21,1   ,末永　忍,,,,0,0
00082183,製品,001,2026/08/03,2026/09/04,2026/09/03,2026/08/31,0:通常,0:通常,01,104101,営業41,000571,中川 航一,049013,東ﾚ(株) 岐阜,,,,,,,,,049013,東レ株式会社 岐阜工場,東レ株式会社 岐阜工場,フィルム製造部 堀,503-2395,岐阜県安八郡神戸町,大字安次900-1, 7:ﾒｲﾘﾝ資材2階,0584-27-4490,,320301,大石工場01本倉庫,,,01,東レ本体,0:しない,,1:する,2:様,,100,岐阜ﾌｨﾙﾑ製造部 堀様,,"1,704,000","170,400",0:未完,0:未完,0:通常,1:税抜,0,2:伝票合計,1:金額,0:円未満,5:四捨五入,0:切り捨て,5:四捨五入,1:発行済,0:未承認,,0:しない,0:新規,,,,,,0002,河合運輸倉庫,,,原反：8/21入　※作業前装置清掃、ﾊﾝﾄﾞﾘﾝｸﾞ時ｸﾘｰﾝ手袋装着,加工：巾1120→1100mmｽﾘｯﾄ(両端10mmﾄﾘﾐﾝｸﾞ)、500m巻への分割小巻化,梱包：岐阜ﾊﾟｯｹｰｼﾞ1ﾊﾟﾚ4本積(2列2段)、ﾌﾟﾗﾊﾟﾚは岐阜返却品を優先使用,,,,2:自社,,1:通常,,,,4,,,,,0:1明細目,,0,ﾌｨﾙﾑｽﾘｯﾄ,16.00,2,1,1,,,41102,ﾌｨﾙﾑ　工業,1:対象外,"1,182,560","73,910.00",16.00,,,,"1,704,000",0,16.00,"106,500.00",F4VM19001,411,フィルム,41102,ﾌｨﾙﾑ　工業,,,,,,,000001,2製品,01,社外製品,ｱﾙﾐ蒸着ﾌｨﾙﾑ VM-PET NSF#75/1100mmX500m,,,0:自社,,,,済,,,,,,,,1   ,末永　忍,,,0:なし,0,0
00082183,原反,001,2026/08/03,2026/09/04,2026/09/03,2026/08/31,0:通常,0:通常,01,104101,営業41,000571,中川 航一,049013,東ﾚ(株) 岐阜,,,,,,,,,049013,東レ株式会社 岐阜工場,東レ株式会社 岐阜工場,フィルム製造部 堀,503-2395,岐阜県安八郡神戸町,大字安次900-1, 7:ﾒｲﾘﾝ資材2階,0584-27-4490,,320301,大石工場01本倉庫,,,01,東レ本体,0:しない,,1:する,2:様,,100,岐阜ﾌｨﾙﾑ製造部 堀様,,"1,704,000","170,400",0:未完,0:未完,0:通常,1:税抜,0,2:伝票合計,1:金額,0:円未満,5:四捨五入,0:切り捨て,5:四捨五入,1:発行済,0:未承認,,0:しない,0:新規,,,,,,0002,河合運輸倉庫,,,原反：8/21入　※作業前装置清掃、ﾊﾝﾄﾞﾘﾝｸﾞ時ｸﾘｰﾝ手袋装着,加工：巾1120→1100mmｽﾘｯﾄ(両端10mmﾄﾘﾐﾝｸﾞ)、500m巻への分割小巻化,梱包：岐阜ﾊﾟｯｹｰｼﾞ1ﾊﾟﾚ4本積(2列2段)、ﾌﾟﾗﾊﾟﾚは岐阜返却品を優先使用,,,,2:自社,,1:通常,,,,4,,,,,0:1明細目,,0,ﾌｨﾙﾑｽﾘｯﾄ,16.00,2,1,1,,,41102,ﾌｨﾙﾑ　工業,1:対象外,0,0.00,2.00,,,,0,0,0.00,0.00,F4VMT0022,411,フィルム,41102,ﾌｨﾙﾑ　工業,,,,,,,000004,3仕掛品,01,社外製品,仕掛品 VM-PET SFS #75 /1120mmX2000m *2本,,式,0:自社,,,,,,,,,,,2026/08/21,1   ,末永　忍,,,,0,0
00082184,製品,001,2026/08/03,2026/09/08,2026/09/07,2026/08/31,0:通常,0:通常,01,104101,営業41,000571,中川 航一,049013,東ﾚ(株) 岐阜,,,,,,,,,049013,東レ株式会社 岐阜工場,東レ株式会社 岐阜工場,フィルム製造部 堀,503-2395,岐阜県安八郡神戸町,大字安次900-1, 7:ﾒｲﾘﾝ資材2階,0584-27-4490,,320301,大石工場01本倉庫,,,01,東レ本体,0:しない,,1:する,2:様,,100,岐阜ﾌｨﾙﾑ製造部 堀様,,"972,000","97,200",0:未完,0:未完,0:通常,1:税抜,0,2:伝票合計,1:金額,0:円未満,5:四捨五入,0:切り捨て,5:四捨五入,1:発行済,0:未承認,,0:しない,1:修正,,,,,,0002,河合運輸倉庫,,,原反：8/21入　※作業前装置清掃、ﾊﾝﾄﾞﾘﾝｸﾞ時ｸﾘｰﾝ手袋装着,加工：500m巻への分割小巻化,梱包：岐阜ﾊﾟｯｹｰｼﾞ1ﾊﾟﾚ4本積(2列2段)、ﾌﾟﾗﾊﾟﾚは岐阜返却品を優先使用,,,,2:自社,,1:通常,,,,2,,,,,0:1明細目,,0,ﾌｨﾙﾑｽﾘｯﾄ,8.00,1,1,1,,,41102,ﾌｨﾙﾑ　工業,1:対象外,"709,640","88,705.00",8.00,,,,"972,000",0,8.00,"121,500.00",F4VM19001,411,フィルム,41102,ﾌｨﾙﾑ　工業,,,,,,,000001,2製品,01,社外製品,ｱﾙﾐ蒸着ﾌｨﾙﾑ VM-PET NSF#75/1500mmX500m,,,0:自社,,,,済,,,,,,,,1   ,末永　忍,,,0:なし,0,0
00082184,原反,001,2026/08/03,2026/09/08,2026/09/07,2026/08/31,0:通常,0:通常,01,104101,営業41,000571,中川 航一,049013,東ﾚ(株) 岐阜,,,,,,,,,049013,東レ株式会社 岐阜工場,東レ株式会社 岐阜工場,フィルム製造部 堀,503-2395,岐阜県安八郡神戸町,大字安次900-1, 7:ﾒｲﾘﾝ資材2階,0584-27-4490,,320301,大石工場01本倉庫,,,01,東レ本体,0:しない,,1:する,2:様,,100,岐阜ﾌｨﾙﾑ製造部 堀様,,"972,000","97,200",0:未完,0:未完,0:通常,1:税抜,0,2:伝票合計,1:金額,0:円未満,5:四捨五入,0:切り捨て,5:四捨五入,1:発行済,0:未承認,,0:しない,1:修正,,,,,,0002,河合運輸倉庫,,,原反：8/21入　※作業前装置清掃、ﾊﾝﾄﾞﾘﾝｸﾞ時ｸﾘｰﾝ手袋装着,加工：500m巻への分割小巻化,梱包：岐阜ﾊﾟｯｹｰｼﾞ1ﾊﾟﾚ4本積(2列2段)、ﾌﾟﾗﾊﾟﾚは岐阜返却品を優先使用,,,,2:自社,,1:通常,,,,2,,,,,0:1明細目,,0,ﾌｨﾙﾑｽﾘｯﾄ,8.00,1,1,1,,,41102,ﾌｨﾙﾑ　工業,1:対象外,0,0.00,1.00,,,,0,0,0.00,0.00,F4VMT0024,411,フィルム,41102,ﾌｨﾙﾑ　工業,,,,,,,000004,3仕掛品,01,社外製品,仕掛品 VM-PET SFS #75 /1500mmX2000m *2本,,式,0:自社,,,,,,,,,,,2026/08/21,1   ,末永　忍,,,,0,0
00082187,製品,001,2026/08/03,2026/10/08,2026/10/07,2026/08/31,0:通常,0:通常,01,104101,営業41,000571,中川 航一,049013,東ﾚ(株) 岐阜,,,,,,,,,049013,東レ株式会社 岐阜工場,東レ株式会社 岐阜工場,フィルム製造部 堀,503-2395,岐阜県安八郡神戸町,大字安次900-1, 7:ﾒｲﾘﾝ資材2階,0584-27-4490,,320301,大石工場01本倉庫,,,01,東レ本体,0:しない,,1:する,2:様,,100,岐阜ﾌｨﾙﾑ製造部 堀様,,"1,944,000","194,400",0:未完,0:未完,0:通常,1:税抜,0,2:伝票合計,1:金額,0:円未満,5:四捨五入,0:切り捨て,5:四捨五入,1:発行済,0:未承認,,0:しない,1:修正,,,,,,0002,河合運輸倉庫,,,原反：9/16入　※作業前装置清掃、ﾊﾝﾄﾞﾘﾝｸﾞ時ｸﾘｰﾝ手袋装着,加工：巾1120→1100mmｽﾘｯﾄ(両端10mmﾄﾘﾐﾝｸﾞ)、500m巻への分割小巻化,梱包：岐阜ﾊﾟｯｹｰｼﾞ1ﾊﾟﾚ4本積(2列2段)、ﾌﾟﾗﾊﾟﾚは岐阜返却品を優先使用,,,,2:自社,,1:通常,,,,4,,,,,0:1明細目,,0,ﾌｨﾙﾑｽﾘｯﾄ,16.00,2,1,1,,,41102,ﾌｨﾙﾑ　工業,1:対象外,"1,182,560","73,910.00",16.00,,,,"1,944,000",0,16.00,"121,500.00",F4VM19001,411,フィルム,41102,ﾌｨﾙﾑ　工業,,,,,,,000001,2製品,01,社外製品,ｱﾙﾐ蒸着ﾌｨﾙﾑ VM-PET NSF#75/1100mmX500m,,,0:自社,,,,済,,,,,,,,1   ,末永　忍,,,0:なし,0,0
00082187,原反,001,2026/08/03,2026/10/08,2026/10/07,2026/08/31,0:通常,0:通常,01,104101,営業41,000571,中川 航一,049013,東ﾚ(株) 岐阜,,,,,,,,,049013,東レ株式会社 岐阜工場,東レ株式会社 岐阜工場,フィルム製造部 堀,503-2395,岐阜県安八郡神戸町,大字安次900-1, 7:ﾒｲﾘﾝ資材2階,0584-27-4490,,320301,大石工場01本倉庫,,,01,東レ本体,0:しない,,1:する,2:様,,100,岐阜ﾌｨﾙﾑ製造部 堀様,,"1,944,000","194,400",0:未完,0:未完,0:通常,1:税抜,0,2:伝票合計,1:金額,0:円未満,5:四捨五入,0:切り捨て,5:四捨五入,1:発行済,0:未承認,,0:しない,1:修正,,,,,,0002,河合運輸倉庫,,,原反：9/16入　※作業前装置清掃、ﾊﾝﾄﾞﾘﾝｸﾞ時ｸﾘｰﾝ手袋装着,加工：巾1120→1100mmｽﾘｯﾄ(両端10mmﾄﾘﾐﾝｸﾞ)、500m巻への分割小巻化,梱包：岐阜ﾊﾟｯｹｰｼﾞ1ﾊﾟﾚ4本積(2列2段)、ﾌﾟﾗﾊﾟﾚは岐阜返却品を優先使用,,,,2:自社,,1:通常,,,,4,,,,,0:1明細目,,0,ﾌｨﾙﾑｽﾘｯﾄ,16.00,2,1,1,,,41102,ﾌｨﾙﾑ　工業,1:対象外,0,0.00,2.00,,,,0,0,0.00,0.00,F4VMT0022,411,フィルム,41102,ﾌｨﾙﾑ　工業,,,,,,,000004,3仕掛品,01,社外製品,仕掛品 VM-PET SFS #75 /1120mmX2000m *2本,,式,0:自社,,,,,,,,,,,2026/09/16,1   ,末永　忍,,,,0,0
00082188,製品,001,2026/08/03,2026/10/09,2026/10/08,2026/08/31,0:通常,0:通常,01,104101,営業41,000571,中川 航一,049013,東ﾚ(株) 岐阜,,,,,,,,,049013,東レ株式会社 岐阜工場,東レ株式会社 岐阜工場,フィルム製造部 堀,503-2395,岐阜県安八郡神戸町,大字安次900-1, 7:ﾒｲﾘﾝ資材2階,0584-27-4490,,320301,大石工場01本倉庫,,,01,東レ本体,0:しない,,1:する,2:様,,100,岐阜ﾌｨﾙﾑ製造部 堀様,,"972,000","97,200",0:未完,0:未完,0:通常,1:税抜,0,2:伝票合計,1:金額,0:円未満,5:四捨五入,0:切り捨て,5:四捨五入,1:発行済,0:未承認,,0:しない,1:修正,,,,,,0002,河合運輸倉庫,,,原反：9/16入　※作業前装置清掃、ﾊﾝﾄﾞﾘﾝｸﾞ時ｸﾘｰﾝ手袋装着,加工：500m巻への分割小巻化,梱包：岐阜ﾊﾟｯｹｰｼﾞ1ﾊﾟﾚ4本積(2列2段)、ﾌﾟﾗﾊﾟﾚは岐阜返却品を優先使用,,,,2:自社,,1:通常,,,,2,,,,,0:1明細目,,0,ﾌｨﾙﾑｽﾘｯﾄ,8.00,1,1,1,,,41102,ﾌｨﾙﾑ　工業,1:対象外,"709,640","88,705.00",8.00,,,,"972,000",0,8.00,"121,500.00",F4VM19001,411,フィルム,41102,ﾌｨﾙﾑ　工業,,,,,,,000001,2製品,01,社外製品,ｱﾙﾐ蒸着ﾌｨﾙﾑ VM-PET NSF#75/1500mmX500m,,,0:自社,,,,済,,,,,,,,1   ,末永　忍,,,0:なし,0,0
00082188,原反,001,2026/08/03,2026/10/09,2026/10/08,2026/08/31,0:通常,0:通常,01,104101,営業41,000571,中川 航一,049013,東ﾚ(株) 岐阜,,,,,,,,,049013,東レ株式会社 岐阜工場,東レ株式会社 岐阜工場,フィルム製造部 堀,503-2395,岐阜県安八郡神戸町,大字安次900-1, 7:ﾒｲﾘﾝ資材2階,0584-27-4490,,320301,大石工場01本倉庫,,,01,東レ本体,0:しない,,1:する,2:様,,100,岐阜ﾌｨﾙﾑ製造部 堀様,,"972,000","97,200",0:未完,0:未完,0:通常,1:税抜,0,2:伝票合計,1:金額,0:円未満,5:四捨五入,0:切り捨て,5:四捨五入,1:発行済,0:未承認,,0:しない,1:修正,,,,,,0002,河合運輸倉庫,,,原反：9/16入　※作業前装置清掃、ﾊﾝﾄﾞﾘﾝｸﾞ時ｸﾘｰﾝ手袋装着,加工：500m巻への分割小巻化,梱包：岐阜ﾊﾟｯｹｰｼﾞ1ﾊﾟﾚ4本積(2列2段)、ﾌﾟﾗﾊﾟﾚは岐阜返却品を優先使用,,,,2:自社,,1:通常,,,,2,,,,,0:1明細目,,0,ﾌｨﾙﾑｽﾘｯﾄ,8.00,1,1,1,,,41102,ﾌｨﾙﾑ　工業,1:対象外,0,0.00,1.00,,,,0,0,0.00,0.00,F4VMT0024,411,フィルム,41102,ﾌｨﾙﾑ　工業,,,,,,,000004,3仕掛品,01,社外製品,仕掛品 VM-PET SFS #75 /1500mmX2000m *2本,,式,0:自社,,,,,,,,,,,2026/09/16,1   ,末永　忍,,,,0,0
00082105,製品,001,2026/08/04,2026/08/07,2026/08/07,2026/08/31,0:通常,0:通常,01,104101,営業41,000571,中川 航一,049002,東ﾚ(株)滋賀事業場,,,,,,,,,,,,,,,,,,,320301,大石工場01本倉庫,0015,末締,01,東レ本体,0:しない,,,,,100,ﾌｨﾙﾑ研究所 塩見様,,"27,500","2,750",1:完了,1:完了,0:通常,1:税抜,0,2:伝票合計,1:金額,0:円未満,5:四捨五入,0:切り捨て,5:四捨五入,1:発行済,0:未承認,,0:しない,1:修正,,,,,,1001,営業,,,原反・巻取用ABS3ｲﾝﾁｺｱ 8/3に納入　※作業前装置清掃,巻面変更なし(加工面巻内⇒巻内)/残原反返却(200mで加工を止めてください）,宙づり梱包,包装時にラベル名をＭＲＳ－２６０２（２）の記載をお願いいたします。,,,2:自社,,1:通常,,,,0,,,,,0:1明細目,,,ﾌｨﾙﾑｽﾘｯﾄ,1.00,0,1,1,振替:@6000X 3.0h,,41102,ﾌｨﾙﾑ　工業,1:対象外,"17,000","17,000.00",1.00,,,,"27,500",0,1.00,"27,500.00",F49900002,411,フィルム,41102,ﾌｨﾙﾑ　工業,,,,,,,000001,2製品,01,社外製品,50PJ22A(F1D):50μm-500mmX215m*1R,→ｽﾘｯﾄ 420mmX200m*1R,ST,0:自社,,,,済,済,2026/08/07,2026/08/07,2026/08/07,2026/08/07,,,1   ,中川 航一,,,0:なし,0,0
00082105,原反,001,2026/08/04,2026/08/07,2026/08/07,2026/08/31,0:通常,0:通常,01,104101,営業41,000571,中川 航一,049002,東ﾚ(株)滋賀事業場,,,,,,,,,,,,,,,,,,,320301,大石工場01本倉庫,0015,末締,01,東レ本体,0:しない,,,,,100,ﾌｨﾙﾑ研究所 塩見様,,"27,500","2,750",1:完了,1:完了,0:通常,1:税抜,0,2:伝票合計,1:金額,0:円未満,5:四捨五入,0:切り捨て,5:四捨五入,1:発行済,0:未承認,,0:しない,1:修正,,,,,,1001,営業,,,原反・巻取用ABS3ｲﾝﾁｺｱ 8/3に納入　※作業前装置清掃,巻面変更なし(加工面巻内⇒巻内)/残原反返却(200mで加工を止めてください）,宙づり梱包,包装時にラベル名をＭＲＳ－２６０２（２）の記載をお願いいたします。,,,2:自社,,1:通常,,,,0,,,,,0:1明細目,,,ﾌｨﾙﾑｽﾘｯﾄ,1.00,0,1,1,振替:@6000X 3.0h,,41102,ﾌｨﾙﾑ　工業,1:対象外,0,0.00,0.00,,,,0,0,0.00,0.00,F49900002,411,フィルム,41102,ﾌｨﾙﾑ　工業,,,,,,,000001,2製品,01,社外製品,50PJ22A(F1D):50μm-500mmX215m*1R,,,0:自社,,,,,,,,,,,2026/08/03,1   ,中川 航一,,,,0,0
00082192,製品,001,2026/08/04,2026/08/18,2026/08/18,2026/08/31,0:通常,0:通常,01,505201,湖南52,000052,湖南工場,049006,東ﾚ(株) 自材部,,,,,,,,,,,,,,,,,,,520201,湖南工場01本倉庫,0015,末締,01,東レ本体,0:しない,,,,W8-11,100,,,"15,976",0,1:完了,1:完了,0:通常,1:税抜,0,3:請求合計,1:金額,0:円未満,5:四捨五入,0:切り捨て,9:切り上げ,1:発行済,0:未承認,,0:しない,1:修正,,,,,,,,,,,,,,,,1:後加工,2026/08/18,1:通常,共和新城,,,0,,,,,0:1明細目,,,"分割,接続,スリット",518.00,539,2,2,"欠点個数確認チェックラベル◎

キズ除去し300ⅿ巻きへ",,50101,トーレペフ W(自材),1:対象外,0,0.00,300.00,,,,"9,000",0,300.00,30.00,A2F20AX84300FN1,551,ペフ,50101,トーレペフ W(自材),,,,,,,000001,2製品,02,社外加工,15020-AX5R- 840X300F-A   P,,M,0:自社,,,,済,済,2026/08/17,2026/08/17,2026/08/18,2026/08/18,191049F,,6785,古家 淳子,,,0:なし,0,0
00082192,製品,002,2026/08/04,2026/08/18,2026/08/18,2026/08/31,0:通常,0:通常,01,505201,湖南52,000052,湖南工場,049006,東ﾚ(株) 自材部,,,,,,,,,,,,,,,,,,,520201,湖南工場01本倉庫,0015,末締,01,東レ本体,0:しない,,,,W8-11,100,,,"15,976",0,1:完了,1:完了,0:通常,1:税抜,0,3:請求合計,1:金額,0:円未満,5:四捨五入,0:切り捨て,9:切り上げ,1:発行済,0:未承認,,0:しない,1:修正,,,,,,,,,,,,,,,,1:後加工,2026/08/18,1:通常,共和新城,,,0,,,,,0:1明細目,,,"分割,接続,スリット",518.00,539,2,2,"欠点個数確認チェックラベル◎

キズ除去し300ⅿ巻きへ",,50101,トーレペフ W(自材),0:対象,0,0.00,218.00,,,,"6,976",0,218.00,32.00,A2F25AX77300FN1,551,ペフ,50101,トーレペフ W(自材),,,,,,,000001,2製品,02,社外加工,15020-AX5R- 770X218F-A   P,,,0:自社,,,,済,済,2026/08/17,2026/08/17,2026/08/18,2026/08/18,191295F,,6783,古家 淳子,,,1:あり,0,0
00082192,原反,001,2026/08/04,2026/08/18,2026/08/18,2026/08/31,0:通常,0:通常,01,505201,湖南52,000052,湖南工場,049006,東ﾚ(株) 自材部,,,,,,,,,,,,,,,,,,,520201,湖南工場01本倉庫,0015,末締,01,東レ本体,0:しない,,,,W8-11,100,,,"15,976",0,1:完了,1:完了,0:通常,1:税抜,0,3:請求合計,1:金額,0:円未満,5:四捨五入,0:切り捨て,9:切り上げ,1:発行済,0:未承認,,0:しない,1:修正,,,,,,,,,,,,,,,,1:後加工,2026/08/18,1:通常,共和新城,,,0,,,,,0:1明細目,,,"分割,接続,スリット",518.00,539,2,2,"欠点個数確認チェックラベル◎

キズ除去し300ⅿ巻きへ",,50101,トーレペフ W(自材),1:対象外,0,0.00,300.00,K ,2013,スリット機1　湖南,0,0,0.00,0.00,B2F20AX84300FN1,551,ペフ,55109,ﾍﾟﾌ　その他,,,,,,,000001,2製品,02,社外加工,15020-AX5R- 840X300F-A   P,,M,0:自社,,,,,,,,,,,2026/08/06,6780,古家 淳子,,,,0,1
00082192,原反,002,2026/08/04,2026/08/18,2026/08/18,2026/08/31,0:通常,0:通常,01,505201,湖南52,000052,湖南工場,049006,東ﾚ(株) 自材部,,,,,,,,,,,,,,,,,,,520201,湖南工場01本倉庫,0015,末締,01,東レ本体,0:しない,,,,W8-11,100,,,"15,976",0,1:完了,1:完了,0:通常,1:税抜,0,3:請求合計,1:金額,0:円未満,5:四捨五入,0:切り捨て,9:切り上げ,1:発行済,0:未承認,,0:しない,1:修正,,,,,,,,,,,,,,,,1:後加工,2026/08/18,1:通常,共和新城,,,0,,,,,0:1明細目,,,"分割,接続,スリット",518.00,539,2,2,"欠点個数確認チェックラベル◎

キズ除去し300ⅿ巻きへ",,50101,トーレペフ W(自材),1:対象外,0,0.00,239.00,S ,2013,スリット機1　湖南,0,0,0.00,0.00,B2F20AX84250FN1,551,ペフ,50101,トーレペフ W(自材),,,,,,,000001,2製品,02,社外加工,15020-AX5R- 840X239F-A   P,,M,0:自社,,,,,,,,,,,2026/08/06,6783,古家 淳子,,,,0,1
00082195,製品,001,2026/08/04,2026/08/04,2026/08/04,2026/08/31,0:通常,0:通常,01,505201,湖南52,000052,湖南工場,049052,東ﾚﾍﾟﾌ加工品(株) 国分・湖南,,,,,,,,,,,,,,,,,,,520201,湖南工場01本倉庫,0015,末締,02,東レグループ,0:しない,,,,GB60801,100,,,"2,700",0,1:完了,1:完了,0:通常,1:税抜,0,3:請求合計,1:金額,0:円未満,5:四捨五入,9:切り上げ,5:四捨五入,1:発行済,0:未承認,,0:しない,1:修正,,,,,,,,,,,,,,,,1:後加工,2026/08/04,1:通常,,,,0,,,,,0:1明細目,,,EC,20.00,20,1,1,,,50200,ＴＰＩ,1:対象外,0,0.00,20.00,,,,"2,700",0,20.00,135.00,A3F30AW76050FN1,551,ペフ,50200,ＴＰＩ,,,,,,,000001,2製品,02,社外加工,15030-AW07- 760X 20F-A,,M,0:自社,,,,済,済,2026/08/04,2026/08/04,2026/08/04,2026/08/04,,,0   ,古家 淳子,03,Ｈ面,0:なし,0,0
00082195,原反,001,2026/08/04,2026/08/04,2026/08/04,2026/08/31,0:通常,0:通常,01,505201,湖南52,000052,湖南工場,049052,東ﾚﾍﾟﾌ加工品(株) 国分・湖南,,,,,,,,,,,,,,,,,,,520201,湖南工場01本倉庫,0015,末締,02,東レグループ,0:しない,,,,GB60801,100,,,"2,700",0,1:完了,1:完了,0:通常,1:税抜,0,3:請求合計,1:金額,0:円未満,5:四捨五入,9:切り上げ,5:四捨五入,1:発行済,0:未承認,,0:しない,1:修正,,,,,,,,,,,,,,,,1:後加工,2026/08/04,1:通常,,,,0,,,,,0:1明細目,,,EC,20.00,20,1,1,,,50200,ＴＰＩ,1:対象外,0,0.00,20.00,K ,2012,EC機　湖南,0,0,0.00,0.00,B3F30AW76050FN1,551,ペフ,50200,ＴＰＩ,,,,,,,000001,2製品,02,社外加工,15030-AW07- 760X 20F-A,,M,0:自社,,,,,,,,,,,2026/08/04,0   ,古家 淳子,,,,0,1
00082196,製品,001,2026/08/04,2026/08/11,2026/08/11,2026/08/31,0:通常,0:通常,01,505101,国分後加工511,000051,国分後加工,049006,東ﾚ(株) 自材部,,,,,,,,,,,,,,,,,,,511101,国分工場01本倉庫,,,01,東レ本体,0:しない,,,,W8-8,100,,,"20,400",0,1:完了,1:完了,0:通常,1:税抜,0,3:請求合計,1:金額,0:円未満,5:四捨五入,0:切り捨て,9:切り上げ,1:発行済,0:未承認,,0:しない,1:修正,,,,,,0051,国分,,,,,,,,,1:後加工,2026/08/11,1:通常,オカモト,,,0,,,,,0:1明細目,,,スリット,"1,200.00","1,200",1,1,,,50101,トーレペフ W(自材),1:対象外,0,0.00,"1,200.00",,,,"20,400",0,"1,200.00",17.00,A1N20AHC1300FN1,551,ペフ,50101,トーレペフ W(自材),,,999999,対象外,,,000001,2製品,02,社外加工,25020-AH17-1050X400FA V,,m,0:自社,,,,済,済,2026/08/07,2026/08/07,2026/08/12,2026/08/12,191059T,,6783,河合 直樹,,,0:なし,0,0
00082196,原反,001,2026/08/04,2026/08/11,2026/08/11,2026/08/31,0:通常,0:通常,01,505101,国分後加工511,000051,国分後加工,049006,東ﾚ(株) 自材部,,,,,,,,,,,,,,,,,,,511101,国分工場01本倉庫,,,01,東レ本体,0:しない,,,,W8-8,100,,,"20,400",0,1:完了,1:完了,0:通常,1:税抜,0,3:請求合計,1:金額,0:円未満,5:四捨五入,0:切り捨て,9:切り上げ,1:発行済,0:未承認,,0:しない,1:修正,,,,,,0051,国分,,,,,,,,,1:後加工,2026/08/11,1:通常,オカモト,,,0,,,,,0:1明細目,,,スリット,"1,200.00","1,200",1,1,,,50101,トーレペフ W(自材),1:対象外,0,0.00,"1,200.00",SG,1043,スリット機2,0,0,0.00,0.00,B1N20AHA5400FN1,551,ペフ,55109,ﾍﾟﾌ　その他,,,,,,,000001,2製品,02,社外加工,25020-AH17-1150X400FA    V,,m,0:自社,,,,,,,,,,,2026/08/06,6780,河合 直樹,,,,0,3
00082197,製品,001,2026/08/04,2026/08/21,2026/08/21,2026/08/31,0:通常,0:通常,01,505101,国分後加工511,000051,国分後加工,049006,東ﾚ(株) 自材部,,,,,,,,,,,,,,,,,,,511101,国分工場01本倉庫,,,01,東レ本体,0:しない,,,,W8-9,100,,,"34,000",0,0:未完,0:未完,0:通常,1:税抜,0,3:請求合計,1:金額,0:円未満,5:四捨五入,0:切り捨て,9:切り上げ,1:発行済,0:未承認,,0:しない,1:修正,,,,,,0051,国分,,,,,,,,,1:後加工,2026/08/21,1:通常,オカモト,,,0,,,,,0:1明細目,"ｵｶﾓﾄ 301m以上 欠点１０個以下(接続含まない)　接続４個以内 間隔10m以上
Ｖ区分 Ｈ面端部赤ﾃｰﾌﾟとＱ面黒ﾃｰﾌﾟ(後加工は黒ﾏｼﾞｯｸ)",,スリット,"2,000.00","2,000",1,1,,,50101,トーレペフ W(自材),1:対象外,0,0.00,"2,000.00",,,,"34,000",0,"2,000.00",17.00,A1N20AHB2400FN1,551,ペフ,50101,トーレペフ W(自材),,,,,,,000001,2製品,02,社外加工,25020-AH17-1050X400F-A   V,ｵｶﾓﾄ 301m以上 Ｖ区分,m,0:自社,,,,済,済,2026/08/18,2026/08/18,,,191260K,,6783,河合 直樹,,,0:なし,0,0
00082197,原反,001,2026/08/04,2026/08/21,2026/08/21,2026/08/31,0:通常,0:通常,01,505101,国分後加工511,000051,国分後加工,049006,東ﾚ(株) 自材部,,,,,,,,,,,,,,,,,,,511101,国分工場01本倉庫,,,01,東レ本体,0:しない,,,,W8-9,100,,,"34,000",0,0:未完,0:未完,0:通常,1:税抜,0,3:請求合計,1:金額,0:円未満,5:四捨五入,0:切り捨て,9:切り上げ,1:発行済,0:未承認,,0:しない,1:修正,,,,,,0051,国分,,,,,,,,,1:後加工,2026/08/21,1:通常,オカモト,,,0,,,,,0:1明細目,"ｵｶﾓﾄ 301m以上 欠点１０個以下(接続含まない)　接続４個以内 間隔10m以上
Ｖ区分 Ｈ面端部赤ﾃｰﾌﾟとＱ面黒ﾃｰﾌﾟ(後加工は黒ﾏｼﾞｯｸ)",,スリット,"2,000.00","2,000",1,1,,,50101,トーレペフ W(自材),1:対象外,0,0.00,"2,000.00",SG,1043,スリット機2,0,0,0.00,0.00,B1N20AHA5400FN1,551,ペフ,55109,ﾍﾟﾌ　その他,,,,,,,000001,2製品,02,社外加工,25020-AH17-1150X400FA    V,,m,0:自社,,,,,,,,,,,2026/08/18,6780,河合 直樹,,,,0,5
00082198,製品,001,2026/08/04,2026/08/21,2026/08/21,2026/08/31,0:通常,0:通常,01,505101,国分後加工511,000051,国分後加工,049006,東ﾚ(株) 自材部,,,,,,,,,,,,,,,,,,,511101,国分工場01本倉庫,0015,末締,01,東レ本体,0:しない,,,,W8-10,100,,,"20,400",0,0:未完,0:未完,0:通常,1:税抜,0,3:請求合計,1:金額,0:円未満,5:四捨五入,0:切り捨て,9:切り上げ,1:発行済,0:未承認,,0:しない,1:修正,,,,,,0051,国分,,,,,,,,,1:後加工,2026/08/21,1:通常,オカモト,,,0,,,,,0:1明細目,"ｵｶﾓﾄ 251-300m  欠点８個以下(接続を含まない) 接続４個以内
Ｖ区分:Ｈ面端部赤テープとＱ面中央部黒テープ　接続:両面緑テープ",接続は欠点に含まない,スリット,"1,200.00","1,200",1,2,,,50101,トーレペフ W(自材),1:対象外,0,0.00,"1,200.00",,,,"20,400",0,"1,200.00",17.00,A1K20APE1300FN1,551,ペフ,50101,トーレペフ W(自材),,,999999,対象外,,,000001,2製品,02,社外加工,20020-AP17-1410x300FA V,オカモト 251-300m Ｖ区分,m,0:自社,,,,済,済,,,,,191060P,,6783,河合 直樹,,,0:なし,0,0
00082198,原反,001,2026/08/04,2026/08/21,2026/08/21,2026/08/31,0:通常,0:通常,01,505101,国分後加工511,000051,国分後加工,049006,東ﾚ(株) 自材部,,,,,,,,,,,,,,,,,,,511101,国分工場01本倉庫,0015,末締,01,東レ本体,0:しない,,,,W8-10,100,,,"20,400",0,0:未完,0:未完,0:通常,1:税抜,0,3:請求合計,1:金額,0:円未満,5:四捨五入,0:切り捨て,9:切り上げ,1:発行済,0:未承認,,0:しない,1:修正,,,,,,0051,国分,,,,,,,,,1:後加工,2026/08/21,1:通常,オカモト,,,0,,,,,0:1明細目,"ｵｶﾓﾄ 251-300m  欠点８個以下(接続を含まない) 接続４個以内
Ｖ区分:Ｈ面端部赤テープとＱ面中央部黒テープ　接続:両面緑テープ",接続は欠点に含まない,スリット,"1,200.00","1,200",1,2,,,50101,トーレペフ W(自材),1:対象外,0,0.00,900.00,SG,1043,スリット機2,0,0,0.00,0.00,B1K20APE4300FN1,551,ペフ,55109,ﾍﾟﾌ　その他,,,,,,,000001,2製品,02,社外加工,20020-AP17-1440X300F-A   P,,m,0:自社,,,,,,,,,,,2026/08/18,6780,河合 直樹,,,,0,3
00082198,原反,002,2026/08/04,2026/08/21,2026/08/21,2026/08/31,0:通常,0:通常,01,505101,国分後加工511,000051,国分後加工,049006,東ﾚ(株) 自材部,,,,,,,,,,,,,,,,,,,511101,国分工場01本倉庫,0015,末締,01,東レ本体,0:しない,,,,W8-10,100,,,"20,400",0,0:未完,0:未完,0:通常,1:税抜,0,3:請求合計,1:金額,0:円未満,5:四捨五入,0:切り捨て,9:切り上げ,1:発行済,0:未承認,,0:しない,1:修正,,,,,,0051,国分,,,,,,,,,1:後加工,2026/08/21,1:通常,オカモト,,,0,,,,,0:1明細目,"ｵｶﾓﾄ 251-300m  欠点８個以下(接続を含まない) 接続４個以内
Ｖ区分:Ｈ面端部赤テープとＱ面中央部黒テープ　接続:両面緑テープ",接続は欠点に含まない,スリット,"1,200.00","1,200",1,2,,,50101,トーレペフ W(自材),1:対象外,0,0.00,300.00,SG,1043,スリット機2,0,0,0.00,0.00,B1K20APE4300FN1,551,ペフ,55109,ﾍﾟﾌ　その他,,,,,,,000001,2製品,02,社外加工,20020-AP17-1550X300F-A   P,,m,0:自社,,,,,,,,,,,2026/08/18,6780,河合 直樹,,,,0,1
00082199,製品,001,2026/08/04,2026/08/19,2026/08/19,2026/08/31,0:通常,0:通常,01,505101,国分後加工511,000051,国分後加工,049006,東ﾚ(株) 自材部,,,,,,,,,,,,,,,,,,,511101,国分工場01本倉庫,0015,末締,01,東レ本体,0:しない,,,,T8-16,100,,,"23,086",0,0:未完,0:未完,0:通常,1:税抜,0,3:請求合計,1:金額,0:円未満,5:四捨五入,0:切り捨て,9:切り上げ,1:発行済,0:未承認,,0:しない,1:修正,,,,,,0051,国分,,,,,,,,,1:後加工,2026/08/19,1:通常,中央物産,,,0,,,,,0:1明細目,"フラップ逆転方式
10mm原反のＱ面にＥＣ加工(No2020-003)",接続：ベージュテープ50mm幅　ぬれ検査頻度：1回/5本　原反10mmにEC加工　融着行き,"EC,融着",97.00,400,1,2,"フラップ逆転方式
32枚梱包
コロナ処理面を記載した用紙を同梱",,50103,トーレペフ Y(工材),1:対象外,0,0.00,97.00,,,,"23,086",0,97.00,238.00,A1OFBJGA1220ZB4,551,ペフ,50103,トーレペフ Y(工材),,,999999,対象外,,,000001,2製品,02,社外加工,30150-JG00-1010x220ZABK0Q,10mmにEC加工,枚,0:自社,,,,済,済,2026/08/12,2026/08/12,,,190895J,,6713,河合 直樹,02,Ｑ面,0:なし,0,0
00082199,原反,001,2026/08/04,2026/08/19,2026/08/19,2026/08/31,0:通常,0:通常,01,505101,国分後加工511,000051,国分後加工,049006,東ﾚ(株) 自材部,,,,,,,,,,,,,,,,,,,511101,国分工場01本倉庫,0015,末締,01,東レ本体,0:しない,,,,T8-16,100,,,"23,086",0,0:未完,0:未完,0:通常,1:税抜,0,3:請求合計,1:金額,0:円未満,5:四捨五入,0:切り捨て,9:切り上げ,1:発行済,0:未承認,,0:しない,1:修正,,,,,,0051,国分,,,,,,,,,1:後加工,2026/08/19,1:通常,中央物産,,,0,,,,,0:1明細目,"フラップ逆転方式
10mm原反のＱ面にＥＣ加工(No2020-003)",接続：ベージュテープ50mm幅　ぬれ検査頻度：1回/5本　原反10mmにEC加工　融着行き,"EC,融着",97.00,400,1,2,"フラップ逆転方式
32枚梱包
コロナ処理面を記載した用紙を同梱",,50103,トーレペフ Y(工材),1:対象外,0,0.00,200.00,SG,1021,EC,0,0,0.00,0.00,B1OA0AGA5100FBD,551,ペフ,55109,ﾍﾟﾌ　その他,,,,,,,000001,2製品,02,社外加工,30100-AG00-1050X100FA BK0M,,m,0:自社,,,,,,,,,,,2026/08/10,6710,河合 直樹,,,,0,2
00082199,原反,002,2026/08/04,2026/08/19,2026/08/19,2026/08/31,0:通常,0:通常,01,505101,国分後加工511,000051,国分後加工,049006,東ﾚ(株) 自材部,,,,,,,,,,,,,,,,,,,511101,国分工場01本倉庫,0015,末締,01,東レ本体,0:しない,,,,T8-16,100,,,"23,086",0,0:未完,0:未完,0:通常,1:税抜,0,3:請求合計,1:金額,0:円未満,5:四捨五入,0:切り捨て,9:切り上げ,1:発行済,0:未承認,,0:しない,1:修正,,,,,,0051,国分,,,,,,,,,1:後加工,2026/08/19,1:通常,中央物産,,,0,,,,,0:1明細目,"フラップ逆転方式
10mm原反のＱ面にＥＣ加工(No2020-003)",接続：ベージュテープ50mm幅　ぬれ検査頻度：1回/5本　原反10mmにEC加工　融着行き,"EC,融着",97.00,400,1,2,"フラップ逆転方式
32枚梱包
コロナ処理面を記載した用紙を同梱",,50103,トーレペフ Y(工材),1:対象外,0,0.00,200.00,SG,1121,融着機,0,0,0.00,0.00,B1O50AGA5200FB4,551,ペフ,55109,ﾍﾟﾌ　その他,,,,,,,000003,4原材料,02,社外加工,30050-AG00-1050X200FA BK0C,,m,0:自社,,,,,,,,,,,2026/08/10,6710,河合 直樹,,,,0,1
00082201,製品,001,2026/08/04,2026/08/21,2026/08/21,2026/08/31,0:通常,0:通常,01,505101,国分後加工511,000051,国分後加工,049006,東ﾚ(株) 自材部,,,,,,,,,,,,,,,,,,,511101,国分工場01本倉庫,0015,末締,01,東レ本体,0:しない,,,,T8-19,100,,,"4,400",0,1:完了,0:未完,0:通常,1:税抜,0,3:請求合計,1:金額,0:円未満,5:四捨五入,0:切り捨て,9:切り上げ,1:発行済,0:未承認,,0:しない,1:修正,,,,,,0051,国分,,,,,,,,,1:後加工,2026/08/21,1:通常,恵比寿茨城,,,0,,,,,0:1明細目,,,スライス,400.00,200,1,1,,,50105,トーレペフ V(TPI),1:対象外,0,0.00,400.00,,,,"4,400",0,400.00,11.00,A1O20BGA0200FN1,551,ペフ,50105,トーレペフ V(TPI),,,999999,対象外,,,000001,2製品,02,社外加工,30020-BG00-1000x200FA C,,m,0:自社,,,,済,済,2026/08/18,2026/08/18,,,190901V,,6713,河合 直樹,,,0:なし,0,0
00082201,原反,001,2026/08/04,2026/08/21,2026/08/21,2026/08/31,0:通常,0:通常,01,505101,国分後加工511,000051,国分後加工,049006,東ﾚ(株) 自材部,,,,,,,,,,,,,,,,,,,511101,国分工場01本倉庫,0015,末締,01,東レ本体,0:しない,,,,T8-19,100,,,"4,400",0,1:完了,0:未完,0:通常,1:税抜,0,3:請求合計,1:金額,0:円未満,5:四捨五入,0:切り捨て,9:切り上げ,1:発行済,0:未承認,,0:しない,1:修正,,,,,,0051,国分,,,,,,,,,1:後加工,2026/08/21,1:通常,恵比寿茨城,,,0,,,,,0:1明細目,,,スライス,400.00,200,1,1,,,50105,トーレペフ V(TPI),1:対象外,0,0.00,200.00,SG,1011,スライス機1,0,0,0.00,0.00,B1O40AGA0200FN1,551,ペフ,55109,ﾍﾟﾌ　その他,,,,,,,000001,2製品,02,社外加工,30040-AG00-1000X200F-A   C,,m,0:自社,,,,,,,,,,,2026/08/17,6710,河合 直樹,,,,0,1
00082202,製品,001,2026/08/04,2026/08/24,2026/08/24,2026/08/31,0:通常,0:通常,01,505101,国分後加工511,000051,国分後加工,049006,東ﾚ(株) 自材部,,,,,,,,,,,,,,,,,,,511101,国分工場01本倉庫,0015,末締,01,東レ本体,0:しない,,,,Y8-96,100,,,"48,000",0,0:未完,0:未完,0:通常,1:税抜,0,3:請求合計,1:金額,0:円未満,5:四捨五入,0:切り捨て,9:切り上げ,1:発行済,0:未承認,,0:しない,1:修正,,,,,,0051,国分,,,,,,,,,1:後加工,2026/08/24,1:通常,ﾀﾞｲｳﾚ,,,0,,,,,0:1明細目,"151-200m長
接続：４個以内、10m間隔",接続：ベージュテープ50mm幅　ぬれ検査頻度：1回/5本　スライス行き,"EC,スライス","2,400.00","1,200",2,1,,,50103,トーレペフ Y(工材),1:対象外,0,0.00,"1,200.00",,,,"34,800",0,"1,200.00",29.00,A1O20KGA0200FNA,551,ペフ,50103,トーレペフ Y(工材),,,999999,対象外,,,000001,2製品,02,社外加工,30020-KG00-1000x200FA H,,m,0:自社,,,,済,一部,,,,,190992L,,6713,河合 直樹,03,Ｈ面,0:なし,0,0
00082202,製品,002,2026/08/04,2026/08/24,2026/08/24,2026/08/31,0:通常,0:通常,01,505101,国分後加工511,000051,国分後加工,049006,東ﾚ(株) 自材部,,,,,,,,,,,,,,,,,,,511101,国分工場01本倉庫,0015,末締,01,東レ本体,0:しない,,,,Y8-96,100,,,"48,000",0,0:未完,0:未完,0:通常,1:税抜,0,3:請求合計,1:金額,0:円未満,5:四捨五入,0:切り捨て,9:切り上げ,1:発行済,0:未承認,,0:しない,1:修正,,,,,,0051,国分,,,,,,,,,1:後加工,2026/08/24,1:通常,ﾀﾞｲｳﾚ,,,0,,,,,0:1明細目,"151-200m長
接続：４個以内、10m間隔",接続：ベージュテープ50mm幅　ぬれ検査頻度：1回/5本　スライス行き,"EC,スライス","2,400.00","1,200",2,1,,,50103,トーレペフ Y(工材),1:対象外,0,0.00,"1,200.00",,,,"13,200",0,"1,200.00",11.00,A1O20BGA0200FNL,551,ペフ,50103,トーレペフ Y(工材),,,999999,対象外,,,000001,2製品,02,社外加工,30020-BG00-1000x200FA Q,,m,0:自社,,,,済,一部,,,,,190993G,,6713,河合 直樹,,,0:なし,0,0
00082202,原反,001,2026/08/04,2026/08/24,2026/08/24,2026/08/31,0:通常,0:通常,01,505101,国分後加工511,000051,国分後加工,049006,東ﾚ(株) 自材部,,,,,,,,,,,,,,,,,,,511101,国分工場01本倉庫,0015,末締,01,東レ本体,0:しない,,,,Y8-96,100,,,"48,000",0,0:未完,0:未完,0:通常,1:税抜,0,3:請求合計,1:金額,0:円未満,5:四捨五入,0:切り捨て,9:切り上げ,1:発行済,0:未承認,,0:しない,1:修正,,,,,,0051,国分,,,,,,,,,1:後加工,2026/08/24,1:通常,ﾀﾞｲｳﾚ,,,0,,,,,0:1明細目,"151-200m長
接続：４個以内、10m間隔",接続：ベージュテープ50mm幅　ぬれ検査頻度：1回/5本　スライス行き,"EC,スライス","2,400.00","1,200",2,1,,,50103,トーレペフ Y(工材),1:対象外,0,0.00,"1,200.00",SG,1021,EC,0,0,0.00,0.00,B1O40AGA0200FN1,551,ペフ,55109,ﾍﾟﾌ　その他,,,,,,,000001,2製品,02,社外加工,30040-AG00-1000X200F-A   C,,m,0:自社,,,,,,,,,,,2026/08/17,6710,河合 直樹,,,,0,6
00082203,製品,001,2026/08/04,2026/08/28,2026/08/28,2026/08/31,0:通常,0:通常,01,505101,国分後加工511,000051,国分後加工,049006,東ﾚ(株) 自材部,,,,,,,,,,,,,,,,,,,511101,国分工場01本倉庫,,,01,東レ本体,0:しない,,,,Y8-97,100,,,"165,000",0,0:未完,0:未完,0:通常,1:税抜,0,3:請求合計,1:金額,0:円未満,5:四捨五入,0:切り捨て,9:切り上げ,1:発行済,0:未承認,,0:しない,1:修正,,,,,,0051,国分,,,,,,,,,1:後加工,2026/08/28,1:通常,フカサワ,,,0,,,,,0:1明細目,Ｖ依頼はつなぎ無し、スライス面外巻き、ペフを紙管テープ留めにすること。,,スライス,"15,000.00","7,500",1,1,,,50105,トーレペフ V(TPI),1:対象外,0,0.00,"15,000.00",,,,"165,000",0,"15,000.00",11.00,A1O20BY64250FN1,551,ペフ,50105,トーレペフ V(TPI),,,999999,対象外,,,000001,2製品,02,社外加工,30020-BY00-640x250FA C,,m,0:自社,,,,済,,,,,,190995S,,6713,河合 直樹,,,0:なし,0,0
00082203,原反,001,2026/08/04,2026/08/28,2026/08/28,2026/08/31,0:通常,0:通常,01,505101,国分後加工511,000051,国分後加工,049006,東ﾚ(株) 自材部,,,,,,,,,,,,,,,,,,,511101,国分工場01本倉庫,,,01,東レ本体,0:しない,,,,Y8-97,100,,,"165,000",0,0:未完,0:未完,0:通常,1:税抜,0,3:請求合計,1:金額,0:円未満,5:四捨五入,0:切り捨て,9:切り上げ,1:発行済,0:未承認,,0:しない,1:修正,,,,,,0051,国分,,,,,,,,,1:後加工,2026/08/28,1:通常,フカサワ,,,0,,,,,0:1明細目,Ｖ依頼はつなぎ無し、スライス面外巻き、ペフを紙管テープ留めにすること。,,スライス,"15,000.00","7,500",1,1,,,50105,トーレペフ V(TPI),1:対象外,0,0.00,"7,500.00",SG,1011,スライス機1,0,0,0.00,0.00,B1O40AYA0200FN1,551,ペフ,55109,ﾍﾟﾌ　その他,,,,,,,000001,2製品,02,社外加工,30040-AY00- 640X250FA    C,,m,0:自社,,,,,,,,,,,2026/08/24,6710,河合 直樹,,,,0,30
00082204,製品,001,2026/08/04,2026/08/20,2026/08/20,2026/08/31,0:通常,0:通常,01,505101,国分後加工511,000051,国分後加工,049006,東ﾚ(株) 自材部,,,,,,,,,,,,,,,,,,,511101,国分工場01本倉庫,0015,末締,01,東レ本体,0:しない,,,,T8-17,100,,,"9,000",0,1:完了,0:未完,0:通常,1:税抜,0,3:請求合計,1:金額,0:円未満,5:四捨五入,0:切り捨て,9:切り上げ,1:発行済,0:未承認,,0:しない,1:修正,,,,,,0051,国分,,,,,,,,,1:後加工,2026/08/20,1:通常,中央物産,,,0,,,,,0:1明細目,,接続：ベージュテープ50mm幅　ぬれ検査頻度：1回/5本,EC,500.00,500,1,1,,,50103,トーレペフ Y(工材),1:対象外,0,0.00,500.00,,,,"9,000",0,500.00,18.00,A1O60JEB0100FG3,551,ペフ,50103,トーレペフ Y(工材),,,999999,対象外,,,000001,2製品,02,社外加工,30060-JG20-1100X100FA GA0Q,,m,0:自社,,,,済,済,2026/08/17,2026/08/17,,,190896A,,6713,河合 直樹,02,Ｑ面,0:なし,0,0
00082204,原反,001,2026/08/04,2026/08/20,2026/08/20,2026/08/31,0:通常,0:通常,01,505101,国分後加工511,000051,国分後加工,049006,東ﾚ(株) 自材部,,,,,,,,,,,,,,,,,,,511101,国分工場01本倉庫,0015,末締,01,東レ本体,0:しない,,,,T8-17,100,,,"9,000",0,1:完了,0:未完,0:通常,1:税抜,0,3:請求合計,1:金額,0:円未満,5:四捨五入,0:切り捨て,9:切り上げ,1:発行済,0:未承認,,0:しない,1:修正,,,,,,0051,国分,,,,,,,,,1:後加工,2026/08/20,1:通常,中央物産,,,0,,,,,0:1明細目,,接続：ベージュテープ50mm幅　ぬれ検査頻度：1回/5本,EC,500.00,500,1,1,,,50103,トーレペフ Y(工材),1:対象外,0,0.00,500.00,SG,1021,EC,0,0,0.00,0.00,B1O60AEB0100FG3,551,ペフ,55109,ﾍﾟﾌ　その他,,,,,,,000001,2製品,02,社外加工,30060-AG20-1100X100FA GA0U,,m,0:自社,,,,,,,,,,,2026/08/17,6795,河合 直樹,,,,0,5
00082205,製品,001,2026/08/04,2026/08/21,2026/08/21,2026/08/31,0:通常,0:通常,01,505101,国分後加工511,000051,国分後加工,049006,東ﾚ(株) 自材部,,,,,,,,,,,,,,,,,,,511101,国分工場01本倉庫,0015,末締,01,東レ本体,0:しない,,,,T8-18,100,,,"7,200",0,1:完了,0:未完,0:通常,1:税抜,0,3:請求合計,1:金額,0:円未満,5:四捨五入,0:切り捨て,9:切り上げ,1:発行済,0:未承認,,0:しない,1:修正,,,,,,0051,国分,,,,,,,,,1:後加工,2026/08/21,1:通常,中央物産,,,0,,,,,0:1明細目,,接続：ベージュテープ50mm幅　ぬれ検査頻度：1回/5本,EC,400.00,400,1,1,,,50103,トーレペフ Y(工材),1:対象外,0,0.00,400.00,,,,"7,200",0,400.00,18.00,A1O30JGA3200FNA,551,ペフ,50103,トーレペフ Y(工材),,,999999,対象外,,,000001,2製品,02,社外加工,30030-JG00-1030x200FA Q,,m,0:自社,,,,済,済,2026/08/18,2026/08/18,,,190897V,,6713,河合 直樹,02,Ｑ面,0:なし,0,0
00082205,原反,001,2026/08/04,2026/08/21,2026/08/21,2026/08/31,0:通常,0:通常,01,505101,国分後加工511,000051,国分後加工,049006,東ﾚ(株) 自材部,,,,,,,,,,,,,,,,,,,511101,国分工場01本倉庫,0015,末締,01,東レ本体,0:しない,,,,T8-18,100,,,"7,200",0,1:完了,0:未完,0:通常,1:税抜,0,3:請求合計,1:金額,0:円未満,5:四捨五入,0:切り捨て,9:切り上げ,1:発行済,0:未承認,,0:しない,1:修正,,,,,,0051,国分,,,,,,,,,1:後加工,2026/08/21,1:通常,中央物産,,,0,,,,,0:1明細目,,接続：ベージュテープ50mm幅　ぬれ検査頻度：1回/5本,EC,400.00,400,1,1,,,50103,トーレペフ Y(工材),1:対象外,0,0.00,400.00,SG,1021,EC,0,0,0.00,0.00,B1O30AGA3200FN1,551,ペフ,,,,,,,,,000003,4原材料,02,社外加工,30030-AG00-1030X200FA    C,,m,0:自社,,,,,,,,,,,2026/08/18,6710,河合 直樹,,,,0,2
00082206,製品,001,2026/08/04,2026/08/21,2026/08/21,2026/08/31,0:通常,0:通常,01,505101,国分後加工511,000051,国分後加工,049006,東ﾚ(株) 自材部,,,,,,,,,,,,,,,,,,,511101,国分工場01本倉庫,0015,末締,01,東レ本体,0:しない,,,,T8-20,100,,,"6,800",0,1:完了,0:未完,0:通常,1:税抜,0,3:請求合計,1:金額,0:円未満,5:四捨五入,0:切り捨て,9:切り上げ,1:発行済,0:未承認,,0:しない,1:修正,,,,,,0051,国分,,,,,,,,,1:後加工,2026/08/21,1:通常,住電,,,0,,,,,0:1明細目,,幅の検査は全数行うこと,スリット,"1,600.00",400,1,1,"「精密スリッター」「巾公差±0.5mm」
①加工検査表を大阪/上杉氏宛に送付してください。
②全量を幅測定してください。
シールラベル作成する。",,50103,トーレペフ Y(工材),1:対象外,0,0.00,"1,600.00",,,,"6,800",0,"1,600.00",4.25,A1A20AA23200JW3,551,ペフ,50103,トーレペフ Y(工材),,,999999,対象外,,,000001,2製品,02,社外加工,10020-AA00-232x200JAWH1C,,m,0:自社,,,,済,済,2026/08/17,2026/08/17,,,190902B,,6713,河合 直樹,,,0:なし,0,0
00082206,原反,001,2026/08/04,2026/08/21,2026/08/21,2026/08/31,0:通常,0:通常,01,505101,国分後加工511,000051,国分後加工,049006,東ﾚ(株) 自材部,,,,,,,,,,,,,,,,,,,511101,国分工場01本倉庫,0015,末締,01,東レ本体,0:しない,,,,T8-20,100,,,"6,800",0,1:完了,0:未完,0:通常,1:税抜,0,3:請求合計,1:金額,0:円未満,5:四捨五入,0:切り捨て,9:切り上げ,1:発行済,0:未承認,,0:しない,1:修正,,,,,,0051,国分,,,,,,,,,1:後加工,2026/08/21,1:通常,住電,,,0,,,,,0:1明細目,,幅の検査は全数行うこと,スリット,"1,600.00",400,1,1,"「精密スリッター」「巾公差±0.5mm」
①加工検査表を大阪/上杉氏宛に送付してください。
②全量を幅測定してください。
シールラベル作成する。",,50103,トーレペフ Y(工材),1:対象外,0,0.00,400.00,SG,1042,スリット機1,0,0,0.00,0.00,B1A20AAA0200FWC,551,ペフ,,,,,,,,,000003,4原材料,02,社外加工,10020-AA00-1000X200FA WH1P,,m,0:自社,,,,,,,,,,,2026/08/17,6710,河合 直樹,,,,0,2
00082207,製品,001,2026/08/04,2026/08/28,2026/08/28,2026/08/31,0:通常,0:通常,01,505101,国分後加工511,000051,国分後加工,049006,東ﾚ(株) 自材部,,,,,,,,,,,,,,,,,,,511101,国分工場01本倉庫,,,01,東レ本体,0:しない,,,,Y8-98,100,,,"66,000",0,0:未完,0:未完,0:通常,1:税抜,0,3:請求合計,1:金額,0:円未満,5:四捨五入,0:切り捨て,9:切り上げ,1:発行済,0:未承認,,0:しない,1:修正,,,,,,0051,国分,,,,,,,,,1:後加工,2026/08/28,1:通常,フカサワ,,,0,,,,,0:1明細目,Ｖ依頼はつなぎ無し、スライス面外巻き、ペフを紙管テープ留めにすること。,,スライス,"6,000.00","3,000",1,1,,,50105,トーレペフ V(TPI),1:対象外,0,0.00,"6,000.00",,,,"66,000",0,"6,000.00",11.00,A1O20BY64250FN1,551,ペフ,50105,トーレペフ V(TPI),,,999999,対象外,,,000001,2製品,02,社外加工,30020-BY00-640x250FA C,,m,0:自社,,,,済,,,,,,190998Z,,6713,河合 直樹,,,0:なし,0,0
00082207,原反,001,2026/08/04,2026/08/28,2026/08/28,2026/08/31,0:通常,0:通常,01,505101,国分後加工511,000051,国分後加工,049006,東ﾚ(株) 自材部,,,,,,,,,,,,,,,,,,,511101,国分工場01本倉庫,,,01,東レ本体,0:しない,,,,Y8-98,100,,,"66,000",0,0:未完,0:未完,0:通常,1:税抜,0,3:請求合計,1:金額,0:円未満,5:四捨五入,0:切り捨て,9:切り上げ,1:発行済,0:未承認,,0:しない,1:修正,,,,,,0051,国分,,,,,,,,,1:後加工,2026/08/28,1:通常,フカサワ,,,0,,,,,0:1明細目,Ｖ依頼はつなぎ無し、スライス面外巻き、ペフを紙管テープ留めにすること。,,スライス,"6,000.00","3,000",1,1,,,50105,トーレペフ V(TPI),1:対象外,0,0.00,"3,000.00",SG,1022,スライス機3,0,0,0.00,0.00,B1O40AYA0200FN1,551,ペフ,55109,ﾍﾟﾌ　その他,,,,,,,000001,2製品,02,社外加工,30040-AY00- 640X250FA    C,,m,0:自社,,,,,,,,,,,2026/08/25,6710,河合 直樹,,,,0,12
00082209,製品,001,2026/08/04,2026/08/25,2026/08/25,2026/08/31,0:通常,0:通常,01,505101,国分後加工511,000051,国分後加工,049006,東ﾚ(株) 自材部,,,,,,,,,,,,,,,,,,,511101,国分工場01本倉庫,0015,末締,01,東レ本体,0:しない,,,,Y8-92,100,,,"39,060",0,0:未完,0:未完,0:通常,1:税抜,0,3:請求合計,1:金額,0:円未満,5:四捨五入,0:切り捨て,9:切り上げ,1:発行済,0:未承認,,0:しない,1:修正,,,,,,0051,国分,,,,,,,,,1:後加工,2026/08/25,1:通常,光洋産業,,,0,,,,,0:1明細目,巻芯部1.5mは使用しないこと。,原反巻き芯部1.5mは使用しないこと！　熱風温度上下：夏季360℃、冬季370℃,融着,186.00,800,1,1,,,50103,トーレペフ Y(工材),1:対象外,0,0.00,186.00,,,,"39,060",0,186.00,210.00,A1OA0DGA2210ZG3,551,ペフ,50103,トーレペフ Y(工材),,,999999,対象外,,,000001,2製品,02,社外加工,30100-DG20-1020X210ZA GA0U,,枚,0:自社,,,,済,済,2026/08/18,2026/08/18,,,190983P,,6713,河合 直樹,,,1:あり,2,0
00082209,原反,001,2026/08/04,2026/08/25,2026/08/25,2026/08/31,0:通常,0:通常,01,505101,国分後加工511,000051,国分後加工,049006,東ﾚ(株) 自材部,,,,,,,,,,,,,,,,,,,511101,国分工場01本倉庫,0015,末締,01,東レ本体,0:しない,,,,Y8-92,100,,,"39,060",0,0:未完,0:未完,0:通常,1:税抜,0,3:請求合計,1:金額,0:円未満,5:四捨五入,0:切り捨て,9:切り上げ,1:発行済,0:未承認,,0:しない,1:修正,,,,,,0051,国分,,,,,,,,,1:後加工,2026/08/25,1:通常,光洋産業,,,0,,,,,0:1明細目,巻芯部1.5mは使用しないこと。,原反巻き芯部1.5mは使用しないこと！　熱風温度上下：夏季360℃、冬季370℃,融着,186.00,800,1,1,,,50103,トーレペフ Y(工材),1:対象外,0,0.00,800.00,SG,1121,融着機,0,0,0.00,0.00,B1O50AGA5200FG3,551,ペフ,50103,トーレペフ Y(工材),,,,,,,000003,4原材料,02,社外加工,30050-AG20-1050X200F-AGA0U,,m,0:自社,,,,,,,,,,,2026/08/18,6710,河合 直樹,,,,0,4
00082210,製品,001,2026/08/04,2026/08/25,2026/08/25,2026/08/31,0:通常,0:通常,01,505101,国分後加工511,000051,国分後加工,049006,東ﾚ(株) 自材部,,,,,,,,,,,,,,,,,,,511101,国分工場01本倉庫,0015,末締,01,東レ本体,0:しない,,,,Y8-93,100,,,"20,880",0,0:未完,0:未完,0:通常,1:税抜,0,3:請求合計,1:金額,0:円未満,5:四捨五入,0:切り捨て,9:切り上げ,1:発行済,0:未承認,,0:しない,1:修正,,,,,,0051,国分,,,,,,,,,1:後加工,2026/08/25,1:通常,光洋産業,,,0,,,,,0:1明細目,,熱風温度上下：夏季370℃、冬季380℃,融着,87.00,540,1,1,87枚梱包,,50103,トーレペフ Y(工材),1:対象外,0,0.00,87.00,,,,"20,880",0,87.00,240.00,A1OK0DGA0200ZG3,551,ペフ,50103,トーレペフ Y(工材),,,999999,対象外,,,000001,2製品,02,社外加工,30200-DG20-1000x200ZAGA0U,原反30066*3層,枚,0:自社,,,,済,済,,,,,190985A,,6713,河合 直樹,,,1:あり,3,0
00082210,原反,001,2026/08/04,2026/08/25,2026/08/25,2026/08/31,0:通常,0:通常,01,505101,国分後加工511,000051,国分後加工,049006,東ﾚ(株) 自材部,,,,,,,,,,,,,,,,,,,511101,国分工場01本倉庫,0015,末締,01,東レ本体,0:しない,,,,Y8-93,100,,,"20,880",0,0:未完,0:未完,0:通常,1:税抜,0,3:請求合計,1:金額,0:円未満,5:四捨五入,0:切り捨て,9:切り上げ,1:発行済,0:未承認,,0:しない,1:修正,,,,,,0051,国分,,,,,,,,,1:後加工,2026/08/25,1:通常,光洋産業,,,0,,,,,0:1明細目,,熱風温度上下：夏季370℃、冬季380℃,融着,87.00,540,1,1,87枚梱包,,50103,トーレペフ Y(工材),1:対象外,0,0.00,540.00,SG,1121,融着機,0,0,0.00,0.00,B1O66AGA5180FG3,551,ペフ,55109,ﾍﾟﾌ　その他,,,,,,,000001,2製品,02,社外加工,30066-AG20-1050X180FA GA0U,,m,0:自社,,,,,,,,,,,2026/08/18,6710,河合 直樹,,,,0,3
00082211,製品,001,2026/08/04,2026/08/26,2026/08/26,2026/08/31,0:通常,0:通常,01,505101,国分後加工511,000051,国分後加工,049006,東ﾚ(株) 自材部,,,,,,,,,,,,,,,,,,,511101,国分工場01本倉庫,0015,末締,01,東レ本体,0:しない,,,,Y8-94,100,,,"22,892",0,0:未完,0:未完,0:通常,1:税抜,0,3:請求合計,1:金額,0:円未満,5:四捨五入,0:切り捨て,9:切り上げ,1:発行済,0:未承認,,0:しない,1:修正,,,,,,0051,国分,,,,,,,,,1:後加工,2026/08/26,1:通常,ゼネラル化成,,,0,,,,,0:1明細目,巻芯部1.5mは使用しないこと。,原反巻き芯部1.5mは使用しないこと！　熱風温度上下：夏季360℃、冬季370℃,"EC,融着",97.00,400,1,1,"Ｑ面ＥＣ
Ｑ面外出し融着",,50103,トーレペフ Y(工材),1:対象外,0,0.00,97.00,,,,"22,892",0,97.00,236.00,A1OA0NGA2200ZG3,551,ペフ,50103,トーレペフ Y(工材),,,999999,対象外,,,000001,2製品,02,社外加工,30100-NG20-1020x200ZAGA0U,,枚,0:自社,,,,済,,,,,,190986V,,6713,河合 直樹,02,Ｑ面,1:あり,2,0
00082211,原反,001,2026/08/04,2026/08/26,2026/08/26,2026/08/31,0:通常,0:通常,01,505101,国分後加工511,000051,国分後加工,049006,東ﾚ(株) 自材部,,,,,,,,,,,,,,,,,,,511101,国分工場01本倉庫,0015,末締,01,東レ本体,0:しない,,,,Y8-94,100,,,"22,892",0,0:未完,0:未完,0:通常,1:税抜,0,3:請求合計,1:金額,0:円未満,5:四捨五入,0:切り捨て,9:切り上げ,1:発行済,0:未承認,,0:しない,1:修正,,,,,,0051,国分,,,,,,,,,1:後加工,2026/08/26,1:通常,ゼネラル化成,,,0,,,,,0:1明細目,巻芯部1.5mは使用しないこと。,原反巻き芯部1.5mは使用しないこと！　熱風温度上下：夏季360℃、冬季370℃,"EC,融着",97.00,400,1,1,"Ｑ面ＥＣ
Ｑ面外出し融着",,50103,トーレペフ Y(工材),1:対象外,0,0.00,400.00,SG,1121,融着機,0,0,0.00,0.00,B1O50AGA5200FG3,551,ペフ,50103,トーレペフ Y(工材),,,,,,,000003,4原材料,02,社外加工,30050-AG20-1050X200F-AGA0U,,m,0:自社,,,,,,,,,,,2026/08/19,6710,河合 直樹,,,,0,2
00082212,製品,001,2026/08/04,2026/09/04,2026/09/04,2026/08/31,0:通常,0:通常,01,505101,国分後加工511,000051,国分後加工,049006,東ﾚ(株) 自材部,,,,,,,,,,,,,,,,,,,511101,国分工場01本倉庫,0015,末締,01,東レ本体,0:しない,,,,Y8-95,100,,,"13,200",0,0:未完,0:未完,0:通常,1:税抜,0,3:請求合計,1:金額,0:円未満,5:四捨五入,0:切り捨て,9:切り上げ,1:発行済,0:未承認,,0:しない,1:修正,,,,,,0051,国分,,,,,,,,,1:後加工,2026/09/04,1:通常,光洋産業,,,0,,,,,0:1明細目,,,スライス,"1,200.00",600,1,1,,,50103,トーレペフ Y(工材),1:対象外,0,0.00,"1,200.00",,,,"13,200",0,"1,200.00",11.00,A1O20BGA5200FG3,551,ペフ,50103,トーレペフ Y(工材),,,999999,対象外,,,000001,2製品,02,社外加工,30020-BG20-1050X200F-AGA0U,,m,0:自社,,,,済,,,,,,190988K,,6713,河合 直樹,,,0:なし,0,0
00082212,原反,001,2026/08/04,2026/09/04,2026/09/04,2026/08/31,0:通常,0:通常,01,505101,国分後加工511,000051,国分後加工,049006,東ﾚ(株) 自材部,,,,,,,,,,,,,,,,,,,511101,国分工場01本倉庫,0015,末締,01,東レ本体,0:しない,,,,Y8-95,100,,,"13,200",0,0:未完,0:未完,0:通常,1:税抜,0,3:請求合計,1:金額,0:円未満,5:四捨五入,0:切り捨て,9:切り上げ,1:発行済,0:未承認,,0:しない,1:修正,,,,,,0051,国分,,,,,,,,,1:後加工,2026/09/04,1:通常,光洋産業,,,0,,,,,0:1明細目,,,スライス,"1,200.00",600,1,1,,,50103,トーレペフ Y(工材),1:対象外,0,0.00,600.00,SG,1011,スライス機1,0,0,0.00,0.00,B1O40AGA5200FG3,551,ペフ,50106,トーレペフ T(工材),,,,,,,000003,4原材料,02,社外加工,30040-AG20-1050X200FA GA0U,,m,0:自社,,,,,,,,,,,2026/09/01,6710,河合 直樹,,,,0,3
00082213,製品,001,2026/08/04,2026/08/28,2026/08/28,2026/08/31,0:通常,0:通常,01,505101,国分後加工511,000051,国分後加工,049006,東ﾚ(株) 自材部,,,,,,,,,,,,,,,,,,,511101,国分工場01本倉庫,,,01,東レ本体,0:しない,,,,Y8-99,100,,,"132,000",0,0:未完,0:未完,0:通常,1:税抜,0,3:請求合計,1:金額,0:円未満,5:四捨五入,0:切り捨て,9:切り上げ,1:発行済,0:未承認,,0:しない,1:修正,,,,,,0051,国分,,,,,,,,,1:後加工,2026/08/28,1:通常,フカサワ,,,0,,,,,0:1明細目,Ｖ依頼はつなぎ無し、スライス面外巻き、ペフを紙管テープ留めにすること。,,スライス,"12,000.00","6,000",1,1,,,50103,トーレペフ Y(工材),1:対象外,0,0.00,"12,000.00",,,,"132,000",0,"12,000.00",11.00,A1O20BY64250FN1,551,ペフ,50105,トーレペフ V(TPI),,,999999,対象外,,,000001,2製品,02,社外加工,30020-BY00-640x250FA C,,m,0:自社,,,,済,,,,,,190999T,,6713,河合 直樹,,,0:なし,0,0
00082213,原反,001,2026/08/04,2026/08/28,2026/08/28,2026/08/31,0:通常,0:通常,01,505101,国分後加工511,000051,国分後加工,049006,東ﾚ(株) 自材部,,,,,,,,,,,,,,,,,,,511101,国分工場01本倉庫,,,01,東レ本体,0:しない,,,,Y8-99,100,,,"132,000",0,0:未完,0:未完,0:通常,1:税抜,0,3:請求合計,1:金額,0:円未満,5:四捨五入,0:切り捨て,9:切り上げ,1:発行済,0:未承認,,0:しない,1:修正,,,,,,0051,国分,,,,,,,,,1:後加工,2026/08/28,1:通常,フカサワ,,,0,,,,,0:1明細目,Ｖ依頼はつなぎ無し、スライス面外巻き、ペフを紙管テープ留めにすること。,,スライス,"12,000.00","6,000",1,1,,,50103,トーレペフ Y(工材),1:対象外,0,0.00,"6,000.00",SG,1022,スライス機3,0,0,0.00,0.00,B1O40AYA0200FN1,551,ペフ,55109,ﾍﾟﾌ　その他,,,,,,,000001,2製品,02,社外加工,30040-AY00- 640X250FA    C,,m,0:自社,,,,,,,,,,,2026/08/25,6710,河合 直樹,,,,0,24
00082215,製品,001,2026/08/04,2026/08/20,2026/08/20,2026/08/31,0:通常,0:通常,01,505201,湖南52,000052,湖南工場,049006,東ﾚ(株) 自材部,,,,,,,,,,,,,,,,,,,520201,湖南工場01本倉庫,0015,末締,01,東レ本体,0:しない,,,,T8-3,100,,,"10,200",0,0:未完,0:未完,0:通常,1:税抜,0,3:請求合計,1:金額,0:円未満,5:四捨五入,0:切り捨て,9:切り上げ,1:発行済,0:未承認,,0:しない,1:修正,,,,,,,,,,,,,,,,1:後加工,2026/08/20,1:通常,ニックス,,,0,,,,,0:1明細目,,,エンボス,600.00,600,1,1,コクヨエンボス,,50106,トーレペフ T(工材),1:対象外,0,0.00,600.00,,,,"10,200",0,600.00,17.00,A2N20FGA7200FG6,551,ペフ,50106,トーレペフ T(工材),,,,,,,000001,2製品,02,社外加工,25020-FG00-1070X200F-AGR0C,,M,0:自社,,,,済,一部,,,,,191203T,,6713,古家 淳子,,,0:なし,0,0
00082215,原反,001,2026/08/04,2026/08/20,2026/08/20,2026/08/31,0:通常,0:通常,01,505201,湖南52,000052,湖南工場,049006,東ﾚ(株) 自材部,,,,,,,,,,,,,,,,,,,520201,湖南工場01本倉庫,0015,末締,01,東レ本体,0:しない,,,,T8-3,100,,,"10,200",0,0:未完,0:未完,0:通常,1:税抜,0,3:請求合計,1:金額,0:円未満,5:四捨五入,0:切り捨て,9:切り上げ,1:発行済,0:未承認,,0:しない,1:修正,,,,,,,,,,,,,,,,1:後加工,2026/08/20,1:通常,ニックス,,,0,,,,,0:1明細目,,,エンボス,600.00,600,1,1,コクヨエンボス,,50106,トーレペフ T(工材),1:対象外,0,0.00,600.00,S ,2016,エンボス　湖南,0,0,0.00,0.00,B2N20AGA8200FG6,551,ペフ,55109,ﾍﾟﾌ　その他,,,,,,,000001,2製品,02,社外加工,25020-AG00-1080X200F-AGR0C,,M,0:自社,,,,,,,,,,,2026/08/17,6710,古家 淳子,,,,0,3
00082216,製品,001,2026/08/04,2026/08/21,2026/08/20,2026/08/31,0:通常,0:通常,01,104101,営業41,000571,中川 航一,049002,東ﾚ(株)滋賀事業場,,,,,,,,,096001,DIC(株) 埼玉工場 山崎,DIC株式会社 埼玉工場,ｹﾐﾄﾛﾆｸｽ技術ｾﾝﾀｰ山﨑優,362-8577,埼玉県北足立郡伊奈町小室4472-1,,,048-722-8215,048-722-1374,320301,大石工場01本倉庫,0015,末締,01,東レ本体,0:しない,,1:する,1:御中,,100,ﾌｨﾙﾑ研究所 松尾様,,"31,000","3,100",0:未完,0:未完,0:通常,1:税抜,0,2:伝票合計,1:金額,0:円未満,5:四捨五入,0:切り捨て,5:四捨五入,1:発行済,0:未承認,,0:しない,1:修正,,,,,,0009,ヤマト運輸,,,材料8/3納入※作業前装置清掃　巻取用ABSｺｱ(3ｲﾝﾁ550L)8/4納入予定,ｻｲﾄﾞﾌﾟﾛﾃｸﾀｰのご用意をお願いいたします。,ｺｱのｾﾝﾀｰに巻取/巻面変更無/全数巻取/宙吊り梱包/個別ケース(1ﾛｰﾙ/ｹｰｽ),原反コア(6インチ紙管)は営業引取（古川様へ納品）,,,2:自社,,1:通常,,,,0,,,,,0:1明細目,,,ﾌｨﾙﾑｽﾘｯﾄ,1.00,0,1,1,"振替:@6000X3h　
副資材(ｻｲﾄﾞﾌﾟﾛﾃｸﾀｰ)",,41102,ﾌｨﾙﾑ　工業,1:対象外,"19,000","19,000.00",1.00,,,,"31,000",0,1.00,"31,000.00",F49900002,411,フィルム,41102,ﾌｨﾙﾑ　工業,,,,,,,000001,2製品,01,社外製品,"PETﾌｨﾙﾑ 50µm/500mmX300m*1R,200m*1R","→巻き直し:500mmX300m*1R,200m*1R",ST,0:自社,,,,済,済,,,,,,,1   ,中川 航一,,,0:なし,0,0
00082216,原反,001,2026/08/04,2026/08/21,2026/08/20,2026/08/31,0:通常,0:通常,01,104101,営業41,000571,中川 航一,049002,東ﾚ(株)滋賀事業場,,,,,,,,,096001,DIC(株) 埼玉工場 山崎,DIC株式会社 埼玉工場,ｹﾐﾄﾛﾆｸｽ技術ｾﾝﾀｰ山﨑優,362-8577,埼玉県北足立郡伊奈町小室4472-1,,,048-722-8215,048-722-1374,320301,大石工場01本倉庫,0015,末締,01,東レ本体,0:しない,,1:する,1:御中,,100,ﾌｨﾙﾑ研究所 松尾様,,"31,000","3,100",0:未完,0:未完,0:通常,1:税抜,0,2:伝票合計,1:金額,0:円未満,5:四捨五入,0:切り捨て,5:四捨五入,1:発行済,0:未承認,,0:しない,1:修正,,,,,,0009,ヤマト運輸,,,材料8/3納入※作業前装置清掃　巻取用ABSｺｱ(3ｲﾝﾁ550L)8/4納入予定,ｻｲﾄﾞﾌﾟﾛﾃｸﾀｰのご用意をお願いいたします。,ｺｱのｾﾝﾀｰに巻取/巻面変更無/全数巻取/宙吊り梱包/個別ケース(1ﾛｰﾙ/ｹｰｽ),原反コア(6インチ紙管)は営業引取（古川様へ納品）,,,2:自社,,1:通常,,,,0,,,,,0:1明細目,,,ﾌｨﾙﾑｽﾘｯﾄ,1.00,0,1,1,"振替:@6000X3h　
副資材(ｻｲﾄﾞﾌﾟﾛﾃｸﾀｰ)",,41102,ﾌｨﾙﾑ　工業,1:対象外,0,0.00,0.00,,,,0,0,0.00,0.00,F49900002,411,フィルム,41102,ﾌｨﾙﾑ　工業,,,,,,,000001,2製品,01,社外製品,"PETﾌｨﾙﾑ 50µm/500mmX300m*1R,200m*1R",,,0:自社,,,,,,,,,,,2026/08/03,1   ,中川 航一,,,,0,0
00082217,製品,001,2026/08/04,2026/08/20,2026/08/20,2026/08/31,0:通常,0:通常,01,505201,湖南52,000052,湖南工場,049006,東ﾚ(株) 自材部,,,,,,,,,,,,,,,,,,,520201,湖南工場01本倉庫,0015,末締,01,東レ本体,0:しない,,,,C8-6,100,,,"4,246",0,1:完了,1:完了,0:通常,1:税抜,0,3:請求合計,1:金額,0:円未満,5:四捨五入,0:切り捨て,9:切り上げ,1:発行済,0:未承認,,0:しない,1:修正,,,,,,,,,,,,,,,,1:後加工,2026/08/20,1:通常,高山産業,,,0,,,,,0:1明細目,,,スライス,386.00,194,2,1,,,50103,トーレペフ Y(工材),1:対象外,0,0.00,194.00,,,,"2,134",0,194.00,11.00,A2Q30BMA3100FB4,551,ペフ,50103,トーレペフ Y(工材),,,,,,,000001,2製品,02,社外加工,50030-BM0C-1030X 97F-ABK0C,,M,0:自社,,,,済,済,2026/08/18,2026/08/18,2026/08/18,2026/08/18,190899K,,6713,古家 淳子,,,0:なし,0,0
00082217,製品,002,2026/08/04,2026/08/20,2026/08/20,2026/08/31,0:通常,0:通常,01,505201,湖南52,000052,湖南工場,049006,東ﾚ(株) 自材部,,,,,,,,,,,,,,,,,,,520201,湖南工場01本倉庫,0015,末締,01,東レ本体,0:しない,,,,C8-6,100,,,"4,246",0,1:完了,1:完了,0:通常,1:税抜,0,3:請求合計,1:金額,0:円未満,5:四捨五入,0:切り捨て,9:切り上げ,1:発行済,0:未承認,,0:しない,1:修正,,,,,,,,,,,,,,,,1:後加工,2026/08/20,1:通常,高山産業,,,0,,,,,0:1明細目,,,スライス,386.00,194,2,1,,,50103,トーレペフ Y(工材),1:対象外,0,0.00,192.00,,,,"2,112",0,192.00,11.00,A2Q30BMA3100FB4,551,ペフ,50103,トーレペフ Y(工材),,,,,,,000001,2製品,02,社外加工,50030-BM0C-1030X 96F-ABK0C,,M,0:自社,,,,済,済,2026/08/18,2026/08/18,2026/08/18,2026/08/18,191146H,,6713,古家 淳子,,,0:なし,0,0
00082217,原反,001,2026/08/04,2026/08/20,2026/08/20,2026/08/31,0:通常,0:通常,01,505201,湖南52,000052,湖南工場,049006,東ﾚ(株) 自材部,,,,,,,,,,,,,,,,,,,520201,湖南工場01本倉庫,0015,末締,01,東レ本体,0:しない,,,,C8-6,100,,,"4,246",0,1:完了,1:完了,0:通常,1:税抜,0,3:請求合計,1:金額,0:円未満,5:四捨五入,0:切り捨て,9:切り上げ,1:発行済,0:未承認,,0:しない,1:修正,,,,,,,,,,,,,,,,1:後加工,2026/08/20,1:通常,高山産業,,,0,,,,,0:1明細目,,,スライス,386.00,194,2,1,,,50103,トーレペフ Y(工材),1:対象外,0,0.00,194.00,K ,2011,スライス機1　湖南,0,0,0.00,0.00,B2060AMA3100FB4,551,ペフ,50103,トーレペフ Y(工材),,,,,,,000001,2製品,02,社外加工,50060-AM0C-1030X 97F-ABK0C,,M,0:自社,,,,,,,,,,,2026/08/05,6713,古家 淳子,,,,0,2
00082221,製品,001,2026/08/04,2026/08/27,2026/08/27,2026/08/31,0:通常,0:通常,01,505101,国分後加工511,000051,国分後加工,049006,東ﾚ(株) 自材部,,,,,,,,,,,,,,,,,,,511101,国分工場01本倉庫,0015,末締,01,東レ本体,0:しない,,,,C8-11,100,,,"113,592",0,0:未完,0:未完,0:通常,1:税抜,0,3:請求合計,1:金額,0:円未満,5:四捨五入,0:切り捨て,9:切り上げ,1:発行済,0:未承認,,0:しない,1:修正,,,,,,0051,国分,,,,,,,,,1:後加工,2026/08/27,1:通常,横浜ゴム,,,0,,,,,0:1明細目,つなぎなし。検査表提出。,スリット３行き　熱風温度上下：夏季340℃、冬季340℃　検査表提出。,"融着,分割,スリット","2,400.00","2,400",1,1,"試験成績書発行
つなぎなし",,50103,トーレペフ Y(工材),1:対象外,0,0.00,"2,400.00",,,,"113,592",0,"2,400.00",47.33,A1OADDG31025HN1,551,ペフ,50103,トーレペフ Y(工材),,,999999,対象外,,,000001,2製品,02,社外加工,30300-DG00-310x25HA,,m,0:自社,,,,一部,,,,,,191003Y,,6713,河合 直樹,,,0:なし,0,0
00082221,原反,001,2026/08/04,2026/08/27,2026/08/27,2026/08/31,0:通常,0:通常,01,505101,国分後加工511,000051,国分後加工,049006,東ﾚ(株) 自材部,,,,,,,,,,,,,,,,,,,511101,国分工場01本倉庫,0015,末締,01,東レ本体,0:しない,,,,C8-11,100,,,"113,592",0,0:未完,0:未完,0:通常,1:税抜,0,3:請求合計,1:金額,0:円未満,5:四捨五入,0:切り捨て,9:切り上げ,1:発行済,0:未承認,,0:しない,1:修正,,,,,,0051,国分,,,,,,,,,1:後加工,2026/08/27,1:通常,横浜ゴム,,,0,,,,,0:1明細目,つなぎなし。検査表提出。,スリット３行き　熱風温度上下：夏季340℃、冬季340℃　検査表提出。,"融着,分割,スリット","2,400.00","2,400",1,1,"試験成績書発行
つなぎなし",,50103,トーレペフ Y(工材),1:対象外,0,0.00,"2,400.00",SG,1121,融着機,0,0,0.00,0.00,B1OA0AGA0100FNL,551,ペフ,55109,ﾍﾟﾌ　その他,,,,,,,000003,4原材料,02,社外加工,30100-AG00-1000X100FA ,,m,0:自社,,,,,,,,,,,2026/08/21,6710,河合 直樹,,,,0,24
00082222,製品,001,2026/08/04,2026/09/17,2026/09/15,2026/08/31,0:通常,0:通常,01,105501,営業55,000498,新庄 健,070022,丸信化工(株)※,,,,,,,,,100142,エース工業(株),エース工業株式会社,,299-0265,千葉県袖ケ浦市,長浦拓弐号580-138,,0438-63-5251,,511101,国分工場01本倉庫,0013,20締,03,その他,0:しない,,1:する,1:御中,,100,,,"71,820",0,0:未完,0:未完,0:通常,1:税抜,0,3:請求合計,1:金額,0:円未満,5:四捨五入,0:切り捨て,5:四捨五入,1:発行済,0:未承認,,0:しない,0:新規,,,,,,0031,名鉄ＮＸ運輸,ＡＭ,,原反無償支給　８／２７着予定　　　　★天地無用のラベルを貼って下さい,,,"営）送料の受注書をつくる　１式＠10,000",,,2:自社,,1:通常,丸信化工,,,0,,,,,0:1明細目,自社　原反お客様支給、ｽﾘｯﾄ2で1020幅に[1]ﾄﾘﾐﾝｸﾞ、[2]ｽﾗｲｽ後、[3]ｽﾘｯﾄ[4]同時分割。21m確保のこと。接続はｸﾞﾚｰ50mmﾃｰﾌﾟ。工程[1]の加工は1150→1020へのｽﾘｯﾄである(巻返し→トリミングに名称変更)。,"第1加工のﾄﾘﾐﾝｸﾞはスリット２号機で1020mm幅にスリットすること。製品Ｎｏは長いので「受注No-1R,-2R,...」というふうに表記し、特記欄にロットＮｏを記録してください。","トリミング,スライス,","2,280.00",300,2,1,＠３１.５０,,51200,自社加工,1:対象外,"45,642",22.64,"2,016.00",,,,"63,504",0,"2,016.00",31.50,A5F15SO24021N1,551,ペフ,51200,自社加工,,,510100,後加工-売上,,,000001,2製品,01,社外製品,15015-ｿﾌﾄﾛﾝ- 240X 21,,m,0:自社,,,,,,,,,,,,ATKA,菱田 昌美,,,1:あり,0,0
00082222,製品,002,2026/08/04,2026/09/17,2026/09/15,2026/08/31,0:通常,0:通常,01,105501,営業55,000498,新庄 健,070022,丸信化工(株)※,,,,,,,,,100142,エース工業(株),エース工業株式会社,,299-0265,千葉県袖ケ浦市,長浦拓弐号580-138,,0438-63-5251,,511101,国分工場01本倉庫,0013,20締,03,その他,0:しない,,1:する,1:御中,,100,,,"71,820",0,0:未完,0:未完,0:通常,1:税抜,0,3:請求合計,1:金額,0:円未満,5:四捨五入,0:切り捨て,5:四捨五入,1:発行済,0:未承認,,0:しない,0:新規,,,,,,0031,名鉄ＮＸ運輸,ＡＭ,,原反無償支給　８／２７着予定　　　　★天地無用のラベルを貼って下さい,,,"営）送料の受注書をつくる　１式＠10,000",,,2:自社,,1:通常,丸信化工,,,0,,,,,0:1明細目,自社　原反お客様支給、ｽﾘｯﾄ2で1020幅に[1]ﾄﾘﾐﾝｸﾞ、[2]ｽﾗｲｽ後、[3]ｽﾘｯﾄ[4]同時分割。21m確保のこと。接続はｸﾞﾚｰ50mmﾃｰﾌﾟ。工程[1]の加工は1150→1020へのｽﾘｯﾄである(巻返し→トリミングに名称変更)。,"第1加工のﾄﾘﾐﾝｸﾞはスリット２号機で1020mm幅にスリットすること。製品Ｎｏは長いので「受注No-1R,-2R,...」というふうに表記し、特記欄にロットＮｏを記録してください。","トリミング,スライス,","2,280.00",300,2,1,＠３１.５０,,51200,自社加工,1:対象外,"5,977",22.64,264.00,,,,"8,316",0,264.00,31.50,A5F15SO24011N1,551,ペフ,51200,自社加工,,,510100,後加工-売上,,,000001,2製品,01,社外製品,15015-ｿﾌﾄﾛﾝ- 240X 11,,m,0:自社,,,,,,,,,,,,ATKA,菱田 昌美,,,1:あり,0,0
00082222,原反,001,2026/08/04,2026/09/17,2026/09/15,2026/08/31,0:通常,0:通常,01,105501,営業55,000498,新庄 健,070022,丸信化工(株)※,,,,,,,,,100142,エース工業(株),エース工業株式会社,,299-0265,千葉県袖ケ浦市,長浦拓弐号580-138,,0438-63-5251,,511101,国分工場01本倉庫,0013,20締,03,その他,0:しない,,1:する,1:御中,,100,,,"71,820",0,0:未完,0:未完,0:通常,1:税抜,0,3:請求合計,1:金額,0:円未満,5:四捨五入,0:切り捨て,5:四捨五入,1:発行済,0:未承認,,0:しない,0:新規,,,,,,0031,名鉄ＮＸ運輸,ＡＭ,,原反無償支給　８／２７着予定　　　　★天地無用のラベルを貼って下さい,,,"営）送料の受注書をつくる　１式＠10,000",,,2:自社,,1:通常,丸信化工,,,0,,,,,0:1明細目,自社　原反お客様支給、ｽﾘｯﾄ2で1020幅に[1]ﾄﾘﾐﾝｸﾞ、[2]ｽﾗｲｽ後、[3]ｽﾘｯﾄ[4]同時分割。21m確保のこと。接続はｸﾞﾚｰ50mmﾃｰﾌﾟ。工程[1]の加工は1150→1020へのｽﾘｯﾄである(巻返し→トリミングに名称変更)。,"第1加工のﾄﾘﾐﾝｸﾞはスリット２号機で1020mm幅にスリットすること。製品Ｎｏは長いので「受注No-1R,-2R,...」というふうに表記し、特記欄にロットＮｏを記録してください。","トリミング,スライス,","2,280.00",300,2,1,＠３１.５０,,51200,自社加工,1:対象外,0,0.00,300.00,CS,1043,スリット機2,0,0,0.00,0.00,B1F3015B5100XN1,551,ペフ,51200,自社加工,,,430503,加工-仕入-材,,,000004,3仕掛品,02,社外加工,原 15030-ｿﾌﾄﾛﾝ-1150x100,お客様支給原反,m,0:自社,,,,,,,,,,,2026/08/27,ATKA,菱田 昌美,,,,0,3
00082223,製品,001,2026/08/04,2026/08/24,2026/08/24,2026/08/31,0:通常,0:通常,01,505101,国分後加工511,000051,国分後加工,049006,東ﾚ(株) 自材部,,,,,,,,,,,,,,,,,,,511101,国分工場01本倉庫,0015,末締,01,東レ本体,0:しない,,,,C8-8,100,,,"3,200",0,1:完了,0:未完,0:通常,1:税抜,0,3:請求合計,1:金額,0:円未満,5:四捨五入,0:切り捨て,9:切り上げ,1:発行済,0:未承認,,0:しない,1:修正,,,,,,0051,国分,,,,,,,,,1:後加工,2026/08/24,1:通常,エムケイ産業,,,0,,,,,0:1明細目,,ｶｯﾄ長さｾｯﾄ値（目安）2030mm,カット,200.00,400,1,1,,,50103,トーレペフ Y(工材),1:対象外,0,0.00,200.00,,,,"3,200",0,200.00,16.00,A1OA0AGA0200ZB4,551,ペフ,50103,トーレペフ Y(工材),,,999999,対象外,,,000001,2製品,02,社外加工,30100-AG00-1000x200ZABK0,,枚,0:自社,,,,済,済,2026/08/17,2026/08/17,,,191000R,,6713,河合 直樹,,,0:なし,0,0
00082223,原反,001,2026/08/04,2026/08/24,2026/08/24,2026/08/31,0:通常,0:通常,01,505101,国分後加工511,000051,国分後加工,049006,東ﾚ(株) 自材部,,,,,,,,,,,,,,,,,,,511101,国分工場01本倉庫,0015,末締,01,東レ本体,0:しない,,,,C8-8,100,,,"3,200",0,1:完了,0:未完,0:通常,1:税抜,0,3:請求合計,1:金額,0:円未満,5:四捨五入,0:切り捨て,9:切り上げ,1:発行済,0:未承認,,0:しない,1:修正,,,,,,0051,国分,,,,,,,,,1:後加工,2026/08/24,1:通常,エムケイ産業,,,0,,,,,0:1明細目,,ｶｯﾄ長さｾｯﾄ値（目安）2030mm,カット,200.00,400,1,1,,,50103,トーレペフ Y(工材),1:対象外,0,0.00,400.00,SG,1041,単板カット機,0,0,0.00,0.00,B1OA0AGA0100FB4,551,ペフ,55109,ﾍﾟﾌ　その他,,,,,,,000001,2製品,02,社外加工,30100-AG00-1000X100FA BK0C,,m,0:自社,,,,,,,,,,,2026/08/17,6710,河合 直樹,,,,0,4
00082225,製品,001,2026/08/04,2026/08/24,2026/08/24,2026/08/31,0:通常,0:通常,01,505101,国分後加工511,000051,国分後加工,049006,東ﾚ(株) 自材部,,,,,,,,,,,,,,,,,,,511101,国分工場01本倉庫,0015,末締,01,東レ本体,0:しない,,,,C8-9,100,,,"2,200",0,0:未完,0:未完,0:通常,1:税抜,0,3:請求合計,1:金額,0:円未満,5:四捨五入,0:切り捨て,9:切り上げ,1:発行済,0:未承認,,0:しない,1:修正,,,,,,0051,国分,,,,,,,,,1:後加工,2026/08/24,1:通常,,,,0,,,,,0:1明細目,,,スライス,200.00,100,1,1,,,50103,トーレペフ Y(工材),1:対象外,0,0.00,200.00,,,,"2,200",0,200.00,11.00,A1O50BGA0100FN1,551,ペフ,50103,トーレペフ Y(工材),,,999999,対象外,,,000001,2製品,02,社外加工,30050-BG00-1000X100FA    C,,m,0:自社,,,,済,,,,,,191002G,,6713,河合 直樹,,,0:なし,0,0
00082225,原反,001,2026/08/04,2026/08/24,2026/08/24,2026/08/31,0:通常,0:通常,01,505101,国分後加工511,000051,国分後加工,049006,東ﾚ(株) 自材部,,,,,,,,,,,,,,,,,,,511101,国分工場01本倉庫,0015,末締,01,東レ本体,0:しない,,,,C8-9,100,,,"2,200",0,0:未完,0:未完,0:通常,1:税抜,0,3:請求合計,1:金額,0:円未満,5:四捨五入,0:切り捨て,9:切り上げ,1:発行済,0:未承認,,0:しない,1:修正,,,,,,0051,国分,,,,,,,,,1:後加工,2026/08/24,1:通常,,,,0,,,,,0:1明細目,,,スライス,200.00,100,1,1,,,50103,トーレペフ Y(工材),1:対象外,0,0.00,100.00,SG,1022,スライス機3,0,0,0.00,0.00,B1OA0AGA0050FN1,551,ペフ,55109,ﾍﾟﾌ　その他,,,,,,,000001,2製品,02,社外加工,30100-AG00-1000X100FA    C,,m,0:自社,,,,,,,,,,,2026/08/18,6710,河合 直樹,,,,0,1
00082226,製品,001,2026/08/04,2026/08/07,2026/08/07,2026/08/31,0:通常,0:通常,01,505101,国分後加工511,000051,国分後加工,049006,東ﾚ(株) 自材部,,,,,,,,,,,,,,,,,,,511101,国分工場01本倉庫,0015,末締,01,東レ本体,0:しない,,,,C8-10,100,,,"12,838",0,1:完了,0:未完,0:通常,1:税抜,0,3:請求合計,1:金額,0:円未満,5:四捨五入,0:切り捨て,9:切り上げ,1:発行済,0:未承認,,0:しない,1:修正,,,,,,0051,国分,,,,,,,,,1:後加工,2026/08/07,1:通常,山本産業,,,0,,,,,0:1明細目,,,スライス,778.00,200,4,1,,,50105,トーレペフ V(TPI),1:対象外,0,0.00,196.00,,,,"3,234",0,196.00,16.50,A1O10BGA0200FBD,551,ペフ,50105,トーレペフ V(TPI),,,999999,対象外,,,000001,2製品,02,社外加工,30010-BG00-1000X196F-A   C,,m,0:自社,,,,済,済,2026/08/10,2026/08/10,,,191270Z,,6713,河合 直樹,,,0:なし,0,0
00082226,製品,002,2026/08/04,2026/08/07,2026/08/07,2026/08/31,0:通常,0:通常,01,505101,国分後加工511,000051,国分後加工,049006,東ﾚ(株) 自材部,,,,,,,,,,,,,,,,,,,511101,国分工場01本倉庫,0015,末締,01,東レ本体,0:しない,,,,C8-10,100,,,"12,838",0,1:完了,0:未完,0:通常,1:税抜,0,3:請求合計,1:金額,0:円未満,5:四捨五入,0:切り捨て,9:切り上げ,1:発行済,0:未承認,,0:しない,1:修正,,,,,,0051,国分,,,,,,,,,1:後加工,2026/08/07,1:通常,山本産業,,,0,,,,,0:1明細目,,,スライス,778.00,200,4,1,,,50105,トーレペフ V(TPI),1:対象外,0,0.00,196.00,,,,"3,234",0,196.00,16.50,A1O10CGA0200FB4,551,ペフ,50105,トーレペフ V(TPI),,,999999,対象外,,,000001,2製品,02,社外加工,30010-CG00-1000X196FA    C,,m,0:自社,,,,済,済,2026/08/10,2026/08/10,,,191272P,,6713,河合 直樹,,,0:なし,0,0
00082226,製品,003,2026/08/04,2026/08/07,2026/08/07,2026/08/31,0:通常,0:通常,01,505101,国分後加工511,000051,国分後加工,049006,東ﾚ(株) 自材部,,,,,,,,,,,,,,,,,,,511101,国分工場01本倉庫,0015,末締,01,東レ本体,0:しない,,,,C8-10,100,,,"12,838",0,1:完了,0:未完,0:通常,1:税抜,0,3:請求合計,1:金額,0:円未満,5:四捨五入,0:切り捨て,9:切り上げ,1:発行済,0:未承認,,0:しない,1:修正,,,,,,0051,国分,,,,,,,,,1:後加工,2026/08/07,1:通常,山本産業,,,0,,,,,0:1明細目,,,スライス,778.00,200,4,1,,,50105,トーレペフ V(TPI),1:対象外,0,0.00,193.00,,,,"3,185",0,193.00,16.50,A1O10BGA0191FN1,551,ペフ,50103,トーレペフ Y(工材),,,999999,対象外,,,000001,2製品,02,社外加工,30010-BG00-1000X193FA    C,短尺：190～194,m,0:自社,,,,済,済,2026/08/10,2026/08/10,,,191271T,,6713,河合 直樹,,,0:なし,0,0
00082226,製品,004,2026/08/04,2026/08/07,2026/08/07,2026/08/31,0:通常,0:通常,01,505101,国分後加工511,000051,国分後加工,049006,東ﾚ(株) 自材部,,,,,,,,,,,,,,,,,,,511101,国分工場01本倉庫,0015,末締,01,東レ本体,0:しない,,,,C8-10,100,,,"12,838",0,1:完了,0:未完,0:通常,1:税抜,0,3:請求合計,1:金額,0:円未満,5:四捨五入,0:切り捨て,9:切り上げ,1:発行済,0:未承認,,0:しない,1:修正,,,,,,0051,国分,,,,,,,,,1:後加工,2026/08/07,1:通常,山本産業,,,0,,,,,0:1明細目,,,スライス,778.00,200,4,1,,,50105,トーレペフ V(TPI),1:対象外,0,0.00,193.00,,,,"3,185",0,193.00,16.50,A1O10CGA0191FN1,551,ペフ,50103,トーレペフ Y(工材),,,999999,対象外,,,000001,2製品,02,社外加工,30010-CG00-1000X193FA    C,短尺：190～194,m,0:自社,,,,済,済,2026/08/10,2026/08/10,,,191273J,,6713,河合 直樹,,,0:なし,0,0
00082226,原反,001,2026/08/04,2026/08/07,2026/08/07,2026/08/31,0:通常,0:通常,01,505101,国分後加工511,000051,国分後加工,049006,東ﾚ(株) 自材部,,,,,,,,,,,,,,,,,,,511101,国分工場01本倉庫,0015,末締,01,東レ本体,0:しない,,,,C8-10,100,,,"12,838",0,1:完了,0:未完,0:通常,1:税抜,0,3:請求合計,1:金額,0:円未満,5:四捨五入,0:切り捨て,9:切り上げ,1:発行済,0:未承認,,0:しない,1:修正,,,,,,0051,国分,,,,,,,,,1:後加工,2026/08/07,1:通常,山本産業,,,0,,,,,0:1明細目,,,スライス,778.00,200,4,1,,,50105,トーレペフ V(TPI),1:対象外,0,0.00,200.00,SG,1011,スライス機1,0,0,0.00,0.00,B1O40AGA0200FBD,551,ペフ,55109,ﾍﾟﾌ　その他,,,,,,,000001,2製品,02,社外加工,30040-AG00-1000X200FA    C,,m,0:自社,,,,,,,,,,,2026/08/05,6710,河合 直樹,,,,0,1
00082228,製品,001,2026/08/04,2026/08/20,2026/08/19,2026/08/31,0:通常,0:通常,01,505102,国分自社加工512,000050,国分自社加工,900001,持込・引取・出荷のみ,持込・引取・出荷のみ,,,,,,,,068005,堀富商工(株),堀富商工株式会社,,592-8335,大阪府堺市西区,浜寺石津町東3-5-23,,072-241-3821,072-241-3822,511101,国分工場01本倉庫,0007,随 出荷日＝売上計上,03,その他,1:する,2:様,1:する,2:様,,100,,,0,0,1:完了,0:未完,0:通常,1:税抜,0,1:伝票明細,1:金額,0:円未満,0:切り捨て,0:切り捨て,0:切り捨て,1:発行済,0:未承認,,0:しない,1:修正,,,,,,0002,河合運輸倉庫,,,外注用。接続無し原反を発注、加工すること。,製品No.NK2608-01~04,加工一覧表を外注先へ送付する。,注文№1712,,,2:自社,2026/08/20,1:通常,椿本興業,,,0,,,,,0:1明細目,"自社-外注加工
堀冨商工へは3インチ紙管","堀冨商会へ晒ラミ加工（外注）
ﾛｯﾄNo：NKOOOO（4桁ｽﾗｲｽ月日）-00～00
外装に巻出し方向（矢印）を記入してください。","スライス,接続","3,200.00","1,600",1,1,,,55101,ﾍﾟﾌ　巻芯,1:対象外,0,0.00,"3,200.00",,,,0,0,"3,200.00",0.00,A5F10BAA3800FN1,551,ペフ,55101,ﾍﾟﾌ　巻芯,,,999999,対象外,,,000004,3仕掛品,02,社外加工,ﾄｰﾚﾍﾟﾌ 15010-BA00-1030X800F-A C,巻芯外注用,m,0:自社,,,,一部,一部,2026/08/19,2026/08/19,,,,,MKSN,松永 敏,,,0:なし,0,0
00082228,原反,001,2026/08/04,2026/08/20,2026/08/19,2026/08/31,0:通常,0:通常,01,505102,国分自社加工512,000050,国分自社加工,900001,持込・引取・出荷のみ,持込・引取・出荷のみ,,,,,,,,068005,堀富商工(株),堀富商工株式会社,,592-8335,大阪府堺市西区,浜寺石津町東3-5-23,,072-241-3821,072-241-3822,511101,国分工場01本倉庫,0007,随 出荷日＝売上計上,03,その他,1:する,2:様,1:する,2:様,,100,,,0,0,1:完了,0:未完,0:通常,1:税抜,0,1:伝票明細,1:金額,0:円未満,0:切り捨て,0:切り捨て,0:切り捨て,1:発行済,0:未承認,,0:しない,1:修正,,,,,,0002,河合運輸倉庫,,,外注用。接続無し原反を発注、加工すること。,製品No.NK2608-01~04,加工一覧表を外注先へ送付する。,注文№1712,,,2:自社,2026/08/20,1:通常,椿本興業,,,0,,,,,0:1明細目,"自社-外注加工
堀冨商工へは3インチ紙管","堀冨商会へ晒ラミ加工（外注）
ﾛｯﾄNo：NKOOOO（4桁ｽﾗｲｽ月日）-00～00
外装に巻出し方向（矢印）を記入してください。","スライス,接続","3,200.00","1,600",1,1,,,55101,ﾍﾟﾌ　巻芯,1:対象外,0,0.00,"1,600.00",SG,1022,スライス機3,0,0,0.00,0.00,P5F20AAA3400FNR,551,ペフ,51200,自社加工,,,410103,巻芯-仕入-材,,,000003,4原材料,01,社外製品,15020-AA00-1030X400F-A   R,,m,0:自社,,,,,,,,,,,,JSYA,松永 敏,,,,0,4
00082240,製品,001,2026/08/04,2026/08/10,2026/08/10,2026/08/31,0:通常,0:通常,01,505201,湖南52,000052,湖南工場,049052,東ﾚﾍﾟﾌ加工品(株) 国分・湖南,,,,,,,,,,,,,,,,,,,520201,湖南工場01本倉庫,0015,末締,02,東レグループ,0:しない,,,,JR260803,100,,,"7,894",0,1:完了,1:完了,0:通常,1:税抜,0,3:請求合計,1:金額,0:円未満,5:四捨五入,9:切り上げ,5:四捨五入,1:発行済,0:未承認,,0:しない,1:修正,,,,,,,,,,,,,,,,1:後加工,2026/08/10,1:通常,,,,0,,,,,0:1明細目,,,"SEC,梱包,スリット",177.00,200,2,1,,,50200,ＴＰＩ,1:対象外,0,0.00,97.00,,,,"4,326",0,97.00,44.60,A3O20A087097FB1,551,ペフ,50200,ＴＰＩ,,,,,,,000001,2製品,02,社外加工,30020-A05W- 870X 97   BKB,,M,0:自社,,,,済,済,2026/08/07,2026/08/07,2026/08/07,2026/08/07,P76031,,0   ,古家 淳子,,,1:あり,0,0
00082240,製品,002,2026/08/04,2026/08/10,2026/08/10,2026/08/31,0:通常,0:通常,01,505201,湖南52,000052,湖南工場,049052,東ﾚﾍﾟﾌ加工品(株) 国分・湖南,,,,,,,,,,,,,,,,,,,520201,湖南工場01本倉庫,0015,末締,02,東レグループ,0:しない,,,,JR260803,100,,,"7,894",0,1:完了,1:完了,0:通常,1:税抜,0,3:請求合計,1:金額,0:円未満,5:四捨五入,9:切り上げ,5:四捨五入,1:発行済,0:未承認,,0:しない,1:修正,,,,,,,,,,,,,,,,1:後加工,2026/08/10,1:通常,,,,0,,,,,0:1明細目,,,"SEC,梱包,スリット",177.00,200,2,1,,,50200,ＴＰＩ,1:対象外,0,0.00,80.00,,,,"3,568",0,80.00,44.60,A3O20A087080FB1,551,ペフ,50200,ＴＰＩ,,,,,,,000001,2製品,02,社外加工,30020-A05W- 870X 80   BKB,,M,0:自社,,,,済,済,2026/08/07,2026/08/07,2026/08/07,2026/08/07,,,0   ,古家 淳子,,,1:あり,0,0
00082240,原反,001,2026/08/04,2026/08/10,2026/08/10,2026/08/31,0:通常,0:通常,01,505201,湖南52,000052,湖南工場,049052,東ﾚﾍﾟﾌ加工品(株) 国分・湖南,,,,,,,,,,,,,,,,,,,520201,湖南工場01本倉庫,0015,末締,02,東レグループ,0:しない,,,,JR260803,100,,,"7,894",0,1:完了,1:完了,0:通常,1:税抜,0,3:請求合計,1:金額,0:円未満,5:四捨五入,9:切り上げ,5:四捨五入,1:発行済,0:未承認,,0:しない,1:修正,,,,,,,,,,,,,,,,1:後加工,2026/08/10,1:通常,,,,0,,,,,0:1明細目,,,"SEC,梱包,スリット",177.00,200,2,1,,,50200,ＴＰＩ,1:対象外,0,0.00,200.00,K ,2014,SEC機　湖南,0,0,0.00,0.00,B3O202BA0100FBA,551,ペフ,50200,ＴＰＩ,,,,,,,000001,2製品,02,社外加工,FEL3002BGB-05WD-1000X100   BKB,,M,0:自社,,,,,,,,,,,2026/08/04,7A1 ,古家 淳子,,,,0,2
00082241,製品,001,2026/08/04,2026/08/12,2026/08/12,2026/08/31,0:通常,0:通常,01,104101,営業41,000571,中川 航一,049065,東ﾚｺﾑｽﾞ滋賀(株) 事業推進部※,,,,,,,,,,,,,,,,,,,320301,大石工場01本倉庫,0014,25締,02,東レグループ,0:しない,,,,,100,,,"63,000","6,300",1:完了,0:未完,0:通常,1:税抜,0,2:伝票合計,1:金額,0:円未満,5:四捨五入,0:切り捨て,5:四捨五入,1:発行済,0:未承認,,0:しない,0:新規,,,,,,,,,,8/3ご依頼分,10m小巻品　ｷｬﾝﾍﾟｰﾝ用在庫(カタログ/留めテープご注意ください),★価格はお客様と最終打合せ,,,,2:自社,,1:通常,,,,0,,,,,0:1明細目,,,ﾌｨﾙﾑｽﾘｯﾄ,"1,000.00",0,1,1,,,41102,ﾌｨﾙﾑ　工業,1:対象外,"30,000",30.00,"1,000.00",,,,"63,000",0,"1,000.00",63.00,F49900005,411,フィルム,41102,ﾌｨﾙﾑ　工業,,,,,,,000001,2製品,01,社外製品,ｱｸｽﾀｰﾏﾝﾄﾙ防草ｼｰﾄG2200BK 1050mmX10m,数量100本,m,0:自社,,,,済,済,2026/08/12,2026/08/12,,,,,1   ,大島 友紀,,,0:なし,0,0
00082241,原反,001,2026/08/04,2026/08/12,2026/08/12,2026/08/31,0:通常,0:通常,01,104101,営業41,000571,中川 航一,049065,東ﾚｺﾑｽﾞ滋賀(株) 事業推進部※,,,,,,,,,,,,,,,,,,,320301,大石工場01本倉庫,0014,25締,02,東レグループ,0:しない,,,,,100,,,"63,000","6,300",1:完了,0:未完,0:通常,1:税抜,0,2:伝票合計,1:金額,0:円未満,5:四捨五入,0:切り捨て,5:四捨五入,1:発行済,0:未承認,,0:しない,0:新規,,,,,,,,,,8/3ご依頼分,10m小巻品　ｷｬﾝﾍﾟｰﾝ用在庫(カタログ/留めテープご注意ください),★価格はお客様と最終打合せ,,,,2:自社,,1:通常,,,,0,,,,,0:1明細目,,,ﾌｨﾙﾑｽﾘｯﾄ,"1,000.00",0,1,1,,,41102,ﾌｨﾙﾑ　工業,1:対象外,0,0.00,0.00,m ,,,0,0,0.00,0.00,F49900005,411,フィルム,41102,ﾌｨﾙﾑ　工業,,,,,,,000001,2製品,01,社外製品,ｱｸｽﾀｰﾏﾝﾄﾙ防草ｼｰﾄG2200BK 1050mmX500m,,m,0:自社,,,,,,,,,,,2026/08/04,1   ,大島 友紀,,,,0,0
00082242,製品,001,2026/08/04,2026/08/21,2026/08/21,2026/08/31,0:通常,0:通常,01,104101,営業41,000571,中川 航一,049065,東ﾚｺﾑｽﾞ滋賀(株) 事業推進部※,,,,,,,,,,,,,,,,,,,320301,大石工場01本倉庫,0014,25締,02,東レグループ,0:しない,,,,,100,,,"309,120","30,912",1:完了,0:未完,0:通常,1:税抜,0,2:伝票合計,1:金額,0:円未満,5:四捨五入,0:切り捨て,5:四捨五入,1:発行済,0:未承認,,0:しない,0:新規,,,,,,,,,,8/21ご依頼分,,,設備投資上乗せ単価残り54930m分（35070m/90000m）,,,2:自社,,1:通常,,,,0,,,,,0:1明細目,,,ﾌｨﾙﾑｽﾘｯﾄ,"6,000.00","6,000",1,1,,,41102,ﾌｨﾙﾑ　工業,1:対象外,"180,000",30.00,"6,000.00",,,,"309,120",0,"6,000.00",51.52,F49900004,411,フィルム,41102,ﾌｨﾙﾑ　工業,,,,,,,000001,2製品,01,社外製品,ｱｸｽﾀｰﾏﾝﾄﾙ防草ｼｰﾄG2200BK 1050mm,数量240本,m,0:自社,,,,済,済,2026/08/18,2026/08/18,,,,,1   ,大島 友紀,,,0:なし,0,0
00082242,原反,001,2026/08/04,2026/08/21,2026/08/21,2026/08/31,0:通常,0:通常,01,104101,営業41,000571,中川 航一,049065,東ﾚｺﾑｽﾞ滋賀(株) 事業推進部※,,,,,,,,,,,,,,,,,,,320301,大石工場01本倉庫,0014,25締,02,東レグループ,0:しない,,,,,100,,,"309,120","30,912",1:完了,0:未完,0:通常,1:税抜,0,2:伝票合計,1:金額,0:円未満,5:四捨五入,0:切り捨て,5:四捨五入,1:発行済,0:未承認,,0:しない,0:新規,,,,,,,,,,8/21ご依頼分,,,設備投資上乗せ単価残り54930m分（35070m/90000m）,,,2:自社,,1:通常,,,,0,,,,,0:1明細目,,,ﾌｨﾙﾑｽﾘｯﾄ,"6,000.00","6,000",1,1,,,41102,ﾌｨﾙﾑ　工業,1:対象外,0,0.00,"6,000.00",m ,,,0,0,0.00,0.00,F49900004,411,フィルム,41102,ﾌｨﾙﾑ　工業,,,,,,,000001,2製品,01,社外製品,ｱｸｽﾀｰﾏﾝﾄﾙ防草ｼｰﾄG2200BK 1050mmX500m,,m,0:自社,,,,,,,,,,,2026/08/04,1   ,大島 友紀,,,,0,12
00082246,製品,001,2026/08/05,2026/08/17,2026/08/17,2026/08/31,0:通常,0:通常,01,505101,国分後加工511,000051,国分後加工,049006,東ﾚ(株) 自材部,,,,,,,,,,,,,,,,,,,511101,国分工場01本倉庫,0015,末締,01,東レ本体,0:しない,,,,C8-12,100,,,"2,700",0,1:完了,0:未完,0:通常,1:税抜,0,3:請求合計,1:金額,0:円未満,5:四捨五入,0:切り捨て,9:切り上げ,1:発行済,0:未承認,,0:しない,1:修正,,,,,,0051,国分,,,,,,,,,1:後加工,2026/08/17,1:通常,栗田君の,,,0,,,,,0:1明細目,,,分割,180.00,200,1,1,傷部分除去,,50103,トーレペフ Y(工材),1:対象外,0,0.00,180.00,,,,"2,700",0,180.00,15.00,A1Q30BMA3100FB4,551,ペフ,50103,トーレペフ Y(工材),,,999999,対象外,,,000001,2製品,02,社外加工,50030-BM0C-1030X180FA BK0C,,m,0:自社,,,,済,済,2026/08/17,2026/08/17,,,191441R,,6715,河合 直樹,,,0:なし,0,0
00082246,原反,001,2026/08/05,2026/08/17,2026/08/17,2026/08/31,0:通常,0:通常,01,505101,国分後加工511,000051,国分後加工,049006,東ﾚ(株) 自材部,,,,,,,,,,,,,,,,,,,511101,国分工場01本倉庫,0015,末締,01,東レ本体,0:しない,,,,C8-12,100,,,"2,700",0,1:完了,0:未完,0:通常,1:税抜,0,3:請求合計,1:金額,0:円未満,5:四捨五入,0:切り捨て,9:切り上げ,1:発行済,0:未承認,,0:しない,1:修正,,,,,,0051,国分,,,,,,,,,1:後加工,2026/08/17,1:通常,栗田君の,,,0,,,,,0:1明細目,,,分割,180.00,200,1,1,傷部分除去,,50103,トーレペフ Y(工材),1:対象外,0,0.00,200.00,SG,1043,スリット機2,0,0,0.00,0.00,A1Q30BMA3200FN1,551,ペフ,50103,トーレペフ Y(工材),,,999999,対象外,,,000001,2製品,02,社外加工,50030-BM0C-1030x200FABK0C,,m,0:自社,,,,,,,,,,,2026/08/07,6713,河合 直樹,,,,0,1
00082247,製品,001,2026/08/05,2026/08/28,2026/08/28,2026/08/31,0:通常,0:通常,01,505101,国分後加工511,000051,国分後加工,049006,東ﾚ(株) 自材部,,,,,,,,,,,,,,,,,,,511101,国分工場01本倉庫,0015,末締,01,東レ本体,0:しない,,,,Y8-100,100,,,"19,200",0,0:未完,0:未完,0:通常,1:税抜,0,3:請求合計,1:金額,0:円未満,5:四捨五入,0:切り捨て,9:切り上げ,1:発行済,0:未承認,,0:しない,1:修正,,,,,,0051,国分,,,,,,,,,1:後加工,2026/08/28,1:通常,サンパック,,,0,,,,,0:1明細目,,ｶｯﾄ長さｾｯﾄ値（目安）1035mm,カット,"1,200.00",900,3,1,,,50103,トーレペフ Y(工材),1:対象外,0,0.00,200.00,,,,"3,200",0,200.00,16.00,A1K40AAC1101KG3,551,ペフ,50103,トーレペフ Y(工材),,,999999,対象外,,,000001,2製品,02,社外加工,20040-AA00-1210x101KAGA0,,枚,0:自社,,,,済,,,,,,191100A,,6715,河合 直樹,,,0:なし,0,0
00082247,製品,002,2026/08/05,2026/08/28,2026/08/28,2026/08/31,0:通常,0:通常,01,505101,国分後加工511,000051,国分後加工,049006,東ﾚ(株) 自材部,,,,,,,,,,,,,,,,,,,511101,国分工場01本倉庫,0015,末締,01,東レ本体,0:しない,,,,Y8-100,100,,,"19,200",0,0:未完,0:未完,0:通常,1:税抜,0,3:請求合計,1:金額,0:円未満,5:四捨五入,0:切り捨て,9:切り上げ,1:発行済,0:未承認,,0:しない,1:修正,,,,,,0051,国分,,,,,,,,,1:後加工,2026/08/28,1:通常,サンパック,,,0,,,,,0:1明細目,,ｶｯﾄ長さｾｯﾄ値（目安）1035mm,カット,"1,200.00",900,3,1,,,50103,トーレペフ Y(工材),1:対象外,0,0.00,500.00,,,,"8,000",0,500.00,16.00,A1K40AAC1073KG3,551,ペフ,50103,トーレペフ Y(工材),,,999999,対象外,,,000001,2製品,02,社外加工,20040-AA00-1210X 73KA GA0,,枚,0:自社,,,,済,,,,,,191101V,,6713,河合 直樹,,,0:なし,0,0
00082247,製品,003,2026/08/05,2026/08/28,2026/08/28,2026/08/31,0:通常,0:通常,01,505101,国分後加工511,000051,国分後加工,049006,東ﾚ(株) 自材部,,,,,,,,,,,,,,,,,,,511101,国分工場01本倉庫,0015,末締,01,東レ本体,0:しない,,,,Y8-100,100,,,"19,200",0,0:未完,0:未完,0:通常,1:税抜,0,3:請求合計,1:金額,0:円未満,5:四捨五入,0:切り捨て,9:切り上げ,1:発行済,0:未承認,,0:しない,1:修正,,,,,,0051,国分,,,,,,,,,1:後加工,2026/08/28,1:通常,サンパック,,,0,,,,,0:1明細目,,ｶｯﾄ長さｾｯﾄ値（目安）1035mm,カット,"1,200.00",900,3,1,,,50103,トーレペフ Y(工材),1:対象外,0,0.00,500.00,,,,"8,000",0,500.00,16.00,A1K40AAC1058KG3,551,ペフ,50103,トーレペフ Y(工材),,,999999,対象外,,,000001,2製品,02,社外加工,20040-AA00-1210x58KAGA0,,枚,0:自社,,,,済,,,,,,191102R,,6713,河合 直樹,,,0:なし,0,0
00082247,原反,001,2026/08/05,2026/08/28,2026/08/28,2026/08/31,0:通常,0:通常,01,505101,国分後加工511,000051,国分後加工,049006,東ﾚ(株) 自材部,,,,,,,,,,,,,,,,,,,511101,国分工場01本倉庫,0015,末締,01,東レ本体,0:しない,,,,Y8-100,100,,,"19,200",0,0:未完,0:未完,0:通常,1:税抜,0,3:請求合計,1:金額,0:円未満,5:四捨五入,0:切り捨て,9:切り上げ,1:発行済,0:未承認,,0:しない,1:修正,,,,,,0051,国分,,,,,,,,,1:後加工,2026/08/28,1:通常,サンパック,,,0,,,,,0:1明細目,,ｶｯﾄ長さｾｯﾄ値（目安）1035mm,カット,"1,200.00",900,3,1,,,50103,トーレペフ Y(工材),1:対象外,0,0.00,900.00,SG,1041,単板カット機,0,0,0.00,0.00,B1K40AAC1150FG3,551,ペフ,55109,ﾍﾟﾌ　その他,,,,,,,000001,2製品,02,社外加工,20040-AA00-1210X150FA GA0C,,m,0:自社,,,,,,,,,,,2026/08/21,6713,河合 直樹,,,,0,6
00082248,製品,001,2026/08/05,2026/08/21,2026/08/21,2026/08/31,0:通常,0:通常,01,505101,国分後加工511,000051,国分後加工,049006,東ﾚ(株) 自材部,,,,,,,,,,,,,,,,,,,511101,国分工場01本倉庫,,,01,東レ本体,0:しない,,,,T8-21,100,,,"25,200",0,0:未完,0:未完,0:通常,1:税抜,0,3:請求合計,1:金額,0:円未満,5:四捨五入,0:切り捨て,9:切り上げ,1:発行済,0:未承認,,0:しない,1:修正,,,,,,0051,国分,,,,,,,,,1:後加工,2026/08/21,1:通常,中央物産,,,0,,,,,0:1明細目,,接続方法：両面ﾍﾞｰｼﾞｭﾊﾝﾃﾞｨｶｯﾄﾃｰﾌﾟ(幅:50mm),EC,"1,400.00","1,400",1,1,,,50103,トーレペフ Y(工材),1:対象外,0,0.00,"1,400.00",,,,"25,200",0,"1,400.00",18.00,A1O30JGA3200FBD,551,ペフ,50103,トーレペフ Y(工材),,,999999,対象外,,,000001,2製品,02,社外加工,30030-JG00-1030x200FABK0Q,,m,0:自社,,,,済,済,,,,,191140R,,6713,河合 直樹,02,Ｑ面,0:なし,0,0
00082248,原反,001,2026/08/05,2026/08/21,2026/08/21,2026/08/31,0:通常,0:通常,01,505101,国分後加工511,000051,国分後加工,049006,東ﾚ(株) 自材部,,,,,,,,,,,,,,,,,,,511101,国分工場01本倉庫,,,01,東レ本体,0:しない,,,,T8-21,100,,,"25,200",0,0:未完,0:未完,0:通常,1:税抜,0,3:請求合計,1:金額,0:円未満,5:四捨五入,0:切り捨て,9:切り上げ,1:発行済,0:未承認,,0:しない,1:修正,,,,,,0051,国分,,,,,,,,,1:後加工,2026/08/21,1:通常,中央物産,,,0,,,,,0:1明細目,,接続方法：両面ﾍﾞｰｼﾞｭﾊﾝﾃﾞｨｶｯﾄﾃｰﾌﾟ(幅:50mm),EC,"1,400.00","1,400",1,1,,,50103,トーレペフ Y(工材),1:対象外,0,0.00,"1,400.00",SG,1021,EC,0,0,0.00,0.00,B1O30AGA3200FB4,551,ペフ,55109,ﾍﾟﾌ　その他,,,,,,,000001,2製品,02,社外加工,30030-AG00-1030x200FABK0C,,m,0:自社,,,,,,,,,,,2026/08/18,6710,河合 直樹,,,,0,7
00082249,製品,001,2026/08/05,2026/08/24,2026/08/24,2026/08/31,0:通常,0:通常,01,505101,国分後加工511,000051,国分後加工,049006,東ﾚ(株) 自材部,,,,,,,,,,,,,,,,,,,511101,国分工場01本倉庫,0015,末締,01,東レ本体,0:しない,,,,T8-22,100,,,"3,600",0,1:完了,0:未完,0:通常,1:税抜,0,3:請求合計,1:金額,0:円未満,5:四捨五入,0:切り捨て,9:切り上げ,1:発行済,0:未承認,,0:しない,1:修正,,,,,,0051,国分,,,,,,,,,1:後加工,2026/08/24,1:通常,中央物産,,,0,,,,,0:1明細目,,接続：ベージュテープ50mm幅　ぬれ検査頻度：1回/5本,EC,200.00,200,1,1,,,50103,トーレペフ Y(工材),1:対象外,0,0.00,200.00,,,,"3,600",0,200.00,18.00,A1O30JGA3200FNA,551,ペフ,50103,トーレペフ Y(工材),,,999999,対象外,,,000001,2製品,02,社外加工,30030-JG00-1030x200FA Q,,m,0:自社,,,,済,済,2026/08/18,2026/08/18,,,191141L,,6713,河合 直樹,02,Ｑ面,0:なし,0,0
00082249,原反,001,2026/08/05,2026/08/24,2026/08/24,2026/08/31,0:通常,0:通常,01,505101,国分後加工511,000051,国分後加工,049006,東ﾚ(株) 自材部,,,,,,,,,,,,,,,,,,,511101,国分工場01本倉庫,0015,末締,01,東レ本体,0:しない,,,,T8-22,100,,,"3,600",0,1:完了,0:未完,0:通常,1:税抜,0,3:請求合計,1:金額,0:円未満,5:四捨五入,0:切り捨て,9:切り上げ,1:発行済,0:未承認,,0:しない,1:修正,,,,,,0051,国分,,,,,,,,,1:後加工,2026/08/24,1:通常,中央物産,,,0,,,,,0:1明細目,,接続：ベージュテープ50mm幅　ぬれ検査頻度：1回/5本,EC,200.00,200,1,1,,,50103,トーレペフ Y(工材),1:対象外,0,0.00,200.00,SG,1021,EC,0,0,0.00,0.00,B1O30AGA3200FN1,551,ペフ,,,,,,,,,000003,4原材料,02,社外加工,30030-AG00-1030X200FA    C,,m,0:自社,,,,,,,,,,,2026/08/18,6710,河合 直樹,,,,0,1
00082250,製品,001,2026/08/05,2026/08/21,2026/08/21,2026/08/31,0:通常,0:通常,01,505101,国分後加工511,000051,国分後加工,049006,東ﾚ(株) 自材部,,,,,,,,,,,,,,,,,,,511101,国分工場01本倉庫,0015,末締,01,東レ本体,0:しない,,,,T8-23,100,,,"54,549",0,0:未完,0:未完,0:通常,1:税抜,0,3:請求合計,1:金額,0:円未満,5:四捨五入,0:切り捨て,9:切り上げ,1:発行済,0:未承認,,0:しない,1:修正,,,,,,0051,国分,,,,,,,,,1:後加工,2026/08/21,1:通常,大吉プラスチック,,,0,,,,,0:1明細目,,一次加工熱風温度上下：350℃　二次加工熱風温度夏季上：340℃下：360℃、冬季上：350℃下：370℃,融着,330.00,"1,600",1,2,,,50103,トーレペフ Y(工材),1:対象外,0,0.00,330.00,,,,"54,549",0,330.00,165.30,A1OAD1082114YN1,551,ペフ,50103,トーレペフ Y(工材),,,999999,対象外,,,000001,2製品,02,社外加工,C4300-1056-820x114YA,,枚,0:自社,,,,済,,,,,,191143Y,,6713,河合 直樹,,,1:あり,4,0
00082250,原反,001,2026/08/05,2026/08/21,2026/08/21,2026/08/31,0:通常,0:通常,01,505101,国分後加工511,000051,国分後加工,049006,東ﾚ(株) 自材部,,,,,,,,,,,,,,,,,,,511101,国分工場01本倉庫,0015,末締,01,東レ本体,0:しない,,,,T8-23,100,,,"54,549",0,0:未完,0:未完,0:通常,1:税抜,0,3:請求合計,1:金額,0:円未満,5:四捨五入,0:切り捨て,9:切り上げ,1:発行済,0:未承認,,0:しない,1:修正,,,,,,0051,国分,,,,,,,,,1:後加工,2026/08/21,1:通常,大吉プラスチック,,,0,,,,,0:1明細目,,一次加工熱風温度上下：350℃　二次加工熱風温度夏季上：340℃下：360℃、冬季上：350℃下：370℃,融着,330.00,"1,600",1,2,,,50103,トーレペフ Y(工材),1:対象外,0,0.00,800.00,SG,1121,融着機,0,0,0.00,0.00,B1OA0AGA0100FNA,551,ペフ,55109,ﾍﾟﾌ　その他,,,,,,,000001,2製品,02,社外加工,30100-AG00-1000X100FA    C,,m,0:自社,,,,,,,,,,,2026/08/18,6710,河合 直樹,,,,0,8
00082250,原反,002,2026/08/05,2026/08/21,2026/08/21,2026/08/31,0:通常,0:通常,01,505101,国分後加工511,000051,国分後加工,049006,東ﾚ(株) 自材部,,,,,,,,,,,,,,,,,,,511101,国分工場01本倉庫,0015,末締,01,東レ本体,0:しない,,,,T8-23,100,,,"54,549",0,0:未完,0:未完,0:通常,1:税抜,0,3:請求合計,1:金額,0:円未満,5:四捨五入,0:切り捨て,9:切り上げ,1:発行済,0:未承認,,0:しない,1:修正,,,,,,0051,国分,,,,,,,,,1:後加工,2026/08/21,1:通常,大吉プラスチック,,,0,,,,,0:1明細目,,一次加工熱風温度上下：350℃　二次加工熱風温度夏季上：340℃下：360℃、冬季上：350℃下：370℃,融着,330.00,"1,600",1,2,,,50103,トーレペフ Y(工材),1:対象外,0,0.00,800.00,SG,1121,融着機,0,0,0.00,0.00,B1K50AAA0100FN1,551,ペフ,55110,ﾍﾟﾌ　新規,,,,,,,000003,4原材料,02,社外加工,20050-AA00-1000X100FA ,,m,0:自社,,,,,,,,,,,2026/08/18,6710,河合 直樹,,,,0,8
00082251,製品,001,2026/08/05,2026/08/24,2026/08/24,2026/08/31,0:通常,0:通常,01,505101,国分後加工511,000051,国分後加工,049006,東ﾚ(株) 自材部,,,,,,,,,,,,,,,,,,,511101,国分工場01本倉庫,0015,末締,01,東レ本体,0:しない,,,,T8-24,100,,,"13,137",0,0:未完,0:未完,0:通常,1:税抜,0,3:請求合計,1:金額,0:円未満,5:四捨五入,0:切り捨て,9:切り上げ,1:発行済,0:未承認,,0:しない,1:修正,,,,,,0051,国分,,,,,,,,,1:後加工,2026/08/24,1:通常,大吉プラスチック,,,0,,,,,0:1明細目,,一次加工熱風温度上下：350℃　二次加工熱風温度夏季上340℃下360℃、冬季上350℃下370℃,融着,60.00,400,1,2,,,50103,トーレペフ Y(工材),1:対象外,0,0.00,60.00,,,,"13,137",0,60.00,218.95,A1OAD1382151YN1,551,ペフ,50103,トーレペフ Y(工材),,,999999,対象外,,,000001,2製品,02,社外加工,C4300-1399-820x151YA,,枚,0:自社,,,,済,,,,,,191144S,,6713,河合 直樹,,,1:あり,4,0
00082251,原反,001,2026/08/05,2026/08/24,2026/08/24,2026/08/31,0:通常,0:通常,01,505101,国分後加工511,000051,国分後加工,049006,東ﾚ(株) 自材部,,,,,,,,,,,,,,,,,,,511101,国分工場01本倉庫,0015,末締,01,東レ本体,0:しない,,,,T8-24,100,,,"13,137",0,0:未完,0:未完,0:通常,1:税抜,0,3:請求合計,1:金額,0:円未満,5:四捨五入,0:切り捨て,9:切り上げ,1:発行済,0:未承認,,0:しない,1:修正,,,,,,0051,国分,,,,,,,,,1:後加工,2026/08/24,1:通常,大吉プラスチック,,,0,,,,,0:1明細目,,一次加工熱風温度上下：350℃　二次加工熱風温度夏季上340℃下360℃、冬季上350℃下370℃,融着,60.00,400,1,2,,,50103,トーレペフ Y(工材),1:対象外,0,0.00,200.00,SG,1121,融着機,0,0,0.00,0.00,B1OA0AGA0100FN1,551,ペフ,55109,ﾍﾟﾌ　その他,,,,,,,000001,2製品,02,社外加工,30100-AG00-1000X100FA    C,,m,0:自社,,,,,,,,,,,2026/08/18,6710,河合 直樹,,,,0,2
00082251,原反,002,2026/08/05,2026/08/24,2026/08/24,2026/08/31,0:通常,0:通常,01,505101,国分後加工511,000051,国分後加工,049006,東ﾚ(株) 自材部,,,,,,,,,,,,,,,,,,,511101,国分工場01本倉庫,0015,末締,01,東レ本体,0:しない,,,,T8-24,100,,,"13,137",0,0:未完,0:未完,0:通常,1:税抜,0,3:請求合計,1:金額,0:円未満,5:四捨五入,0:切り捨て,9:切り上げ,1:発行済,0:未承認,,0:しない,1:修正,,,,,,0051,国分,,,,,,,,,1:後加工,2026/08/24,1:通常,大吉プラスチック,,,0,,,,,0:1明細目,,一次加工熱風温度上下：350℃　二次加工熱風温度夏季上340℃下360℃、冬季上350℃下370℃,融着,60.00,400,1,2,,,50103,トーレペフ Y(工材),1:対象外,0,0.00,200.00,SG,1121,融着機,0,0,0.00,0.00,B1K50AAA0100FN1,551,ペフ,55110,ﾍﾟﾌ　新規,,,,,,,000003,4原材料,02,社外加工,20050-AA00-1000X100FA ,,m,0:自社,,,,,,,,,,,2026/08/18,6710,河合 直樹,,,,0,2
00082257,製品,001,2026/08/05,2026/08/10,2026/08/10,2026/08/31,0:通常,0:通常,01,505201,湖南52,000052,湖南工場,049052,東ﾚﾍﾟﾌ加工品(株) 国分・湖南,,,,,,,,,,,,,,,,,,,520201,湖南工場01本倉庫,0015,末締,02,東レグループ,0:しない,,,,JR260802-1,100,,,"3,001",0,1:完了,1:完了,0:通常,1:税抜,0,3:請求合計,1:金額,0:円未満,5:四捨五入,9:切り上げ,5:四捨五入,1:発行済,0:未承認,,0:しない,1:修正,,,,,,,,,,,,,,,,1:後加工,2026/08/10,1:通常,,,,0,,,,,0:1明細目,,,接続,157.00,0,2,1,,,50200,ＴＰＩ,1:対象外,0,0.00,97.00,,,,"1,854",0,97.00,19.11,A3O20A087097FB1,551,ペフ,50200,ＴＰＩ,,,,,,,000001,2製品,02,社外加工,30020-A05W- 870X 97   BKB,,M,0:自社,,,,済,済,2026/08/07,2026/08/07,2026/08/07,2026/08/07,,,0   ,古家 淳子,,,1:あり,0,0
00082257,製品,002,2026/08/05,2026/08/10,2026/08/10,2026/08/31,0:通常,0:通常,01,505201,湖南52,000052,湖南工場,049052,東ﾚﾍﾟﾌ加工品(株) 国分・湖南,,,,,,,,,,,,,,,,,,,520201,湖南工場01本倉庫,0015,末締,02,東レグループ,0:しない,,,,JR260802-1,100,,,"3,001",0,1:完了,1:完了,0:通常,1:税抜,0,3:請求合計,1:金額,0:円未満,5:四捨五入,9:切り上げ,5:四捨五入,1:発行済,0:未承認,,0:しない,1:修正,,,,,,,,,,,,,,,,1:後加工,2026/08/10,1:通常,,,,0,,,,,0:1明細目,,,接続,157.00,0,2,1,,,50200,ＴＰＩ,1:対象外,0,0.00,60.00,,,,"1,147",0,60.00,19.11,A3O20A087060FB1,551,ペフ,50200,ＴＰＩ,,,,,,,000001,2製品,02,社外加工,30020-A05W- 870X 60   BKB,,M,0:自社,,,,済,済,2026/08/07,2026/08/07,2026/08/07,2026/08/07,,,0   ,古家 淳子,,,1:あり,0,0
00082257,原反,001,2026/08/05,2026/08/10,2026/08/10,2026/08/31,0:通常,0:通常,01,505201,湖南52,000052,湖南工場,049052,東ﾚﾍﾟﾌ加工品(株) 国分・湖南,,,,,,,,,,,,,,,,,,,520201,湖南工場01本倉庫,0015,末締,02,東レグループ,0:しない,,,,JR260802-1,100,,,"3,001",0,1:完了,1:完了,0:通常,1:税抜,0,3:請求合計,1:金額,0:円未満,5:四捨五入,9:切り上げ,5:四捨五入,1:発行済,0:未承認,,0:しない,1:修正,,,,,,,,,,,,,,,,1:後加工,2026/08/10,1:通常,,,,0,,,,,0:1明細目,,,接続,157.00,0,2,1,,,50200,ＴＰＩ,1:対象外,0,0.00,0.00,K ,2014,SEC機　湖南,0,0,0.00,0.00,B3O202BA0100FBA,551,ペフ,50200,ＴＰＩ,,,,,,,000001,2製品,02,社外加工,FEL3002BGB-05WD-1000X100   BKB,,M,0:自社,,,,,,,,,,,2026/08/03,7A1 ,古家 淳子,,,,0,0
00082264,製品,001,2026/08/05,2026/08/20,2026/08/20,2026/08/31,0:通常,0:通常,01,505101,国分後加工511,000051,国分後加工,049006,東ﾚ(株) 自材部,,,,,,,,,,,,,,,,,,,511101,国分工場01本倉庫,0015,末締,01,東レ本体,0:しない,,,,Y8-101,100,,,"13,200",0,1:完了,0:未完,0:通常,1:税抜,0,3:請求合計,1:金額,0:円未満,5:四捨五入,0:切り捨て,9:切り上げ,1:発行済,0:未承認,,0:しない,1:修正,,,,,,0051,国分,,,,,,,,,1:後加工,2026/08/20,1:通常,芙蓉,,,0,,,,,0:1明細目,,,スライス,"1,200.00",600,1,1,,,50103,トーレペフ Y(工材),1:対象外,0,0.00,"1,200.00",,,,"13,200",0,"1,200.00",11.00,A1O20BGA0200FN1,551,ペフ,50105,トーレペフ V(TPI),,,999999,対象外,,,000001,2製品,02,社外加工,30020-BG00-1000x200FA C,,m,0:自社,,,,済,済,2026/08/18,2026/08/18,,,191103K,,6713,河合 直樹,,,0:なし,0,0
00082264,原反,001,2026/08/05,2026/08/20,2026/08/20,2026/08/31,0:通常,0:通常,01,505101,国分後加工511,000051,国分後加工,049006,東ﾚ(株) 自材部,,,,,,,,,,,,,,,,,,,511101,国分工場01本倉庫,0015,末締,01,東レ本体,0:しない,,,,Y8-101,100,,,"13,200",0,1:完了,0:未完,0:通常,1:税抜,0,3:請求合計,1:金額,0:円未満,5:四捨五入,0:切り捨て,9:切り上げ,1:発行済,0:未承認,,0:しない,1:修正,,,,,,0051,国分,,,,,,,,,1:後加工,2026/08/20,1:通常,芙蓉,,,0,,,,,0:1明細目,,,スライス,"1,200.00",600,1,1,,,50103,トーレペフ Y(工材),1:対象外,0,0.00,600.00,SG,1022,スライス機3,0,0,0.00,0.00,B1O40AGA0200FN1,551,ペフ,55109,ﾍﾟﾌ　その他,,,,,,,000001,2製品,02,社外加工,30040-AG00-1000X200F-A   C,,m,0:自社,,,,,,,,,,,2026/08/18,6710,河合 直樹,,,,0,3
00082265,製品,001,2026/08/05,2026/08/21,2026/08/21,2026/08/31,0:通常,0:通常,01,505101,国分後加工511,000051,国分後加工,049006,東ﾚ(株) 自材部,,,,,,,,,,,,,,,,,,,511101,国分工場01本倉庫,0015,末締,01,東レ本体,0:しない,,,,Y8-102,100,,,"39,060",0,1:完了,0:未完,0:通常,1:税抜,0,3:請求合計,1:金額,0:円未満,5:四捨五入,0:切り捨て,9:切り上げ,1:発行済,0:未承認,,0:しない,1:修正,,,,,,0051,国分,,,,,,,,,1:後加工,2026/08/21,1:通常,光洋産業,,,0,,,,,0:1明細目,巻芯部1.5mは使用しないこと。,熱風温度上下：夏季360℃、冬季370℃,融着,186.00,800,1,1,,,50103,トーレペフ Y(工材),1:対象外,0,0.00,186.00,,,,"39,060",0,186.00,210.00,A1OA0DGA2210ZG3,551,ペフ,50103,トーレペフ Y(工材),,,999999,対象外,,,000001,2製品,02,社外加工,30100-DG20-1020X210ZA GA0U,,枚,0:自社,,,,済,済,2026/08/18,2026/08/18,,,191104F,,6713,河合 直樹,,,1:あり,2,0
00082265,原反,001,2026/08/05,2026/08/21,2026/08/21,2026/08/31,0:通常,0:通常,01,505101,国分後加工511,000051,国分後加工,049006,東ﾚ(株) 自材部,,,,,,,,,,,,,,,,,,,511101,国分工場01本倉庫,0015,末締,01,東レ本体,0:しない,,,,Y8-102,100,,,"39,060",0,1:完了,0:未完,0:通常,1:税抜,0,3:請求合計,1:金額,0:円未満,5:四捨五入,0:切り捨て,9:切り上げ,1:発行済,0:未承認,,0:しない,1:修正,,,,,,0051,国分,,,,,,,,,1:後加工,2026/08/21,1:通常,光洋産業,,,0,,,,,0:1明細目,巻芯部1.5mは使用しないこと。,熱風温度上下：夏季360℃、冬季370℃,融着,186.00,800,1,1,,,50103,トーレペフ Y(工材),1:対象外,0,0.00,800.00,SG,1121,融着機,0,0,0.00,0.00,B1O50AGA5200FG3,551,ペフ,50103,トーレペフ Y(工材),,,,,,,000003,4原材料,02,社外加工,30050-AG20-1050X200F-AGA0U,,m,0:自社,,,,,,,,,,,2026/08/18,6710,河合 直樹,,,,0,4
00082266,製品,001,2026/08/05,2026/08/21,2026/08/21,2026/08/31,0:通常,0:通常,01,505101,国分後加工511,000051,国分後加工,049006,東ﾚ(株) 自材部,,,,,,,,,,,,,,,,,,,511101,国分工場01本倉庫,0015,末締,01,東レ本体,0:しない,,,,Y8-104,100,,,"38,656",0,0:未完,0:未完,0:通常,1:税抜,0,3:請求合計,1:金額,0:円未満,5:四捨五入,0:切り捨て,9:切り上げ,1:発行済,0:未承認,,0:しない,1:修正,,,,,,0051,国分,,,,,,,,,1:後加工,2026/08/21,1:通常,ドラーフタイト工場,,,0,,,,,0:1明細目,,熱風温度上下：夏季330℃、冬季340℃,融着,256.00,800,1,1,23枚梱包,,50103,トーレペフ Y(工材),1:対象外,0,0.00,256.00,,,,"38,656",0,256.00,151.00,A1OK0DGA0151ZB4,551,ペフ,50103,トーレペフ Y(工材),,,999999,対象外,,,000001,2製品,02,社外加工,30200-DG00-1000X151ZA BK0,,枚,0:自社,,,,済,済,2026/08/18,2026/08/18,,,191106R,,6713,河合 直樹,,,1:あり,2,0
00082266,原反,001,2026/08/05,2026/08/21,2026/08/21,2026/08/31,0:通常,0:通常,01,505101,国分後加工511,000051,国分後加工,049006,東ﾚ(株) 自材部,,,,,,,,,,,,,,,,,,,511101,国分工場01本倉庫,0015,末締,01,東レ本体,0:しない,,,,Y8-104,100,,,"38,656",0,0:未完,0:未完,0:通常,1:税抜,0,3:請求合計,1:金額,0:円未満,5:四捨五入,0:切り捨て,9:切り上げ,1:発行済,0:未承認,,0:しない,1:修正,,,,,,0051,国分,,,,,,,,,1:後加工,2026/08/21,1:通常,ドラーフタイト工場,,,0,,,,,0:1明細目,,熱風温度上下：夏季330℃、冬季340℃,融着,256.00,800,1,1,23枚梱包,,50103,トーレペフ Y(工材),1:対象外,0,0.00,800.00,SG,1121,融着機,0,0,0.00,0.00,B1OA0AGA5100FBD,551,ペフ,55109,ﾍﾟﾌ　その他,,,,,,,000001,2製品,02,社外加工,30100-AG00-1050X100FA BK0M,,m,0:自社,,,,,,,,,,,2026/08/18,6710,河合 直樹,,,,0,8
00082267,製品,001,2026/08/05,2026/08/21,2026/08/20,2026/08/31,0:通常,0:通常,01,105501,営業55,000543,宇野 浩紀,032005,清水惣(株),,,,,,,,,100086,百々(株)　東成支店,百々株式会社　東成支店,,537-0021,大阪市東成区東中本3-12-21,,,06-6972-7151,,511101,国分工場01本倉庫,0011,15締,03,その他,0:しない,,1:する,2:様,,100,,,"122,590",0,0:未完,0:未完,0:通常,1:税抜,0,3:請求合計,1:金額,0:円未満,5:四捨五入,0:切り捨て,5:四捨五入,1:発行済,0:未承認,,0:しない,1:修正,,,,,,0002,河合運輸倉庫,ＡＭ,,,,,"運賃比較(山田2本\2,297)(河合1本\1,000)、1本分材料代44,586円",,,2:自社,2026/08/21,1:通常,,,,0,,,,,0:1明細目,,,スライス,410.00,205,1,1,,,51200,自社加工,1:対象外,"89,093",217.30,410.00,,,,"122,590",0,410.00,299.00,A5F15BAA7150FB4,551,ペフ,51200,自社加工,,,430500,加工-売上,,,000001,2製品,01,社外製品,ﾄｰﾚﾍﾟﾌ 15015-BA00-1000X205F-A,,m,0:自社,,,,済,,,,,,,,KAKO,菱田 昌美,,,0:なし,0,0
00082267,原反,001,2026/08/05,2026/08/21,2026/08/20,2026/08/31,0:通常,0:通常,01,105501,営業55,000543,宇野 浩紀,032005,清水惣(株),,,,,,,,,100086,百々(株)　東成支店,百々株式会社　東成支店,,537-0021,大阪市東成区東中本3-12-21,,,06-6972-7151,,511101,国分工場01本倉庫,0011,15締,03,その他,0:しない,,1:する,2:様,,100,,,"122,590",0,0:未完,0:未完,0:通常,1:税抜,0,3:請求合計,1:金額,0:円未満,5:四捨五入,0:切り捨て,5:四捨五入,1:発行済,0:未承認,,0:しない,1:修正,,,,,,0002,河合運輸倉庫,ＡＭ,,,,,"運賃比較(山田2本\2,297)(河合1本\1,000)、1本分材料代44,586円",,,2:自社,2026/08/21,1:通常,,,,0,,,,,0:1明細目,,,スライス,410.00,205,1,1,,,51200,自社加工,1:対象外,0,0.00,205.00,SG,1022,スライス機3,0,0,0.00,0.00,P5F30AAA0205FN1,551,ペフ,55109,ﾍﾟﾌ　その他,,,430503,加工-仕入-材,,,000003,4原材料,01,社外製品,15030-AA00-1000X205F-A R,分類：加工,m,0:自社,,,,,,,,,,,2026/08/18,JSYA,菱田 昌美,,,,0,1
00082268,製品,001,2026/08/05,2026/08/21,2026/08/21,2026/08/31,0:通常,0:通常,01,505101,国分後加工511,000051,国分後加工,049006,東ﾚ(株) 自材部,,,,,,,,,,,,,,,,,,,511101,国分工場01本倉庫,0015,末締,01,東レ本体,0:しない,,,,Y8-105,100,,,"9,690",0,0:未完,0:未完,0:通常,1:税抜,0,3:請求合計,1:金額,0:円未満,5:四捨五入,0:切り捨て,9:切り上げ,1:発行済,0:未承認,,0:しない,1:修正,,,,,,0051,国分,,,,,,,,,1:後加工,2026/08/21,1:通常,芙蓉アステック,,,0,,,,,0:1明細目,,熱風温度上下：夏季330℃、冬季340℃,融着,57.00,200,1,1,,,50103,トーレペフ Y(工材),1:対象外,0,0.00,57.00,,,,"9,690",0,57.00,170.00,A1OACDG98170ZB4,551,ペフ,50103,トーレペフ Y(工材),,,999999,対象外,,,000001,2製品,02,社外加工,30200-DG00-980x170ZABK0,,枚,0:自社,,,,済,済,2026/08/18,2026/08/18,,,191107L,,6713,河合 直樹,,,0:なし,2,0
00082268,原反,001,2026/08/05,2026/08/21,2026/08/21,2026/08/31,0:通常,0:通常,01,505101,国分後加工511,000051,国分後加工,049006,東ﾚ(株) 自材部,,,,,,,,,,,,,,,,,,,511101,国分工場01本倉庫,0015,末締,01,東レ本体,0:しない,,,,Y8-105,100,,,"9,690",0,0:未完,0:未完,0:通常,1:税抜,0,3:請求合計,1:金額,0:円未満,5:四捨五入,0:切り捨て,9:切り上げ,1:発行済,0:未承認,,0:しない,1:修正,,,,,,0051,国分,,,,,,,,,1:後加工,2026/08/21,1:通常,芙蓉アステック,,,0,,,,,0:1明細目,,熱風温度上下：夏季330℃、冬季340℃,融着,57.00,200,1,1,,,50103,トーレペフ Y(工材),1:対象外,0,0.00,200.00,KN,1121,融着機,0,0,0.00,0.00,B1OA0AGA0100FB4,551,ペフ,55109,ﾍﾟﾌ　その他,,,,,,,000001,2製品,02,社外加工,30100-AG00-1000X100FA BK0C,,m,0:自社,,,,,,,,,,,2026/08/18,6710,河合 直樹,,,,0,2
00082269,製品,001,2026/08/05,2026/08/21,2026/08/20,2026/08/31,0:通常,0:通常,01,105501,営業55,000567,佐藤 久美子,064001,ﾌｫｰﾑﾃｯｸｽ(株)※,,,,,,,,,,,,,,,,,,,511101,国分工場01本倉庫,,,03,その他,0:しない,,,,,100,,,"153,000",0,0:未完,0:未完,0:通常,1:税抜,0,3:請求合計,1:金額,0:円未満,5:四捨五入,0:切り捨て,5:四捨五入,1:発行済,0:未承認,,0:しない,1:修正,,,,,,0002,河合運輸倉庫,,,,,,運賃比較(山田\2561)(河合\2400),,,2:自社,2026/08/21,1:通常,ﾌｫｰﾑﾃｯｸｽ,,,0,,,,,0:1明細目,自社,,分割,200.00,200,1,1,,,51200,自社加工,1:対象外,"113,400",567.00,200.00,,,,"153,000",0,200.00,765.00,A5A30AAA0100FN1,551,ペフ,55104,ﾍﾟﾌ　建材　芯材,,,430500,加工-売上,,,000001,2製品,02,社外加工,ﾄｰﾚﾍﾟﾌ 10030-AA00-1000X100F-A C,,m,0:自社,,,,済,済,,,,,,,KAKO,菱田 昌美,,,0:なし,0,0
00082269,原反,001,2026/08/05,2026/08/21,2026/08/20,2026/08/31,0:通常,0:通常,01,105501,営業55,000567,佐藤 久美子,064001,ﾌｫｰﾑﾃｯｸｽ(株)※,,,,,,,,,,,,,,,,,,,511101,国分工場01本倉庫,,,03,その他,0:しない,,,,,100,,,"153,000",0,0:未完,0:未完,0:通常,1:税抜,0,3:請求合計,1:金額,0:円未満,5:四捨五入,0:切り捨て,5:四捨五入,1:発行済,0:未承認,,0:しない,1:修正,,,,,,0002,河合運輸倉庫,,,,,,運賃比較(山田\2561)(河合\2400),,,2:自社,2026/08/21,1:通常,ﾌｫｰﾑﾃｯｸｽ,,,0,,,,,0:1明細目,自社,,分割,200.00,200,1,1,,,51200,自社加工,1:対象外,0,0.00,200.00,SG,1043,スリット機2,0,0,0.00,0.00,P5A30AAA0200FN1,551,ペフ,55106,ﾍﾟﾌ　加工,,,430503,加工-仕入-材,,,000003,4原材料,01,社外製品,10030-AA00-1000X200F-A C,,m,0:自社,,,,,,,,,,,2026/08/18,JSYA,菱田 昌美,,,,0,1
00082270,製品,001,2026/08/05,2026/08/26,2026/08/26,2026/08/31,0:通常,0:通常,01,505101,国分後加工511,000051,国分後加工,049006,東ﾚ(株) 自材部,,,,,,,,,,,,,,,,,,,511101,国分工場01本倉庫,,,01,東レ本体,0:しない,,,,Y8-103,100,,,"8,800",0,0:未完,0:未完,0:通常,1:税抜,0,3:請求合計,1:金額,0:円未満,5:四捨五入,0:切り捨て,9:切り上げ,1:発行済,0:未承認,,0:しない,1:修正,,,,,,0051,国分,,,,,,,,,1:後加工,2026/08/26,1:通常,芙蓉,,,0,,,,,0:1明細目,,,スライス,800.00,400,1,1,,,50103,トーレペフ Y(工材),1:対象外,0,0.00,800.00,,,,"8,800",0,800.00,11.00,A1O30BGA0200FNA,551,ペフ,50103,トーレペフ Y(工材),,,999999,対象外,,,000001,2製品,02,社外加工,30030-BG00-1000X200FA    C,,m,0:自社,,,,済,,,,,,191105W,,6713,河合 直樹,,,0:なし,0,0
00082270,原反,001,2026/08/05,2026/08/26,2026/08/26,2026/08/31,0:通常,0:通常,01,505101,国分後加工511,000051,国分後加工,049006,東ﾚ(株) 自材部,,,,,,,,,,,,,,,,,,,511101,国分工場01本倉庫,,,01,東レ本体,0:しない,,,,Y8-103,100,,,"8,800",0,0:未完,0:未完,0:通常,1:税抜,0,3:請求合計,1:金額,0:円未満,5:四捨五入,0:切り捨て,9:切り上げ,1:発行済,0:未承認,,0:しない,1:修正,,,,,,0051,国分,,,,,,,,,1:後加工,2026/08/26,1:通常,芙蓉,,,0,,,,,0:1明細目,,,スライス,800.00,400,1,1,,,50103,トーレペフ Y(工材),1:対象外,0,0.00,400.00,SG,1022,スライス機3,0,0,0.00,0.00,B1O60AGA3100FB4,551,ペフ,55109,ﾍﾟﾌ　その他,,,,,,,000001,2製品,02,社外加工,30060-AG00-1000X200FA    C,,m,0:自社,,,,,,,,,,,2026/08/21,6710,河合 直樹,,,,0,2
00082271,製品,001,2026/08/05,2026/08/25,2026/08/25,2026/08/31,0:通常,0:通常,01,505101,国分後加工511,000051,国分後加工,049006,東ﾚ(株) 自材部,,,,,,,,,,,,,,,,,,,511101,国分工場01本倉庫,0015,末締,01,東レ本体,0:しない,,,,Y8-106,100,,,"19,200",0,0:未完,0:未完,0:通常,1:税抜,0,3:請求合計,1:金額,0:円未満,5:四捨五入,0:切り捨て,9:切り上げ,1:発行済,0:未承認,,0:しない,1:修正,,,,,,0051,国分,,,,,,,,,1:後加工,2026/08/25,1:通常,芙蓉アステック,,,0,,,,,0:1明細目,カール注意,熱風温度設定：夏季上310℃下330℃、冬季：上320℃下340℃,融着,96.00,400,1,2,Q面融着でお願いします,,50103,トーレペフ Y(工材),1:対象外,0,0.00,96.00,,,,"19,200",0,96.00,200.00,A1OFBDG98200ZB4,551,ペフ,50103,トーレペフ Y(工材),,,999999,対象外,,,000001,2製品,02,社外加工,30150-DG00-980x200ZABK0,,枚,0:自社,,,,済,,,,,,191108G,,6713,河合 直樹,,,0:なし,2,0
00082271,原反,001,2026/08/05,2026/08/25,2026/08/25,2026/08/31,0:通常,0:通常,01,505101,国分後加工511,000051,国分後加工,049006,東ﾚ(株) 自材部,,,,,,,,,,,,,,,,,,,511101,国分工場01本倉庫,0015,末締,01,東レ本体,0:しない,,,,Y8-106,100,,,"19,200",0,0:未完,0:未完,0:通常,1:税抜,0,3:請求合計,1:金額,0:円未満,5:四捨五入,0:切り捨て,9:切り上げ,1:発行済,0:未承認,,0:しない,1:修正,,,,,,0051,国分,,,,,,,,,1:後加工,2026/08/25,1:通常,芙蓉アステック,,,0,,,,,0:1明細目,カール注意,熱風温度設定：夏季上310℃下330℃、冬季：上320℃下340℃,融着,96.00,400,1,2,Q面融着でお願いします,,50103,トーレペフ Y(工材),1:対象外,0,0.00,200.00,SG,1121,融着機,0,0,0.00,0.00,B1OA0AGA0100FB4,551,ペフ,55109,ﾍﾟﾌ　その他,,,,,,,000001,2製品,02,社外加工,30100-AG00-1000X100FA BK0C,,m,0:自社,,,,,,,,,,,2026/08/19,6710,河合 直樹,,,,0,2
00082271,原反,002,2026/08/05,2026/08/25,2026/08/25,2026/08/31,0:通常,0:通常,01,505101,国分後加工511,000051,国分後加工,049006,東ﾚ(株) 自材部,,,,,,,,,,,,,,,,,,,511101,国分工場01本倉庫,0015,末締,01,東レ本体,0:しない,,,,Y8-106,100,,,"19,200",0,0:未完,0:未完,0:通常,1:税抜,0,3:請求合計,1:金額,0:円未満,5:四捨五入,0:切り捨て,9:切り上げ,1:発行済,0:未承認,,0:しない,1:修正,,,,,,0051,国分,,,,,,,,,1:後加工,2026/08/25,1:通常,芙蓉アステック,,,0,,,,,0:1明細目,カール注意,熱風温度設定：夏季上310℃下330℃、冬季：上320℃下340℃,融着,96.00,400,1,2,Q面融着でお願いします,,50103,トーレペフ Y(工材),1:対象外,0,0.00,200.00,SG,1121,融着機,0,0,0.00,0.00,B1O50AGA3200FB4,551,ペフ,55109,ﾍﾟﾌ　その他,,,,,,,000001,2製品,02,社外加工,30050-AG00-1030X200FA BK0C,,m,0:自社,,,,,,,,,,,2026/08/19,6710,河合 直樹,,,,0,1
00082274,製品,001,2026/08/05,2026/09/04,2026/09/03,2026/08/31,0:通常,0:通常,01,105501,営業55,000543,宇野 浩紀,064013,(株)富士商会 大阪★※,,,,,,,,,100003,旭ヶ丘化学(株),旭ヶ丘化学株式会社,,581-0833,大阪府八尾市旭ヶ丘1-67-2,,,0729-97-8418,,511101,国分工場01本倉庫,,,03,その他,0:しない,,1:する,2:様,,100,(株)ジョウナン様分,,"344,600",0,0:未完,0:未完,0:通常,1:税抜,0,3:請求合計,1:金額,0:円未満,5:四捨五入,0:切り捨て,0:切り捨て,1:発行済,0:未承認,,0:しない,1:修正,,,,,,0002,河合運輸倉庫,ＡＭ着,,,,,"★送り状ＦＡＸする　　運賃比較(山田10本\16,215)(河合\11,000)10本",,,2:自社,,1:通常,旭ヶ丘化学,,,0,,,,,0:1明細目,自社,,スライス,"2,000.00","1,000",1,1,,,51200,自社加工,1:対象外,"239,220",119.61,"2,000.00",,,,"344,600",0,"2,000.00",172.30,A5O20BGA0200FB4,551,ペフ,55105,ﾍﾟﾌ　問屋,,,430500,加工-売上,,,000001,2製品,02,社外加工,ﾄｰﾚﾍﾟﾌ 30020-BG00-1030X200F-ABK0C,,m,0:自社,,,旭ヶ丘化学,,,,,,,,,KAKO,菱田 昌美,,,0:なし,0,0
00082274,原反,001,2026/08/05,2026/09/04,2026/09/03,2026/08/31,0:通常,0:通常,01,105501,営業55,000543,宇野 浩紀,064013,(株)富士商会 大阪★※,,,,,,,,,100003,旭ヶ丘化学(株),旭ヶ丘化学株式会社,,581-0833,大阪府八尾市旭ヶ丘1-67-2,,,0729-97-8418,,511101,国分工場01本倉庫,,,03,その他,0:しない,,1:する,2:様,,100,(株)ジョウナン様分,,"344,600",0,0:未完,0:未完,0:通常,1:税抜,0,3:請求合計,1:金額,0:円未満,5:四捨五入,0:切り捨て,0:切り捨て,1:発行済,0:未承認,,0:しない,1:修正,,,,,,0002,河合運輸倉庫,ＡＭ着,,,,,"★送り状ＦＡＸする　　運賃比較(山田10本\16,215)(河合\11,000)10本",,,2:自社,,1:通常,旭ヶ丘化学,,,0,,,,,0:1明細目,自社,,スライス,"2,000.00","1,000",1,1,,,51200,自社加工,1:対象外,0,0.00,"1,000.00",SG,1022,スライス機3,0,0,0.00,0.00,P5O40AGA0200FB4,551,ペフ,55109,ﾍﾟﾌ　その他,,,420203,一般-仕入-材,,,000001,2製品,01,社外製品,30040-AG00-1030X200F-ABK0C,,m,0:自社,,,,,,,,,,,,JSYA,菱田 昌美,,,,0,5
00082461,製品,001,2026/08/05,2026/09/16,2026/09/14,2026/08/31,0:通常,0:通常,01,105501,営業55,000543,宇野 浩紀,010030,(株)ｱｲｼﾝ産業 東京,,,,,,,,,096001,宮川ﾛｰﾗｰ(株)佐藤,宮川ローラー株式会社, 佐藤,981-0134,宮城県宮城郡利府町,しらかし台6-9-2,,022-350-4450,,511101,国分工場01本倉庫,,,03,その他,0:しない,,1:する,2:様,,100,,,"192,000",0,0:未完,0:未完,0:通常,1:税抜,0,3:請求合計,1:金額,0:円未満,5:四捨五入,0:切り捨て,5:四捨五入,1:発行済,0:未承認,,0:しない,1:修正,,,,,,0031,名鉄ＮＸ運輸,,,※納期はご相談くださいませ。,,,,,,2:自社,,1:通常,,,,0,,,,,0:1明細目,,,"スライス,スリット,分","2,400.00",400,1,1,,,55109,ﾍﾟﾌ　その他,1:対象外,"138,192",57.58,"2,400.00",,,,"192,000",0,"2,400.00",80.00,A5F10BA33100FNA,551,ペフ,50103,トーレペフ Y(工材),,,999999,対象外,,,000001,2製品,02,社外加工,15010-BA00-330x100F-A,,m,0:自社,,,,,,,,,,,,KAKO,宇野 浩紀,,,0:なし,0,0
00082461,原反,001,2026/08/05,2026/09/16,2026/09/14,2026/08/31,0:通常,0:通常,01,105501,営業55,000543,宇野 浩紀,010030,(株)ｱｲｼﾝ産業 東京,,,,,,,,,096001,宮川ﾛｰﾗｰ(株)佐藤,宮川ローラー株式会社, 佐藤,981-0134,宮城県宮城郡利府町,しらかし台6-9-2,,022-350-4450,,511101,国分工場01本倉庫,,,03,その他,0:しない,,1:する,2:様,,100,,,"192,000",0,0:未完,0:未完,0:通常,1:税抜,0,3:請求合計,1:金額,0:円未満,5:四捨五入,0:切り捨て,5:四捨五入,1:発行済,0:未承認,,0:しない,1:修正,,,,,,0031,名鉄ＮＸ運輸,,,※納期はご相談くださいませ。,,,,,,2:自社,,1:通常,,,,0,,,,,0:1明細目,,,"スライス,スリット,分","2,400.00",400,1,1,,,55109,ﾍﾟﾌ　その他,1:対象外,0,0.00,400.00,SG,,,0,0,0.00,0.00,P5F20AAA3400FNC,551,ペフ,51200,自社加工,,,410103,巻芯-仕入-材,,,000003,4原材料,01,社外製品,15020-AA00-1030X400F-A C,分類：巻芯,m,0:自社,,,,,,,,,,,,JSYA,宇野 浩紀,,,,0,1
00082297,製品,001,2026/08/06,2026/09/14,2026/09/11,2026/08/31,0:通常,0:通常,01,105501,営業55,000498,新庄 健,072007,三井物産P中部産業材料G★※,,,,,,,,,100130,ニチバンテクノ(株),ニチバンテクノ株式会社,,446-0075,愛知県安城市二本木新町3-1-5,,,0566-75-1327,,511101,国分工場01本倉庫,,,03,その他,0:しない,,1:する,2:様,,100,,,"181,260",0,0:未完,0:未完,0:通常,1:税抜,0,3:請求合計,1:金額,0:円未満,5:四捨五入,0:切り捨て,5:四捨五入,1:発行済,0:未承認,,0:しない,1:修正,,,,,,0002,河合運輸倉庫,AM10:30～12:00必着,,★原反支給します＠345.90　希望日お知らせ下さい,★当原反の品質保証(製造ﾛｯﾄ･外観品位)に関する責任は営業部に帰属します,,営）1Lot200m＝19巻＝7600m,,,2:自社,,1:通常,ﾆﾁﾊﾞﾝﾃｸﾉ,,,0,,,,,1:各明細の上全角20桁（半角40桁）,自社 国分 巻芯 19巻取り ｹｰｽ入数10/9巻 ス,接続：緑テープ50mm幅　ぬれ検査頻度：1回/,"EC,スライス,スリット","7,600.00",200,1,1,つなぎ無し原反を注文・加工のこと,,51200,自社加工,1:対象外,"109,440",14.40,"7,600.00",,,,"181,260",0,"7,600.00",23.85,A5A10KA054000N1,551,ペフ,55101,ﾍﾟﾌ　巻芯,,,410100,巻芯-売上,,,000001,2製品,01,社外製品,ﾍﾟﾌ巻芯 10010-50x400m,,m,0:自社,,,,済,,,,,,,,MKSN,菱田 昌美,06,スキン面,0:なし,0,0
00082297,原反,001,2026/08/06,2026/09/14,2026/09/11,2026/08/31,0:通常,0:通常,01,105501,営業55,000498,新庄 健,072007,三井物産P中部産業材料G★※,,,,,,,,,100130,ニチバンテクノ(株),ニチバンテクノ株式会社,,446-0075,愛知県安城市二本木新町3-1-5,,,0566-75-1327,,511101,国分工場01本倉庫,,,03,その他,0:しない,,1:する,2:様,,100,,,"181,260",0,0:未完,0:未完,0:通常,1:税抜,0,3:請求合計,1:金額,0:円未満,5:四捨五入,0:切り捨て,5:四捨五入,1:発行済,0:未承認,,0:しない,1:修正,,,,,,0002,河合運輸倉庫,AM10:30～12:00必着,,★原反支給します＠345.90　希望日お知らせ下さい,★当原反の品質保証(製造ﾛｯﾄ･外観品位)に関する責任は営業部に帰属します,,営）1Lot200m＝19巻＝7600m,,,2:自社,,1:通常,ﾆﾁﾊﾞﾝﾃｸﾉ,,,0,,,,,1:各明細の上全角20桁（半角40桁）,自社 国分 巻芯 19巻取り ｹｰｽ入数10/9巻 ス,接続：緑テープ50mm幅　ぬれ検査頻度：1回/,"EC,スライス,スリット","7,600.00",200,1,1,つなぎ無し原反を注文・加工のこと,,51200,自社加工,1:対象外,0,0.00,200.00,EI,1021,EC,0,0,0.00,0.00,P5A20AAA0200FWC,551,ペフ,51200,自社加工,,,410103,巻芯-仕入-材,,,000003,4原材料,01,社外製品,10020-AA00-1000X200F-AWH1P,巻芯用,m,0:自社,,,,,,,,,,,2026/09/02,JSYA,菱田 昌美,,,,0,1
00082298,製品,001,2026/08/06,2026/09/14,2026/09/11,2026/08/31,0:通常,0:通常,01,105501,営業55,000498,新庄 健,072007,三井物産P中部産業材料G★※,,,,,,,,,100130,ニチバンテクノ(株),ニチバンテクノ株式会社,,446-0075,愛知県安城市二本木新町3-1-5,,,0566-75-1327,,511101,国分工場01本倉庫,,,03,その他,0:しない,,1:する,2:様,,100,,,"425,600",0,0:未完,0:未完,0:通常,1:税抜,0,3:請求合計,1:金額,0:円未満,5:四捨五入,0:切り捨て,5:四捨五入,1:発行済,0:未承認,,0:しない,1:修正,,,,,,0002,河合運輸倉庫,AM10:30～12:00必着,,★原反支給します＠195.50　希望日お知らせ下さい,★当原反の品質保証(製造ﾛｯﾄ･外観品位)に関する責任は営業部に帰属します,"再）数量変更です　16,000➡３２,０００ｍ",,,,2:自社,,1:通常,,,,0,,,,,0:1明細目,Ｑ面のみ使用 自社 巻芯 ｹｰｽ,スリット１行き,"スライス,スリット","32,000.00",800,1,1,Ｑ面のみ使用,,55101,ﾍﾟﾌ　巻芯,1:対象外,"254,720",7.96,"32,000.00",,,,"425,600",0,"32,000.00",13.30,A5F10BA044000N1,551,ペフ,55101,ﾍﾟﾌ　巻芯,,,410100,巻芯-売上,,,000001,2製品,01,社外製品,ﾍﾟﾌ巻芯 15010-49X400m,,m,0:自社,,,,済,,,,,,,,MKSN,菱田 昌美,,,0:なし,0,0
00082298,原反,001,2026/08/06,2026/09/14,2026/09/11,2026/08/31,0:通常,0:通常,01,105501,営業55,000498,新庄 健,072007,三井物産P中部産業材料G★※,,,,,,,,,100130,ニチバンテクノ(株),ニチバンテクノ株式会社,,446-0075,愛知県安城市二本木新町3-1-5,,,0566-75-1327,,511101,国分工場01本倉庫,,,03,その他,0:しない,,1:する,2:様,,100,,,"425,600",0,0:未完,0:未完,0:通常,1:税抜,0,3:請求合計,1:金額,0:円未満,5:四捨五入,0:切り捨て,5:四捨五入,1:発行済,0:未承認,,0:しない,1:修正,,,,,,0002,河合運輸倉庫,AM10:30～12:00必着,,★原反支給します＠195.50　希望日お知らせ下さい,★当原反の品質保証(製造ﾛｯﾄ･外観品位)に関する責任は営業部に帰属します,"再）数量変更です　16,000➡３２,０００ｍ",,,,2:自社,,1:通常,,,,0,,,,,0:1明細目,Ｑ面のみ使用 自社 巻芯 ｹｰｽ,スリット１行き,"スライス,スリット","32,000.00",800,1,1,Ｑ面のみ使用,,55101,ﾍﾟﾌ　巻芯,1:対象外,0,0.00,800.00,EI,1022,スライス機3,0,0,0.00,0.00,P5F20AAA3400FNR,551,ペフ,51200,自社加工,,,410103,巻芯-仕入-材,,,000003,4原材料,01,社外製品,15020-AA00-1030X400F-A R,分類：巻芯,m,0:自社,,,,,,,,,,,2026/09/02,JSYA,菱田 昌美,,,,0,2
00082299,製品,001,2026/08/06,2026/09/14,2026/09/11,2026/08/31,0:通常,0:通常,01,105501,営業55,000498,新庄 健,072007,三井物産P中部産業材料G★※,,,,,,,,,100130,ニチバンテクノ(株),ニチバンテクノ株式会社,,446-0075,愛知県安城市二本木新町3-1-5,,,0566-75-1327,,511101,国分工場01本倉庫,0004,20 出荷日＝売上計上,03,その他,0:しない,,1:する,2:様,,100,,,"863,360",0,0:未完,0:未完,0:通常,1:税抜,0,3:請求合計,1:金額,0:円未満,5:四捨五入,0:切り捨て,5:四捨五入,1:発行済,0:未承認,,0:しない,1:修正,,,,,,0002,河合運輸倉庫,AM10:30～12:00必着,,★原反支給します＠195.50　希望日お知らせ下さい,★当原反の品質保証(製造ﾛｯﾄ･外観品位)に関する責任は営業部に帰属します,,　　　　　　　　　　　　　　　　　　　　　　　　　　　　　　　　　　　　１９巻取,,,2:自社,,1:通常,ﾆﾁﾊﾞﾝﾃｸﾉ,,,0,,,,,0:1明細目,自社 巻芯 ｹｰｽ　原反接続なし,スリット１行き,"スライス,スリット","60,800.00","1,600",1,1,,,55101,ﾍﾟﾌ　巻芯,1:対象外,"508,288",8.36,"60,800.00",,,,"863,360",0,"60,800.00",14.20,A5F10BA054000N1,551,ペフ,55101,ﾍﾟﾌ　巻芯,,,410100,巻芯-売上,,,000001,2製品,01,社外製品,ﾍﾟﾌ巻芯 15010-51X400m,,m,0:自社,,,,済,,,,,,,,MKSN,菱田 昌美,,,1:あり,0,0
00082299,原反,001,2026/08/06,2026/09/14,2026/09/11,2026/08/31,0:通常,0:通常,01,105501,営業55,000498,新庄 健,072007,三井物産P中部産業材料G★※,,,,,,,,,100130,ニチバンテクノ(株),ニチバンテクノ株式会社,,446-0075,愛知県安城市二本木新町3-1-5,,,0566-75-1327,,511101,国分工場01本倉庫,0004,20 出荷日＝売上計上,03,その他,0:しない,,1:する,2:様,,100,,,"863,360",0,0:未完,0:未完,0:通常,1:税抜,0,3:請求合計,1:金額,0:円未満,5:四捨五入,0:切り捨て,5:四捨五入,1:発行済,0:未承認,,0:しない,1:修正,,,,,,0002,河合運輸倉庫,AM10:30～12:00必着,,★原反支給します＠195.50　希望日お知らせ下さい,★当原反の品質保証(製造ﾛｯﾄ･外観品位)に関する責任は営業部に帰属します,,　　　　　　　　　　　　　　　　　　　　　　　　　　　　　　　　　　　　１９巻取,,,2:自社,,1:通常,ﾆﾁﾊﾞﾝﾃｸﾉ,,,0,,,,,0:1明細目,自社 巻芯 ｹｰｽ　原反接続なし,スリット１行き,"スライス,スリット","60,800.00","1,600",1,1,,,55101,ﾍﾟﾌ　巻芯,1:対象外,0,0.00,"1,600.00",EI,1022,スライス機3,0,0,0.00,0.00,P5F20AAA3400FNR,551,ペフ,51200,自社加工,,,410103,巻芯-仕入-材,,,000003,4原材料,01,社外製品,15020-AA00-1030X400F-A   R,分類：巻芯,m,0:自社,,,,,,,,,,,2026/09/02,JSYA,菱田 昌美,,,,0,4
00082302,製品,001,2026/08/06,2026/08/21,2026/08/21,2026/08/31,0:通常,0:通常,01,505101,国分後加工511,000051,国分後加工,049006,東ﾚ(株) 自材部,,,,,,,,,,,,,,,,,,,511101,国分工場01本倉庫,0015,末締,01,東レ本体,0:しない,,,,Y8-107,100,,,"6,600",0,1:完了,0:未完,0:通常,1:税抜,0,3:請求合計,1:金額,0:円未満,5:四捨五入,0:切り捨て,9:切り上げ,1:発行済,0:未承認,,0:しない,1:修正,,,,,,0051,国分,,,,,,,,,1:後加工,2026/08/21,1:通常,カラヤン,,,0,,,,,0:1明細目,,,"EC,分割",200.00,200,1,1,,,50103,トーレペフ Y(工材),1:対象外,0,0.00,200.00,,,,"6,600",0,200.00,33.00,A1O50JGA0100FNA,551,ペフ,50103,トーレペフ Y(工材),,,999999,対象外,,,000001,2製品,02,社外加工,30050-JG00-1000x100FA H,,m,0:自社,,,,済,一部,2026/08/18,2026/08/18,,,191200M,,6713,池谷 弦紀,03,Ｈ面,0:なし,0,0
00082302,原反,001,2026/08/06,2026/08/21,2026/08/21,2026/08/31,0:通常,0:通常,01,505101,国分後加工511,000051,国分後加工,049006,東ﾚ(株) 自材部,,,,,,,,,,,,,,,,,,,511101,国分工場01本倉庫,0015,末締,01,東レ本体,0:しない,,,,Y8-107,100,,,"6,600",0,1:完了,0:未完,0:通常,1:税抜,0,3:請求合計,1:金額,0:円未満,5:四捨五入,0:切り捨て,9:切り上げ,1:発行済,0:未承認,,0:しない,1:修正,,,,,,0051,国分,,,,,,,,,1:後加工,2026/08/21,1:通常,カラヤン,,,0,,,,,0:1明細目,,,"EC,分割",200.00,200,1,1,,,50103,トーレペフ Y(工材),1:対象外,0,0.00,200.00,SG,1021,EC,0,0,0.00,0.00,B1O50AGA0200FN1,551,ペフ,55109,ﾍﾟﾌ　その他,,,,,,,000003,4原材料,02,社外加工,30050-AG00-1000X200FA    C,,m,0:自社,,,,,,,,,,,2026/08/18,6710,池谷 弦紀,,,,0,1
00082303,製品,001,2026/08/06,2026/08/28,2026/08/28,2026/08/31,0:通常,0:通常,01,505101,国分後加工511,000051,国分後加工,049006,東ﾚ(株) 自材部,,,,,,,,,,,,,,,,,,,511101,国分工場01本倉庫,0015,末締,01,東レ本体,0:しない,,,,Y8-108,100,,,"30,000",0,0:未完,0:未完,0:通常,1:税抜,0,3:請求合計,1:金額,0:円未満,5:四捨五入,0:切り捨て,9:切り上げ,1:発行済,0:未承認,,0:しない,1:修正,,,,,,0051,国分,,,,,,,,,1:後加工,2026/08/28,1:通常,ロキテクノ,,,0,,,,,0:1明細目,,,分割,"2,000.00","2,000",1,1,,,50103,トーレペフ Y(工材),1:対象外,0,0.00,"2,000.00",,,,"30,000",0,"2,000.00",15.00,A1520AY64100FW3,551,ペフ,50103,トーレペフ Y(工材),,,999999,対象外,,,000001,2製品,02,社外加工,05020-AY00- 630X100FA WH1P,,m,0:自社,,,,済,,,,,,191201H,,6713,池谷 弦紀,,,0:なし,0,0
00082303,原反,001,2026/08/06,2026/08/28,2026/08/28,2026/08/31,0:通常,0:通常,01,505101,国分後加工511,000051,国分後加工,049006,東ﾚ(株) 自材部,,,,,,,,,,,,,,,,,,,511101,国分工場01本倉庫,0015,末締,01,東レ本体,0:しない,,,,Y8-108,100,,,"30,000",0,0:未完,0:未完,0:通常,1:税抜,0,3:請求合計,1:金額,0:円未満,5:四捨五入,0:切り捨て,9:切り上げ,1:発行済,0:未承認,,0:しない,1:修正,,,,,,0051,国分,,,,,,,,,1:後加工,2026/08/28,1:通常,ロキテクノ,,,0,,,,,0:1明細目,,,分割,"2,000.00","2,000",1,1,,,50103,トーレペフ Y(工材),1:対象外,0,0.00,"2,000.00",SG,1043,スリット機2,0,0,0.00,0.00,B1520AG63100FW3,551,ペフ,55109,ﾍﾟﾌ　その他,,,,,,,000001,2製品,02,社外加工,05020-AY00- 630X200FA WH1P,,m,0:自社,,,,,,,,,,,2026/08/20,6710,池谷 弦紀,,,,0,10
00082304,製品,001,2026/08/06,2026/08/21,2026/08/21,2026/08/31,0:通常,0:通常,01,505101,国分後加工511,000051,国分後加工,049006,東ﾚ(株) 自材部,,,,,,,,,,,,,,,,,,,511101,国分工場01本倉庫,0015,末締,01,東レ本体,0:しない,,,,W8-11,100,,,"105,000",0,1:完了,0:未完,0:通常,1:税抜,0,3:請求合計,1:金額,0:円未満,5:四捨五入,0:切り捨て,9:切り上げ,1:発行済,0:未承認,,0:しない,1:修正,,,,,,0051,国分,,,,,,,,,1:後加工,2026/08/21,1:通常,共和天1,,,0,,,,,0:1明細目,"欠点個数確認　201～250m長以下は欠点５個以下　接続：３個以内　両面緑テープ
Ｑ区分：Ｈ面端部赤テープとＨ面中央部黒マジック+Ｑ面中央部黒テープ
実数と合致していれば赤丸",,"スリット,EC","3,000.00","3,000",1,1,"欠点個数確認チェック
ラベル◎",,50101,トーレペフ W(自材),1:対象外,0,0.00,"3,000.00",,,,"105,000",0,"3,000.00",35.00,A1N25JP94250FN1,551,ペフ,50101,トーレペフ W(自材),,,,,,,000001,2製品,02,社外加工,25025-JP17-940X250F-A   Q,,m,0:自社,,,,済,済,2026/08/18,2026/08/18,,,191259B,,6783,池谷 弦紀,02,Ｑ面,0:なし,0,0
00082304,原反,001,2026/08/06,2026/08/21,2026/08/21,2026/08/31,0:通常,0:通常,01,505101,国分後加工511,000051,国分後加工,049006,東ﾚ(株) 自材部,,,,,,,,,,,,,,,,,,,511101,国分工場01本倉庫,0015,末締,01,東レ本体,0:しない,,,,W8-11,100,,,"105,000",0,1:完了,0:未完,0:通常,1:税抜,0,3:請求合計,1:金額,0:円未満,5:四捨五入,0:切り捨て,9:切り上げ,1:発行済,0:未承認,,0:しない,1:修正,,,,,,0051,国分,,,,,,,,,1:後加工,2026/08/21,1:通常,共和天1,,,0,,,,,0:1明細目,"欠点個数確認　201～250m長以下は欠点５個以下　接続：３個以内　両面緑テープ
Ｑ区分：Ｈ面端部赤テープとＨ面中央部黒マジック+Ｑ面中央部黒テープ
実数と合致していれば赤丸",,"スリット,EC","3,000.00","3,000",1,1,"欠点個数確認チェック
ラベル◎",,50101,トーレペフ W(自材),1:対象外,0,0.00,"3,000.00",SG,1043,スリット機2,0,0,0.00,0.00,B1N25APB1250FN1,551,ペフ,55109,ﾍﾟﾌ　その他,,,,,,,000001,2製品,02,社外加工,25025-AP17-1010X250FA    P,,m,0:自社,,,,,,,,,,,2026/08/17,6780,池谷 弦紀,,,,0,12
00082305,製品,001,2026/08/06,2026/08/25,2026/08/25,2026/08/31,0:通常,0:通常,01,505101,国分後加工511,000051,国分後加工,049006,東ﾚ(株) 自材部,,,,,,,,,,,,,,,,,,,511101,国分工場01本倉庫,0015,末締,01,東レ本体,0:しない,,,,W8-12,100,,,"90,000",0,0:未完,0:未完,0:通常,1:税抜,0,3:請求合計,1:金額,0:円未満,5:四捨五入,0:切り捨て,9:切り上げ,1:発行済,0:未承認,,0:しない,1:修正,,,,,,0051,国分,,,,,,,,,1:後加工,2026/08/25,1:通常,共和天1,,,0,,,,,0:1明細目,"欠点個数確認　201～205m長以下は欠点５個以下　接続：３個以内　両面緑テープ
Ｑ区分：Ｈ面端部赤テープとＨ面中央部黒マジック+Ｑ面中央部黒テープ
実数と合致していれば赤丸",,EC,"5,000.00","5,000",1,1,"欠点個数確認チェック
ラベル◎",,50101,トーレペフ W(自材),1:対象外,0,0.00,"5,000.00",,,,"90,000",0,"5,000.00",18.00,A1N25JPB0250FNA,551,ペフ,50101,トーレペフ W(自材),,,,,,,000001,2製品,02,社外加工,25025-JP17-1100X250F-A   Q,,m,0:自社,,,,済,,,,,,191258V,,6783,池谷 弦紀,02,Ｑ面,0:なし,0,0
00082305,原反,001,2026/08/06,2026/08/25,2026/08/25,2026/08/31,0:通常,0:通常,01,505101,国分後加工511,000051,国分後加工,049006,東ﾚ(株) 自材部,,,,,,,,,,,,,,,,,,,511101,国分工場01本倉庫,0015,末締,01,東レ本体,0:しない,,,,W8-12,100,,,"90,000",0,0:未完,0:未完,0:通常,1:税抜,0,3:請求合計,1:金額,0:円未満,5:四捨五入,0:切り捨て,9:切り上げ,1:発行済,0:未承認,,0:しない,1:修正,,,,,,0051,国分,,,,,,,,,1:後加工,2026/08/25,1:通常,共和天1,,,0,,,,,0:1明細目,"欠点個数確認　201～205m長以下は欠点５個以下　接続：３個以内　両面緑テープ
Ｑ区分：Ｈ面端部赤テープとＨ面中央部黒マジック+Ｑ面中央部黒テープ
実数と合致していれば赤丸",,EC,"5,000.00","5,000",1,1,"欠点個数確認チェック
ラベル◎",,50101,トーレペフ W(自材),1:対象外,0,0.00,"5,000.00",SG,1021,EC,0,0,0.00,0.00,B1N25APB1250FN1,551,ペフ,55109,ﾍﾟﾌ　その他,,,,,,,000001,2製品,02,社外加工,25025-AP17-1100X250FA    P,,m,0:自社,,,,,,,,,,,2026/08/19,6780,池谷 弦紀,,,,0,20
00082307,製品,001,2026/08/06,2026/08/25,2026/08/25,2026/08/31,0:通常,0:通常,01,505101,国分後加工511,000051,国分後加工,049006,東ﾚ(株) 自材部,,,,,,,,,,,,,,,,,,,511101,国分工場01本倉庫,0015,末締,01,東レ本体,0:しない,,,,W8-3,100,,,"32,500",0,0:未完,0:未完,0:通常,1:税抜,0,3:請求合計,1:金額,0:円未満,5:四捨五入,0:切り捨て,9:切り上げ,1:発行済,0:未承認,,0:しない,1:修正,,,,,,0051,国分,,,,,,,,,1:後加工,2026/08/25,1:通常,共和天1,,,0,,,,,0:1明細目,"欠点個数確認　201～250m長以下は欠点５個以下　接続：３個以内　両面緑テープ
Ｑ区分：Ｈ面端部赤テープとＨ面中央部黒マジック+Ｑ面中央部黒テープ
実数と合致していれば赤丸",,"分割,接続,スリット,E",500.00,525,2,3,"欠点個数確認チェック
ラベル◎",,50101,トーレペフ W(自材),1:対象外,0,0.00,250.00,,,,"16,250",0,250.00,65.00,A1N25JP94250FN1,551,ペフ,50101,トーレペフ W(自材),,,,,,,000001,2製品,02,社外加工,25025-JP17-940X250F-A   Q,,m,0:自社,,,,済,,,,,,191262W,,6783,池谷 弦紀,02,Ｑ面,0:なし,0,0
00082307,製品,002,2026/08/06,2026/08/25,2026/08/25,2026/08/31,0:通常,0:通常,01,505101,国分後加工511,000051,国分後加工,049006,東ﾚ(株) 自材部,,,,,,,,,,,,,,,,,,,511101,国分工場01本倉庫,0015,末締,01,東レ本体,0:しない,,,,W8-3,100,,,"32,500",0,0:未完,0:未完,0:通常,1:税抜,0,3:請求合計,1:金額,0:円未満,5:四捨五入,0:切り捨て,9:切り上げ,1:発行済,0:未承認,,0:しない,1:修正,,,,,,0051,国分,,,,,,,,,1:後加工,2026/08/25,1:通常,共和天1,,,0,,,,,0:1明細目,"欠点個数確認　201～250m長以下は欠点５個以下　接続：３個以内　両面緑テープ
Ｑ区分：Ｈ面端部赤テープとＨ面中央部黒マジック+Ｑ面中央部黒テープ
実数と合致していれば赤丸",,"分割,接続,スリット,E",500.00,525,2,3,"欠点個数確認チェック
ラベル◎",,50101,トーレペフ W(自材),1:対象外,0,0.00,250.00,,,,"16,250",0,250.00,65.00,A1N25JP94250FN1,551,ペフ,50101,トーレペフ W(自材),,,,,,,000001,2製品,02,社外加工,25025-JP17-940X250F-A   Q,,m,0:自社,,,,済,,,,,,191263R,,6783,池谷 弦紀,02,Ｑ面,0:なし,0,0
00082307,原反,001,2026/08/06,2026/08/25,2026/08/25,2026/08/31,0:通常,0:通常,01,505101,国分後加工511,000051,国分後加工,049006,東ﾚ(株) 自材部,,,,,,,,,,,,,,,,,,,511101,国分工場01本倉庫,0015,末締,01,東レ本体,0:しない,,,,W8-3,100,,,"32,500",0,0:未完,0:未完,0:通常,1:税抜,0,3:請求合計,1:金額,0:円未満,5:四捨五入,0:切り捨て,9:切り上げ,1:発行済,0:未承認,,0:しない,1:修正,,,,,,0051,国分,,,,,,,,,1:後加工,2026/08/25,1:通常,共和天1,,,0,,,,,0:1明細目,"欠点個数確認　201～250m長以下は欠点５個以下　接続：３個以内　両面緑テープ
Ｑ区分：Ｈ面端部赤テープとＨ面中央部黒マジック+Ｑ面中央部黒テープ
実数と合致していれば赤丸",,"分割,接続,スリット,E",500.00,525,2,3,"欠点個数確認チェック
ラベル◎",,50101,トーレペフ W(自材),1:対象外,0,0.00,179.00,SG,1043,スリット機2,0,0,0.00,0.00,A1N25JP94205FN1,551,ペフ,50101,トーレペフ W(自材),,,,,,,000001,2製品,02,社外加工,25025-JP17- 940X179F-A   Q,,m,0:自社,,,,,,,,,,,2026/08/19,6783,池谷 弦紀,,,,0,1
00082307,原反,002,2026/08/06,2026/08/25,2026/08/25,2026/08/31,0:通常,0:通常,01,505101,国分後加工511,000051,国分後加工,049006,東ﾚ(株) 自材部,,,,,,,,,,,,,,,,,,,511101,国分工場01本倉庫,0015,末締,01,東レ本体,0:しない,,,,W8-3,100,,,"32,500",0,0:未完,0:未完,0:通常,1:税抜,0,3:請求合計,1:金額,0:円未満,5:四捨五入,0:切り捨て,9:切り上げ,1:発行済,0:未承認,,0:しない,1:修正,,,,,,0051,国分,,,,,,,,,1:後加工,2026/08/25,1:通常,共和天1,,,0,,,,,0:1明細目,"欠点個数確認　201～250m長以下は欠点５個以下　接続：３個以内　両面緑テープ
Ｑ区分：Ｈ面端部赤テープとＨ面中央部黒マジック+Ｑ面中央部黒テープ
実数と合致していれば赤丸",,"分割,接続,スリット,E",500.00,525,2,3,"欠点個数確認チェック
ラベル◎",,50101,トーレペフ W(自材),1:対象外,0,0.00,206.00,SG,1043,スリット機2,0,0,0.00,0.00,A1N25JP94205FN1,551,ペフ,50101,トーレペフ W(自材),,,,,,,000001,2製品,02,社外加工,25025-JP17- 940X206F-A   Q,,m,0:自社,,,,,,,,,,,2026/08/19,6783,池谷 弦紀,,,,0,1
00082307,原反,003,2026/08/06,2026/08/25,2026/08/25,2026/08/31,0:通常,0:通常,01,505101,国分後加工511,000051,国分後加工,049006,東ﾚ(株) 自材部,,,,,,,,,,,,,,,,,,,511101,国分工場01本倉庫,0015,末締,01,東レ本体,0:しない,,,,W8-3,100,,,"32,500",0,0:未完,0:未完,0:通常,1:税抜,0,3:請求合計,1:金額,0:円未満,5:四捨五入,0:切り捨て,9:切り上げ,1:発行済,0:未承認,,0:しない,1:修正,,,,,,0051,国分,,,,,,,,,1:後加工,2026/08/25,1:通常,共和天1,,,0,,,,,0:1明細目,"欠点個数確認　201～250m長以下は欠点５個以下　接続：３個以内　両面緑テープ
Ｑ区分：Ｈ面端部赤テープとＨ面中央部黒マジック+Ｑ面中央部黒テープ
実数と合致していれば赤丸",,"分割,接続,スリット,E",500.00,525,2,3,"欠点個数確認チェック
ラベル◎",,50101,トーレペフ W(自材),1:対象外,0,0.00,140.00,KN,1043,スリット機2,0,0,0.00,0.00,A1N25JP94205FN1,551,ペフ,50101,トーレペフ W(自材),,,,,,,000001,2製品,02,社外加工,25025-AP17-1250X140F-A   P,,m,0:自社,,,,,,,,,,,2026/08/19,6783,池谷 弦紀,,,,0,1
00082312,製品,001,2026/08/06,2026/08/06,2026/08/06,2026/08/31,0:通常,0:通常,01,505101,国分後加工511,000051,国分後加工,049006,東ﾚ(株) 自材部,,,,,,,,,,,,,,,,,,,511101,国分工場01本倉庫,0015,末締,01,東レ本体,0:しない,,,,W8-4,100,,,"16,250",0,0:未完,0:未完,0:通常,1:税抜,0,3:請求合計,1:金額,0:円未満,5:四捨五入,0:切り捨て,9:切り上げ,1:発行済,0:未承認,,0:しない,1:修正,,,,,,0051,国分,,,,,,,,,1:後加工,2026/08/06,1:通常,共和天1,,,0,,,,,0:1明細目,"欠点個数確認　201～250m長以下は欠点５個以下　接続：３個以内　両面緑テープ
Ｑ区分：Ｈ面端部赤テープとＨ面中央部黒マジック+Ｑ面中央部黒テープ
実数と合致していれば赤丸",,"分割,接続,スリット,E",250.00,622,1,3,"欠点個数確認チェック
ラベル◎
AP17-1250をW8-3とW8-4の巻き不足に充てていただけないでしょうか",,50101,トーレペフ W(自材),1:対象外,0,0.00,250.00,,,,"16,250",0,250.00,65.00,A1N25JPB0250FN1,551,ペフ,50101,トーレペフ W(自材),,,,,,,000001,2製品,02,社外加工,25025-JP17-1100X250F-A   Q,,m,0:自社,,,,済,,,,,,191261F,,6783,河合 直樹,02,Ｑ面,0:なし,0,0
00082312,原反,001,2026/08/06,2026/08/06,2026/08/06,2026/08/31,0:通常,0:通常,01,505101,国分後加工511,000051,国分後加工,049006,東ﾚ(株) 自材部,,,,,,,,,,,,,,,,,,,511101,国分工場01本倉庫,0015,末締,01,東レ本体,0:しない,,,,W8-4,100,,,"16,250",0,0:未完,0:未完,0:通常,1:税抜,0,3:請求合計,1:金額,0:円未満,5:四捨五入,0:切り捨て,9:切り上げ,1:発行済,0:未承認,,0:しない,1:修正,,,,,,0051,国分,,,,,,,,,1:後加工,2026/08/06,1:通常,共和天1,,,0,,,,,0:1明細目,"欠点個数確認　201～250m長以下は欠点５個以下　接続：３個以内　両面緑テープ
Ｑ区分：Ｈ面端部赤テープとＨ面中央部黒マジック+Ｑ面中央部黒テープ
実数と合致していれば赤丸",,"分割,接続,スリット,E",250.00,622,1,3,"欠点個数確認チェック
ラベル◎
AP17-1250をW8-3とW8-4の巻き不足に充てていただけないでしょうか",,50101,トーレペフ W(自材),1:対象外,0,0.00,245.00,SG,1043,スリット機2,0,0,0.00,0.00,B1N25APF8250FN1,551,ペフ,55102,ﾍﾟﾌ　自動車部品,,,,,,,000003,4原材料,02,社外加工,25025-JP17-1100X245FA    Q,,m,0:自社,,,,,,,,,,,2026/08/19,6783,河合 直樹,,,,0,1
00082312,原反,002,2026/08/06,2026/08/06,2026/08/06,2026/08/31,0:通常,0:通常,01,505101,国分後加工511,000051,国分後加工,049006,東ﾚ(株) 自材部,,,,,,,,,,,,,,,,,,,511101,国分工場01本倉庫,0015,末締,01,東レ本体,0:しない,,,,W8-4,100,,,"16,250",0,0:未完,0:未完,0:通常,1:税抜,0,3:請求合計,1:金額,0:円未満,5:四捨五入,0:切り捨て,9:切り上げ,1:発行済,0:未承認,,0:しない,1:修正,,,,,,0051,国分,,,,,,,,,1:後加工,2026/08/06,1:通常,共和天1,,,0,,,,,0:1明細目,"欠点個数確認　201～250m長以下は欠点５個以下　接続：３個以内　両面緑テープ
Ｑ区分：Ｈ面端部赤テープとＨ面中央部黒マジック+Ｑ面中央部黒テープ
実数と合致していれば赤丸",,"分割,接続,スリット,E",250.00,622,1,3,"欠点個数確認チェック
ラベル◎
AP17-1250をW8-3とW8-4の巻き不足に充てていただけないでしょうか",,50101,トーレペフ W(自材),1:対象外,0,0.00,237.00,SG,1043,スリット機2,0,0,0.00,0.00,B1N25APF8250FN1,551,ペフ,55102,ﾍﾟﾌ　自動車部品,,,,,,,000003,4原材料,02,社外加工,25025-JP17-1100X237FA    Q,,m,0:自社,,,,,,,,,,,2026/08/19,6783,河合 直樹,,,,0,1
00082312,原反,003,2026/08/06,2026/08/06,2026/08/06,2026/08/31,0:通常,0:通常,01,505101,国分後加工511,000051,国分後加工,049006,東ﾚ(株) 自材部,,,,,,,,,,,,,,,,,,,511101,国分工場01本倉庫,0015,末締,01,東レ本体,0:しない,,,,W8-4,100,,,"16,250",0,0:未完,0:未完,0:通常,1:税抜,0,3:請求合計,1:金額,0:円未満,5:四捨五入,0:切り捨て,9:切り上げ,1:発行済,0:未承認,,0:しない,1:修正,,,,,,0051,国分,,,,,,,,,1:後加工,2026/08/06,1:通常,共和天1,,,0,,,,,0:1明細目,"欠点個数確認　201～250m長以下は欠点５個以下　接続：３個以内　両面緑テープ
Ｑ区分：Ｈ面端部赤テープとＨ面中央部黒マジック+Ｑ面中央部黒テープ
実数と合致していれば赤丸",,"分割,接続,スリット,E",250.00,622,1,3,"欠点個数確認チェック
ラベル◎
AP17-1250をW8-3とW8-4の巻き不足に充てていただけないでしょうか",,50101,トーレペフ W(自材),1:対象外,0,0.00,140.00,KN,1043,スリット機2,0,0,0.00,0.00,B1N25APF8250FN1,551,ペフ,55102,ﾍﾟﾌ　自動車部品,,,,,,,000003,4原材料,02,社外加工,25025-JP17-1250X140FA    P,,m,0:自社,,,,,,,,,,,2026/08/19,6783,河合 直樹,,,,0,1
00082314,製品,001,2026/08/06,2026/08/26,2026/08/26,2026/08/31,0:通常,0:通常,01,505201,湖南52,000052,湖南工場,049006,東ﾚ(株) 自材部,,,,,,,,,,,,,,,,,,,520201,湖南工場01本倉庫,0015,末締,01,東レ本体,0:しない,,,,W8-12,100,,,"171,000",0,0:未完,0:未完,0:通常,1:税抜,0,3:請求合計,1:金額,0:円未満,5:四捨五入,0:切り捨て,9:切り上げ,1:発行済,0:未承認,,0:しない,1:修正,,,,,,,,,,,,,,,,1:後加工,2026/08/26,1:通常,共和ﾚｻﾞｰ,,,0,,,,,0:1明細目,,,"EC,検査","4,500.00","4,500",1,1,"欠点個数確認チェックラベル◎
確認済明記
粘着検査",,50101,トーレペフ W(自材),1:対象外,0,0.00,"4,500.00",,,,"171,000",0,"4,500.00",38.00,A2F20JX77300FN1,551,ペフ,50101,トーレペフ W(自材),,,,,,,000001,2製品,02,社外加工,15020-JX5R- 770X300F-A   R,,M,0:自社,,,,済,,,,,,191292V,,6783,古家 淳子,03,Ｈ面,0:なし,0,0
00082314,原反,001,2026/08/06,2026/08/26,2026/08/26,2026/08/31,0:通常,0:通常,01,505201,湖南52,000052,湖南工場,049006,東ﾚ(株) 自材部,,,,,,,,,,,,,,,,,,,520201,湖南工場01本倉庫,0015,末締,01,東レ本体,0:しない,,,,W8-12,100,,,"171,000",0,0:未完,0:未完,0:通常,1:税抜,0,3:請求合計,1:金額,0:円未満,5:四捨五入,0:切り捨て,9:切り上げ,1:発行済,0:未承認,,0:しない,1:修正,,,,,,,,,,,,,,,,1:後加工,2026/08/26,1:通常,共和ﾚｻﾞｰ,,,0,,,,,0:1明細目,,,"EC,検査","4,500.00","4,500",1,1,"欠点個数確認チェックラベル◎
確認済明記
粘着検査",,50101,トーレペフ W(自材),0:対象,0,0.00,"4,500.00",S ,2012,EC機　湖南,0,0,0.00,0.00,B2F25AX77300FN1,551,ペフ,55109,ﾍﾟﾌ　その他,,,,,,,000001,2製品,02,社外加工,15020-AX5R- 770X300F-A   P,,,0:自社,,,,,,,,,,,2026/08/19,6780,古家 淳子,,,,0,15
00082315,製品,001,2026/08/06,2026/08/27,2026/08/27,2026/08/31,0:通常,0:通常,01,505201,湖南52,000052,湖南工場,049006,東ﾚ(株) 自材部,,,,,,,,,,,,,,,,,,,520201,湖南工場01本倉庫,0015,末締,01,東レ本体,0:しない,,,,W8-13,100,,,"125,400",0,0:未完,0:未完,0:通常,1:税抜,0,3:請求合計,1:金額,0:円未満,5:四捨五入,0:切り捨て,9:切り上げ,1:発行済,0:未承認,,0:しない,1:修正,,,,,,,,,,,,,,,,1:後加工,2026/08/27,1:通常,共和ﾚｻﾞｰ,,,0,,,,,0:1明細目,,,"EC,検査","3,300.00","3,300",1,1,"欠点個数確認チェックラベル◎
確認済明記
粘着検査",,50101,トーレペフ W(自材),1:対象外,0,0.00,"3,300.00",,,,"125,400",0,"3,300.00",38.00,A2F20JXE4300FN1,551,ペフ,50101,トーレペフ W(自材),,,,,,,000001,2製品,02,社外加工,15020-JX5R-1440X300F-A   R,,M,0:自社,,,,済,,,,,,191293B,,6783,古家 淳子,03,Ｈ面,0:なし,0,0
00082315,原反,001,2026/08/06,2026/08/27,2026/08/27,2026/08/31,0:通常,0:通常,01,505201,湖南52,000052,湖南工場,049006,東ﾚ(株) 自材部,,,,,,,,,,,,,,,,,,,520201,湖南工場01本倉庫,0015,末締,01,東レ本体,0:しない,,,,W8-13,100,,,"125,400",0,0:未完,0:未完,0:通常,1:税抜,0,3:請求合計,1:金額,0:円未満,5:四捨五入,0:切り捨て,9:切り上げ,1:発行済,0:未承認,,0:しない,1:修正,,,,,,,,,,,,,,,,1:後加工,2026/08/27,1:通常,共和ﾚｻﾞｰ,,,0,,,,,0:1明細目,,,"EC,検査","3,300.00","3,300",1,1,"欠点個数確認チェックラベル◎
確認済明記
粘着検査",,50101,トーレペフ W(自材),0:対象,0,0.00,"3,300.00",S ,2012,EC機　湖南,0,0,0.00,0.00,B2F20AXE4300FN1,551,ペフ,50101,トーレペフ W(自材),,,,,,,000001,2製品,02,社外加工,15020-AX5R-1440X300F-A   P,,,0:自社,,,,,,,,,,,2026/08/20,6780,古家 淳子,,,,0,11
00082319,製品,001,2026/08/06,2026/08/21,2026/08/21,2026/08/31,0:通常,0:通常,01,505201,湖南52,000052,湖南工場,049052,東ﾚﾍﾟﾌ加工品(株) 国分・湖南,,,,,,,,,,,,,,,,,,,520201,湖南工場01本倉庫,0015,末締,02,東レグループ,0:しない,,,,A8-1,100,,,"1,470",0,0:未完,0:未完,0:通常,1:税抜,0,3:請求合計,1:金額,0:円未満,5:四捨五入,9:切り上げ,5:四捨五入,1:発行済,0:未承認,,0:しない,1:修正,,,,,,,,,,,,,,,,1:後加工,2026/08/21,1:通常,,,,0,,,,,0:1明細目,,,分割,98.00,100,2,1,接続なし指定,,50200,ＴＰＩ,1:対象外,0,0.00,90.00,,,,"1,350",0,90.00,15.00,A3O60AGA0010FN1,551,ペフ,50200,ＴＰＩ,,,,,,,000001,2製品,02,社外加工,30100-AG00-1000X 10F-A   X,,M,0:自社,,,,済,済,,,,,P605401,,6713,古家 淳子,,,0:なし,0,0
00082319,製品,002,2026/08/06,2026/08/21,2026/08/21,2026/08/31,0:通常,0:通常,01,505201,湖南52,000052,湖南工場,049052,東ﾚﾍﾟﾌ加工品(株) 国分・湖南,,,,,,,,,,,,,,,,,,,520201,湖南工場01本倉庫,0015,末締,02,東レグループ,0:しない,,,,A8-1,100,,,"1,470",0,0:未完,0:未完,0:通常,1:税抜,0,3:請求合計,1:金額,0:円未満,5:四捨五入,9:切り上げ,5:四捨五入,1:発行済,0:未承認,,0:しない,1:修正,,,,,,,,,,,,,,,,1:後加工,2026/08/21,1:通常,,,,0,,,,,0:1明細目,,,分割,98.00,100,2,1,接続なし指定,,50200,ＴＰＩ,1:対象外,0,0.00,8.00,,,,120,0,8.00,15.00,A3O60AGA0010FN1,551,ペフ,50200,ＴＰＩ,,,,,,,000001,2製品,02,社外加工,30100-AG00-1000X  8F-A   X,,M,0:自社,,,,済,済,,,,,P605404,,6780,古家 淳子,,,0:なし,0,0
00082319,原反,001,2026/08/06,2026/08/21,2026/08/21,2026/08/31,0:通常,0:通常,01,505201,湖南52,000052,湖南工場,049052,東ﾚﾍﾟﾌ加工品(株) 国分・湖南,,,,,,,,,,,,,,,,,,,520201,湖南工場01本倉庫,0015,末締,02,東レグループ,0:しない,,,,A8-1,100,,,"1,470",0,0:未完,0:未完,0:通常,1:税抜,0,3:請求合計,1:金額,0:円未満,5:四捨五入,9:切り上げ,5:四捨五入,1:発行済,0:未承認,,0:しない,1:修正,,,,,,,,,,,,,,,,1:後加工,2026/08/21,1:通常,,,,0,,,,,0:1明細目,,,分割,98.00,100,2,1,接続なし指定,,50200,ＴＰＩ,1:対象外,0,0.00,100.00,K ,2013,スリット機1　湖南,0,0,0.00,0.00,B3O60AGA0050FN1,551,ペフ,55109,ﾍﾟﾌ　その他,,,,,,,000001,2製品,02,社外加工,30100-AG00-1000X 50F-A   C,,M,0:自社,,,,,,,,,,,2026/08/17,6713,古家 淳子,,,,0,2
00082320,製品,001,2026/08/06,2026/08/17,2026/08/17,2026/08/31,0:通常,0:通常,01,505201,湖南52,000052,湖南工場,049052,東ﾚﾍﾟﾌ加工品(株) 国分・湖南,,,,,,,,,,,,,,,,,,,520201,湖南工場01本倉庫,0015,末締,02,東レグループ,0:しない,,,,A8-2,100,,,"54,600",0,1:完了,1:完了,0:通常,1:税抜,0,3:請求合計,1:金額,0:円未満,5:四捨五入,9:切り上げ,5:四捨五入,1:発行済,0:未承認,,0:しない,1:修正,,,,,,,,,,,,,,,,1:後加工,2026/08/17,1:通常,,,,0,,,,,0:1明細目,,,"スライス,接続","2,100.00","1,050",1,1,実測長さをラベルと原反に明記,,50200,ＴＰＩ,1:対象外,0,0.00,"2,100.00",,,,"54,600",0,"2,100.00",26.00,A3P50BGA8210FN1,551,ペフ,50200,ＴＰＩ,,,,,,,000001,2製品,02,社外加工,40050-BG00-1080X210F-A   X,,M,0:自社,,,,済,済,2026/08/18,2026/08/18,2026/08/18,2026/08/18,P605402,,6713,古家 淳子,,,0:なし,1,0
00082320,原反,001,2026/08/06,2026/08/17,2026/08/17,2026/08/31,0:通常,0:通常,01,505201,湖南52,000052,湖南工場,049052,東ﾚﾍﾟﾌ加工品(株) 国分・湖南,,,,,,,,,,,,,,,,,,,520201,湖南工場01本倉庫,0015,末締,02,東レグループ,0:しない,,,,A8-2,100,,,"54,600",0,1:完了,1:完了,0:通常,1:税抜,0,3:請求合計,1:金額,0:円未満,5:四捨五入,9:切り上げ,5:四捨五入,1:発行済,0:未承認,,0:しない,1:修正,,,,,,,,,,,,,,,,1:後加工,2026/08/17,1:通常,,,,0,,,,,0:1明細目,,,"スライス,接続","2,100.00","1,050",1,1,実測長さをラベルと原反に明記,,50200,ＴＰＩ,1:対象外,0,0.00,"1,050.00",K ,2011,スライス機1　湖南,0,0,0.00,0.00,B3PA0AGA8105FN1,551,ペフ,50200,ＴＰＩ,,,,,,,000001,2製品,02,社外加工,40100-AG00-1080X105F-A   C,,m,0:自社,,,,,,,,,,,2026/08/07,6710,古家 淳子,,,,0,10
00082321,製品,001,2026/08/07,2026/08/20,2026/08/20,2026/08/31,0:通常,0:通常,01,505201,湖南52,000052,湖南工場,049006,東ﾚ(株) 自材部,,,,,,,,,,,,,,,,,,,520201,湖南工場01本倉庫,0015,末締,01,東レ本体,0:しない,,,,C8-7,100,,,"3,400",0,1:完了,1:完了,0:通常,1:税抜,0,3:請求合計,1:金額,0:円未満,5:四捨五入,0:切り捨て,9:切り上げ,1:発行済,0:未承認,,0:しない,1:修正,,,,,,,,,,,,,,,,1:後加工,2026/08/20,1:通常,屋根,,,0,,,,,0:1明細目,,,スリット,200.00,200,1,1,キズ除去,,50103,トーレペフ Y(工材),1:対象外,0,0.00,200.00,,,,"3,400",0,200.00,17.00,A2P408Y68200FB1,551,ペフ,50103,トーレペフ Y(工材),,,,,,,000001,2製品,02,社外加工,0R040-8Y0B- 680X200F-ABG1C,,M,0:自社,,,,済,済,2026/08/17,2026/08/17,2026/08/18,2026/08/18,191291A,,6713,古家 淳子,,,1:あり,0,0
00082321,原反,001,2026/08/07,2026/08/20,2026/08/20,2026/08/31,0:通常,0:通常,01,505201,湖南52,000052,湖南工場,049006,東ﾚ(株) 自材部,,,,,,,,,,,,,,,,,,,520201,湖南工場01本倉庫,0015,末締,01,東レ本体,0:しない,,,,C8-7,100,,,"3,400",0,1:完了,1:完了,0:通常,1:税抜,0,3:請求合計,1:金額,0:円未満,5:四捨五入,0:切り捨て,9:切り上げ,1:発行済,0:未承認,,0:しない,1:修正,,,,,,,,,,,,,,,,1:後加工,2026/08/20,1:通常,屋根,,,0,,,,,0:1明細目,,,スリット,200.00,200,1,1,キズ除去,,50103,トーレペフ Y(工材),1:対象外,0,0.00,200.00,K ,2013,スリット機1　湖南,0,0,0.00,0.00,B2P408Y87200FB1,551,ペフ,55109,ﾍﾟﾌ　その他,,,,,,,000001,2製品,02,社外加工,0R040-8Y0B- 870X200F-ABG1C,,M,0:自社,,,,,,,,,,,2026/08/10,6713,古家 淳子,,,,0,1
00082322,製品,001,2026/08/07,2026/09/04,2026/09/04,2026/08/31,0:通常,0:通常,01,105501,営業55,000571,中川 航一,049002,東ﾚ(株)滋賀事業場,,,,,,,,,049002,東レ㈱滋賀事業場,東レ株式会社 滋賀事業場, 電子材料生産部 実装材料生産課,520-0824,滋賀県大津市園山1-1-1,第7工場集荷口,,077-533-8200,,511101,国分工場01本倉庫,,,01,東レ本体,0:しない,,1:する,2:様,,100,電子材料生産部 実装材料生産課 松居様,,"76,440","7,644",0:未完,0:未完,0:通常,1:税抜,0,2:伝票合計,1:金額,0:円未満,5:四捨五入,0:切り捨て,5:四捨五入,1:発行済,0:未承認,,0:しない,0:新規,,,,,,1001,営業,,,原反手配、残運用お願いします。(大石目抜き),,,※国分工場・大石工場　出力すること！！,,,2:自社,,1:通常,東レ電生部,,,0,,,,,0:1明細目,"製品数量1,000枚に対して原反217ｍ必要","カットサイズ：1030X64ZA
打ち抜き：3丁取
目抜き：大石工場","カット,打抜き,目抜き","1,000.00",200,1,1,,,51200,自社加工,1:対象外,"54,970",54.97,"1,000.00",,,,"76,440",0,"1,000.00",76.44,A5O30AG28575ZN1,551,ペフ,55107,ﾍﾟﾌ　梱包資材,,,420300,東レ-売上,,,000001,2製品,01,社外製品,ﾍﾟﾌｽﾍﾟｰｻｰ 30030(白) 3t/280X575,,枚,0:自社,,,,,,,,,,,,TRAY,末永　忍,,,0:なし,0,0
00082322,原反,001,2026/08/07,2026/09/04,2026/09/04,2026/08/31,0:通常,0:通常,01,105501,営業55,000571,中川 航一,049002,東ﾚ(株)滋賀事業場,,,,,,,,,049002,東レ㈱滋賀事業場,東レ株式会社 滋賀事業場, 電子材料生産部 実装材料生産課,520-0824,滋賀県大津市園山1-1-1,第7工場集荷口,,077-533-8200,,511101,国分工場01本倉庫,,,01,東レ本体,0:しない,,1:する,2:様,,100,電子材料生産部 実装材料生産課 松居様,,"76,440","7,644",0:未完,0:未完,0:通常,1:税抜,0,2:伝票合計,1:金額,0:円未満,5:四捨五入,0:切り捨て,5:四捨五入,1:発行済,0:未承認,,0:しない,0:新規,,,,,,1001,営業,,,原反手配、残運用お願いします。(大石目抜き),,,※国分工場・大石工場　出力すること！！,,,2:自社,,1:通常,東レ電生部,,,0,,,,,0:1明細目,"製品数量1,000枚に対して原反217ｍ必要","カットサイズ：1030X64ZA
打ち抜き：3丁取
目抜き：大石工場","カット,打抜き,目抜き","1,000.00",200,1,1,,,51200,自社加工,1:対象外,0,0.00,200.00,,,,0,0,0.00,0.00,P5O30AGA3200FNA,551,ペフ,55109,ﾍﾟﾌ　その他,,,420303,東レ-仕入-材,,,000001,2製品,01,社外製品,30030-AG00-1030X200F-A C,,m,0:自社,,,,,,,,,,,,JSYA,末永　忍,,,,0,1
00082323,製品,001,2026/08/07,2026/08/18,2026/08/18,2026/08/31,0:通常,0:通常,01,505101,国分後加工511,000051,国分後加工,049006,東ﾚ(株) 自材部,,,,,,,,,,,,,,,,,,,511101,国分工場01本倉庫,0015,末締,01,東レ本体,0:しない,,,,T8-25,100,,,"22,845",0,0:未完,0:未完,0:通常,1:税抜,0,3:請求合計,1:金額,0:円未満,5:四捨五入,0:切り捨て,9:切り上げ,1:発行済,0:未承認,,0:しない,1:修正,,,,,,0051,国分,,,,,,,,,1:後加工,2026/08/18,1:通常,中央物産,,,0,,,,,0:1明細目,"フラップ逆転方式
10mm原反のＱ面にＥＣ加工(No2020-003)",接続：ベージュテープ50mm幅　ぬれ検査頻度：1回/5本　原反10mmにEC加工　融着行き,"EC,融着",88.00,400,1,2,"フラップ逆転方式
32枚梱包
コロナ処理面を記載した用紙を同梱",,50103,トーレペフ Y(工材),1:対象外,0,0.00,88.00,,,,"22,845",0,88.00,259.60,A1OFBJGA1220ZB4,551,ペフ,50103,トーレペフ Y(工材),,,999999,対象外,,,000001,2製品,02,社外加工,30150-JG00-1010x220ZABK0Q,10mmにEC加工,枚,0:自社,,,,済,済,2026/08/12,2026/08/12,,,191285M,,6713,池谷 弦紀,02,Ｑ面,0:なし,0,0
00082323,原反,001,2026/08/07,2026/08/18,2026/08/18,2026/08/31,0:通常,0:通常,01,505101,国分後加工511,000051,国分後加工,049006,東ﾚ(株) 自材部,,,,,,,,,,,,,,,,,,,511101,国分工場01本倉庫,0015,末締,01,東レ本体,0:しない,,,,T8-25,100,,,"22,845",0,0:未完,0:未完,0:通常,1:税抜,0,3:請求合計,1:金額,0:円未満,5:四捨五入,0:切り捨て,9:切り上げ,1:発行済,0:未承認,,0:しない,1:修正,,,,,,0051,国分,,,,,,,,,1:後加工,2026/08/18,1:通常,中央物産,,,0,,,,,0:1明細目,"フラップ逆転方式
10mm原反のＱ面にＥＣ加工(No2020-003)",接続：ベージュテープ50mm幅　ぬれ検査頻度：1回/5本　原反10mmにEC加工　融着行き,"EC,融着",88.00,400,1,2,"フラップ逆転方式
32枚梱包
コロナ処理面を記載した用紙を同梱",,50103,トーレペフ Y(工材),1:対象外,0,0.00,200.00,SG,1021,EC,0,0,0.00,0.00,B1OA0AGA5100FBD,551,ペフ,55109,ﾍﾟﾌ　その他,,,,,,,000001,2製品,02,社外加工,30100-AG00-1050X100FA BK0M,,m,0:自社,,,,,,,,,,,2026/08/10,6710,池谷 弦紀,,,,0,2
00082323,原反,002,2026/08/07,2026/08/18,2026/08/18,2026/08/31,0:通常,0:通常,01,505101,国分後加工511,000051,国分後加工,049006,東ﾚ(株) 自材部,,,,,,,,,,,,,,,,,,,511101,国分工場01本倉庫,0015,末締,01,東レ本体,0:しない,,,,T8-25,100,,,"22,845",0,0:未完,0:未完,0:通常,1:税抜,0,3:請求合計,1:金額,0:円未満,5:四捨五入,0:切り捨て,9:切り上げ,1:発行済,0:未承認,,0:しない,1:修正,,,,,,0051,国分,,,,,,,,,1:後加工,2026/08/18,1:通常,中央物産,,,0,,,,,0:1明細目,"フラップ逆転方式
10mm原反のＱ面にＥＣ加工(No2020-003)",接続：ベージュテープ50mm幅　ぬれ検査頻度：1回/5本　原反10mmにEC加工　融着行き,"EC,融着",88.00,400,1,2,"フラップ逆転方式
32枚梱包
コロナ処理面を記載した用紙を同梱",,50103,トーレペフ Y(工材),1:対象外,0,0.00,200.00,SG,1121,融着機,0,0,0.00,0.00,B1O50AGA5200FB4,551,ペフ,55109,ﾍﾟﾌ　その他,,,,,,,000003,4原材料,02,社外加工,30050-AG00-1050X200FA BK0C,,m,0:自社,,,,,,,,,,,2026/08/10,6710,池谷 弦紀,,,,0,1
00082324,製品,001,2026/08/07,2026/08/25,2026/08/25,2026/08/31,0:通常,0:通常,01,505101,国分後加工511,000051,国分後加工,049006,東ﾚ(株) 自材部,,,,,,,,,,,,,,,,,,,511101,国分工場01本倉庫,,,01,東レ本体,0:しない,,,,Y8-109,100,,,"19,600",0,0:未完,0:未完,0:通常,1:税抜,0,3:請求合計,1:金額,0:円未満,5:四捨五入,0:切り捨て,9:切り上げ,1:発行済,0:未承認,,0:しない,1:修正,,,,,,0051,国分,,,,,,,,,1:後加工,2026/08/25,1:通常,丸信小山,,,0,,,,,0:1明細目,,,分割,"1,400.00","1,400",1,1,,,55109,ﾍﾟﾌ　その他,1:対象外,0,0.00,"1,400.00",,,,"19,600",0,"1,400.00",14.00,A1O40AGA0100FN1,551,ペフ,50103,トーレペフ Y(工材),,,999999,対象外,,,000001,2製品,02,社外加工,30040-AG00-1000x100FA C,,m,0:自社,,,,済,,,,,,191287Z,,6713,池谷 弦紀,,,0:なし,0,0
00082324,原反,001,2026/08/07,2026/08/25,2026/08/25,2026/08/31,0:通常,0:通常,01,505101,国分後加工511,000051,国分後加工,049006,東ﾚ(株) 自材部,,,,,,,,,,,,,,,,,,,511101,国分工場01本倉庫,,,01,東レ本体,0:しない,,,,Y8-109,100,,,"19,600",0,0:未完,0:未完,0:通常,1:税抜,0,3:請求合計,1:金額,0:円未満,5:四捨五入,0:切り捨て,9:切り上げ,1:発行済,0:未承認,,0:しない,1:修正,,,,,,0051,国分,,,,,,,,,1:後加工,2026/08/25,1:通常,丸信小山,,,0,,,,,0:1明細目,,,分割,"1,400.00","1,400",1,1,,,55109,ﾍﾟﾌ　その他,1:対象外,0,0.00,"1,400.00",SG,1043,スリット機2,0,0,0.00,0.00,B1O40AGA0200FN1,551,ペフ,55109,ﾍﾟﾌ　その他,,,,,,,000001,2製品,02,社外加工,30040-AG00-1000x200FA C,,m,0:自社,,,,,,,,,,,2026/08/19,6710,池谷 弦紀,,,,0,7
00082325,製品,001,2026/08/07,2026/08/18,2026/08/18,2026/08/31,0:通常,0:通常,01,505101,国分後加工511,000051,国分後加工,049006,東ﾚ(株) 自材部,,,,,,,,,,,,,,,,,,,511101,国分工場01本倉庫,0015,末締,01,東レ本体,0:しない,,,,Y8-110,100,,,"19,350",0,0:未完,0:未完,0:通常,1:税抜,0,3:請求合計,1:金額,0:円未満,5:四捨五入,0:切り捨て,9:切り上げ,1:発行済,0:未承認,,0:しない,1:修正,,,,,,0051,国分,,,,,,,,,1:後加工,2026/08/18,1:通常,サンエイ,,,0,,,,,0:1明細目,,熱風設定温度：夏季上：310℃・下：330℃、冬季上：320℃・下：340℃,融着,90.00,400,1,2,,,50103,トーレペフ Y(工材),1:対象外,0,0.00,90.00,,,,"19,350",0,90.00,215.00,A1OFBDG98215ZB4,551,ペフ,50103,トーレペフ Y(工材),,,999999,対象外,,,000001,2製品,02,社外加工,30150-DG00-980x215ZABK0,,枚,0:自社,,,,済,済,2026/08/10,2026/08/10,,,191288T,,6713,池谷 弦紀,,,0:なし,2,0
00082325,原反,001,2026/08/07,2026/08/18,2026/08/18,2026/08/31,0:通常,0:通常,01,505101,国分後加工511,000051,国分後加工,049006,東ﾚ(株) 自材部,,,,,,,,,,,,,,,,,,,511101,国分工場01本倉庫,0015,末締,01,東レ本体,0:しない,,,,Y8-110,100,,,"19,350",0,0:未完,0:未完,0:通常,1:税抜,0,3:請求合計,1:金額,0:円未満,5:四捨五入,0:切り捨て,9:切り上げ,1:発行済,0:未承認,,0:しない,1:修正,,,,,,0051,国分,,,,,,,,,1:後加工,2026/08/18,1:通常,サンエイ,,,0,,,,,0:1明細目,,熱風設定温度：夏季上：310℃・下：330℃、冬季上：320℃・下：340℃,融着,90.00,400,1,2,,,50103,トーレペフ Y(工材),1:対象外,0,0.00,200.00,SG,1121,融着機,0,0,0.00,0.00,B1OA0AGA0100FB4,551,ペフ,55109,ﾍﾟﾌ　その他,,,,,,,000001,2製品,02,社外加工,30100-AG00-1000X100FA BK0C,,m,0:自社,,,,,,,,,,,2026/08/10,6710,池谷 弦紀,,,,0,2
00082325,原反,002,2026/08/07,2026/08/18,2026/08/18,2026/08/31,0:通常,0:通常,01,505101,国分後加工511,000051,国分後加工,049006,東ﾚ(株) 自材部,,,,,,,,,,,,,,,,,,,511101,国分工場01本倉庫,0015,末締,01,東レ本体,0:しない,,,,Y8-110,100,,,"19,350",0,0:未完,0:未完,0:通常,1:税抜,0,3:請求合計,1:金額,0:円未満,5:四捨五入,0:切り捨て,9:切り上げ,1:発行済,0:未承認,,0:しない,1:修正,,,,,,0051,国分,,,,,,,,,1:後加工,2026/08/18,1:通常,サンエイ,,,0,,,,,0:1明細目,,熱風設定温度：夏季上：310℃・下：330℃、冬季上：320℃・下：340℃,融着,90.00,400,1,2,,,50103,トーレペフ Y(工材),1:対象外,0,0.00,200.00,SG,1121,融着機,0,0,0.00,0.00,B1O50AGA3200FB4,551,ペフ,55109,ﾍﾟﾌ　その他,,,,,,,000001,2製品,02,社外加工,30050-AG00-1030X200FA BK0C,,m,0:自社,,,,,,,,,,,2026/08/10,6710,池谷 弦紀,,,,0,1
00082328,製品,001,2026/08/07,2026/08/28,2026/08/26,2026/08/31,0:通常,0:通常,01,105501,営業55,000498,新庄 健,040019,高山化成工業(株) 九州,,,,,,,,,,,,,,,,,,,511101,国分工場01本倉庫,,,03,その他,0:しない,,,,,100,相馬様ご依頼分,,"73,150",0,0:未完,0:未完,0:通常,1:税抜,0,3:請求合計,1:金額,0:円未満,0:切り捨て,0:切り捨て,5:四捨五入,1:発行済,0:未承認,,0:しない,1:修正,,,,,,0012,中央倉庫(EDI)土曜無,,,,,,✿送り状をＦＡＸする　★送料一式\2000円　No.82330,,,2:自社,,1:通常,高山化成九州,,,0,,,,,0:1明細目,自社,,カット,95.00,100,1,1,,,51200,自社加工,1:対象外,"49,971",526.01,95.00,,,,"73,150",0,95.00,770.00,A5OA0AGA0106ZB4,551,ペフ,51200,自社加工,,,430500,加工-売上,,,000001,2製品,02,社外加工,ﾄｰﾚﾍﾟﾌ 30100-AG00-1000X106Z-ABK0,,枚,0:自社,,,,済,,,,,,,,KAKO,菱田 昌美,,,0:なし,0,0
00082328,原反,001,2026/08/07,2026/08/28,2026/08/26,2026/08/31,0:通常,0:通常,01,105501,営業55,000498,新庄 健,040019,高山化成工業(株) 九州,,,,,,,,,,,,,,,,,,,511101,国分工場01本倉庫,,,03,その他,0:しない,,,,,100,相馬様ご依頼分,,"73,150",0,0:未完,0:未完,0:通常,1:税抜,0,3:請求合計,1:金額,0:円未満,0:切り捨て,0:切り捨て,5:四捨五入,1:発行済,0:未承認,,0:しない,1:修正,,,,,,0012,中央倉庫(EDI)土曜無,,,,,,✿送り状をＦＡＸする　★送料一式\2000円　No.82330,,,2:自社,,1:通常,高山化成九州,,,0,,,,,0:1明細目,自社,,カット,95.00,100,1,1,,,51200,自社加工,1:対象外,0,0.00,100.00,SG,1041,単板カット機,0,0,0.00,0.00,P5OA0AGA0100FB4,551,ペフ,55109,ﾍﾟﾌ　その他,,,430503,加工-仕入-材,,,000001,2製品,01,社外製品,30100-AG00-1000X100F-ABK0,分類：加工,m,0:自社,,,,,,,,,,,2026/08/20,JSYA,菱田 昌美,,,,0,1
00082331,製品,001,2026/08/07,2026/09/04,2026/09/03,2026/08/31,0:通常,0:通常,01,505102,国分自社加工512,000050,国分自社加工,900001,持込・引取・出荷のみ,持込・引取・出荷のみ,,,,,,,,068005,堀富商工(株),堀富商工株式会社,,592-8335,大阪府堺市西区,浜寺石津町東3-5-23,,072-241-3821,072-241-3822,511101,国分工場01本倉庫,0007,随 出荷日＝売上計上,03,その他,1:する,2:様,1:する,2:様,,100,,,0,0,0:未完,0:未完,0:通常,1:税抜,0,1:伝票明細,1:金額,0:円未満,0:切り捨て,0:切り捨て,0:切り捨て,1:発行済,0:未承認,,0:しない,1:修正,,,,,,0002,河合運輸倉庫,,,外注用。接続無し原反を発注、加工すること。,製品No.NK2609-01~8,加工一覧表を外注先へ送付する。,注文№1713,,,2:自社,,1:通常,ﾆｯｺｰ,,,0,,,,,0:1明細目,"自社-外注加工
堀冨商工へは3インチ紙管","堀冨商会へ未晒ラミ加工（外注）
ﾛｯﾄNo：NKOOOO（4桁ｽﾗｲｽ月日）-00～00
外装に巻出し方向（矢印）を記入してください。","スライス,接続","6,400.00","3,200",1,1,,,55101,ﾍﾟﾌ　巻芯,1:対象外,0,0.00,"6,400.00",,,,0,0,"6,400.00",0.00,A5F10BAA3800FN1,551,ペフ,55101,ﾍﾟﾌ　巻芯,,,999999,対象外,,,000004,3仕掛品,02,社外加工,ﾄｰﾚﾍﾟﾌ 15010-BA00-1030X800F-A C,巻芯外注用,m,0:自社,,,,済,,,,,,,,MKSN,松永 敏,,,0:なし,0,0
00082331,原反,001,2026/08/07,2026/09/04,2026/09/03,2026/08/31,0:通常,0:通常,01,505102,国分自社加工512,000050,国分自社加工,900001,持込・引取・出荷のみ,持込・引取・出荷のみ,,,,,,,,068005,堀富商工(株),堀富商工株式会社,,592-8335,大阪府堺市西区,浜寺石津町東3-5-23,,072-241-3821,072-241-3822,511101,国分工場01本倉庫,0007,随 出荷日＝売上計上,03,その他,1:する,2:様,1:する,2:様,,100,,,0,0,0:未完,0:未完,0:通常,1:税抜,0,1:伝票明細,1:金額,0:円未満,0:切り捨て,0:切り捨て,0:切り捨て,1:発行済,0:未承認,,0:しない,1:修正,,,,,,0002,河合運輸倉庫,,,外注用。接続無し原反を発注、加工すること。,製品No.NK2609-01~8,加工一覧表を外注先へ送付する。,注文№1713,,,2:自社,,1:通常,ﾆｯｺｰ,,,0,,,,,0:1明細目,"自社-外注加工
堀冨商工へは3インチ紙管","堀冨商会へ未晒ラミ加工（外注）
ﾛｯﾄNo：NKOOOO（4桁ｽﾗｲｽ月日）-00～00
外装に巻出し方向（矢印）を記入してください。","スライス,接続","6,400.00","3,200",1,1,,,55101,ﾍﾟﾌ　巻芯,1:対象外,0,0.00,"3,200.00",EI,1022,スライス機3,0,0,0.00,0.00,P5F20AAA3400FNR,551,ペフ,51200,自社加工,,,410103,巻芯-仕入-材,,,000003,4原材料,01,社外製品,15020-AA00-1030X400F-A R,分類：巻芯,m,0:自社,,,,,,,,,,,2026/08/28,JSYA,松永 敏,,,,0,8
00082335,製品,001,2026/08/07,2026/08/24,2026/08/21,2026/08/31,0:通常,0:通常,01,105501,営業55,000498,新庄 健,900001,粘着用分割,粘着用分割,,,,,,,,100205,大杉(株)　第三工場,大杉株式会社　第三工場,,529-1835,滋賀県甲賀市信楽町中野677-2,,,0748-82-3005,0748-82-2078,511101,国分工場01本倉庫,0007,随 出荷日＝売上計上,03,その他,1:する,2:様,1:する,2:様,,100,,,0,0,0:未完,0:未完,0:通常,1:税抜,0,1:伝票明細,1:金額,0:円未満,0:切り捨て,0:切り捨て,0:切り捨て,1:発行済,0:未承認,,0:しない,1:修正,,,,,,0002,河合運輸倉庫,,,再）原反営業支給します,,,,,,2:自社,2026/08/24,1:通常,,,,0,,,,,0:1明細目,自社　分割,,分割,400.00,400,1,1,,,51200,自社加工,1:対象外,0,0.00,400.00,,,,0,0,400.00,0.00,A5O50AGA3100FBP,551,ペフ,51200,自社加工,,,430500,加工-売上,,,000001,2製品,02,社外加工,ﾄｰﾚﾍﾟﾌ 30050-AG00-1030X100F-ABK0C,,ｍ,0:自社,,,,済,,,,,,,,KAKO,菱田 昌美,,,0:なし,0,0
00082335,原反,001,2026/08/07,2026/08/24,2026/08/21,2026/08/31,0:通常,0:通常,01,105501,営業55,000498,新庄 健,900001,粘着用分割,粘着用分割,,,,,,,,100205,大杉(株)　第三工場,大杉株式会社　第三工場,,529-1835,滋賀県甲賀市信楽町中野677-2,,,0748-82-3005,0748-82-2078,511101,国分工場01本倉庫,0007,随 出荷日＝売上計上,03,その他,1:する,2:様,1:する,2:様,,100,,,0,0,0:未完,0:未完,0:通常,1:税抜,0,1:伝票明細,1:金額,0:円未満,0:切り捨て,0:切り捨て,0:切り捨て,1:発行済,0:未承認,,0:しない,1:修正,,,,,,0002,河合運輸倉庫,,,再）原反営業支給します,,,,,,2:自社,2026/08/24,1:通常,,,,0,,,,,0:1明細目,自社　分割,,分割,400.00,400,1,1,,,51200,自社加工,1:対象外,0,0.00,400.00,EI,1043,スリット機2,0,0,0.00,0.00,P5O50AGA3200FB4,551,ペフ,55109,ﾍﾟﾌ　その他,,,430503,加工-仕入-材,,,000001,2製品,01,社外製品,30050-AG00-1030X200F-ABK0C,分類：加工,m,0:自社,,,,,,,,,,,2026/08/19,JSYA,菱田 昌美,,,,0,2
00082336,製品,001,2026/08/07,2026/08/17,2026/08/17,2026/08/31,0:通常,0:通常,01,505101,国分後加工511,000051,国分後加工,049006,東ﾚ(株) 自材部,,,,,,,,,,,,,,,,,,,511101,国分工場01本倉庫,0015,末締,01,東レ本体,0:しない,,,,W7-52-1,100,,,"6,800",0,1:完了,0:未完,0:通常,1:税抜,0,3:請求合計,1:金額,0:円未満,5:四捨五入,0:切り捨て,9:切り上げ,1:発行済,0:未承認,,0:しない,1:修正,,,,,,0051,国分,,,,,,,,,1:後加工,2026/08/17,1:通常,サンビック,,,0,,,,,0:1明細目,"共和レザー200m以下　欠点４個以下、接続２個以内
Ｑ区分：欠点：Ｈ面端部赤テープ+Ｈ面中央部黒マジック+Ｑ面中央部黒テープ",接続方法：両面緑ハンディカットテープ（幅：75mm）　接続点は欠点に含む　ぬれ検査頻度：1回/5本,スリット,400.00,400,1,1,"欠点個数確認チェック
ラベル◎
Ｈ面にマジックマーキングしてください。
Ｑ面にテープマーキングしてください。
400ｍは欠点5個なのでオカモトorサンビックに回す予定",,50101,トーレペフ W(自材),1:対象外,0,0.00,400.00,,,,"6,800",0,400.00,17.00,A1O30APA8200F41,551,ペフ,50101,トーレペフ W(自材),,,999999,対象外,,,000001,2製品,02,社外加工,30030-AP66-1080X200F-A   G,,m,0:自社,,,,済,済,2026/08/12,2026/08/12,,,191269H,,6783,河合 直樹,,,0:なし,0,0
00082336,原反,001,2026/08/07,2026/08/17,2026/08/17,2026/08/31,0:通常,0:通常,01,505101,国分後加工511,000051,国分後加工,049006,東ﾚ(株) 自材部,,,,,,,,,,,,,,,,,,,511101,国分工場01本倉庫,0015,末締,01,東レ本体,0:しない,,,,W7-52-1,100,,,"6,800",0,1:完了,0:未完,0:通常,1:税抜,0,3:請求合計,1:金額,0:円未満,5:四捨五入,0:切り捨て,9:切り上げ,1:発行済,0:未承認,,0:しない,1:修正,,,,,,0051,国分,,,,,,,,,1:後加工,2026/08/17,1:通常,サンビック,,,0,,,,,0:1明細目,"共和レザー200m以下　欠点４個以下、接続２個以内
Ｑ区分：欠点：Ｈ面端部赤テープ+Ｈ面中央部黒マジック+Ｑ面中央部黒テープ",接続方法：両面緑ハンディカットテープ（幅：75mm）　接続点は欠点に含む　ぬれ検査頻度：1回/5本,スリット,400.00,400,1,1,"欠点個数確認チェック
ラベル◎
Ｈ面にマジックマーキングしてください。
Ｑ面にテープマーキングしてください。
400ｍは欠点5個なのでオカモトorサンビックに回す予定",,50101,トーレペフ W(自材),1:対象外,0,0.00,400.00,SG,1043,スリット機2,0,0,0.00,0.00,B1O30APD0200F41,551,ペフ,55109,ﾍﾟﾌ　その他,,,,,,,000001,2製品,02,社外加工,30030-AP66-1300X200FA    G,,m,0:自社,,,,,,,,,,,2026/08/06,6780,河合 直樹,,,,0,2
00082338,製品,001,2026/08/07,2026/08/31,2026/08/31,2026/08/31,0:通常,0:通常,01,105501,営業55,000498,新庄 健,900001,ZACROS向け内示（営業在庫分）,ZACROS向け内示（営業在庫分）,,,,,,,,000331,長岡産業(株)大石　配送課,長岡産業株式会社,　大石第２工場　配送課,520-2263,滋賀県大津市大石中6-2-13,,,077-546-7200,077-536-3010,511101,国分工場01本倉庫,,,03,その他,1:する,2:様,1:する,2:様,,700,,,0,0,0:未完,0:未完,0:通常,1:税抜,0,1:伝票明細,1:金額,0:円未満,0:切り捨て,0:切り捨て,0:切り捨て,1:発行済,0:未承認,,0:しない,1:修正,,,,,,0001,京滋便,,,2026年10月分の先行生産です。出来高全量を営業在庫とし、通常通り販売します。,2026/2/13入荷のトムソン用木型を使用。異物混入なきようご注意ください。,,,,,2:自社,,1:通常,ZACROS株式会社,,,0,,,,,0:1明細目,自社,"30300-DG00-1000X218ZA（融着）
1000X43(ﾊﾞｰﾁｶﾙ)
5粗切→20丁取","融着,バーチカル,打抜","28,000.00","1,800",1,1,,,51200,自社加工,1:対象外,0,0.00,"28,000.00",,,,0,0,"28,000.00",0.00,A5OADDG01001ZB4,551,ペフ,55107,ﾍﾟﾌ　梱包資材,,,420200,一般-売上,,,000001,2製品,01,社外製品,ﾍﾟﾌｽﾍﾟｰｻｰ 30300(黒) 30t/φ130Xφ83,,枚,0:自社,,,,,,,,,,,,IPAN,新庄 健,,,0:なし,3,0
00082338,原反,001,2026/08/07,2026/08/31,2026/08/31,2026/08/31,0:通常,0:通常,01,105501,営業55,000498,新庄 健,900001,ZACROS向け内示（営業在庫分）,ZACROS向け内示（営業在庫分）,,,,,,,,000331,長岡産業(株)大石　配送課,長岡産業株式会社,　大石第２工場　配送課,520-2263,滋賀県大津市大石中6-2-13,,,077-546-7200,077-536-3010,511101,国分工場01本倉庫,,,03,その他,1:する,2:様,1:する,2:様,,700,,,0,0,0:未完,0:未完,0:通常,1:税抜,0,1:伝票明細,1:金額,0:円未満,0:切り捨て,0:切り捨て,0:切り捨て,1:発行済,0:未承認,,0:しない,1:修正,,,,,,0001,京滋便,,,2026年10月分の先行生産です。出来高全量を営業在庫とし、通常通り販売します。,2026/2/13入荷のトムソン用木型を使用。異物混入なきようご注意ください。,,,,,2:自社,,1:通常,ZACROS株式会社,,,0,,,,,0:1明細目,自社,"30300-DG00-1000X218ZA（融着）
1000X43(ﾊﾞｰﾁｶﾙ)
5粗切→20丁取","融着,バーチカル,打抜","28,000.00","1,800",1,1,,,51200,自社加工,1:対象外,0,0.00,"1,800.00",SG,1121,融着機,0,0,0.00,0.00,P5OA0AGA0100FB4,551,ペフ,55109,ﾍﾟﾌ　その他,,,430503,加工-仕入-材,,,000001,2製品,01,社外製品,30100-AG00-1000X100F-ABK0,,m,0:自社,,,,,,,,,,,,JSYA,新庄 健,,,,0,18
00082341,製品,001,2026/08/07,2026/08/26,2026/08/26,2026/08/31,0:通常,0:通常,01,505101,国分後加工511,000051,国分後加工,049006,東ﾚ(株) 自材部,,,,,,,,,,,,,,,,,,,511101,国分工場01本倉庫,0015,末締,01,東レ本体,0:しない,,,,V8-13,100,,,540,0,0:未完,0:未完,0:通常,1:税抜,0,3:請求合計,1:金額,0:円未満,5:四捨五入,0:切り捨て,9:切り上げ,1:発行済,0:未承認,,0:しない,1:修正,,,,,,0051,国分,,,,,,,,,1:後加工,2026/08/26,1:通常,TPI湖南,,,0,,,,,0:1明細目,,,改装,36.00,36,1,1,下方の箱が潰れており製品への影響がないかご確認お願いします。ダメージがある場合はロスとします。また箱の修正もお願いします,,50105,トーレペフ V(TPI),1:対象外,0,0.00,36.00,,,,540,0,36.00,15.00,A1KAISOU--KATTO,551,ペフ,50101,トーレペフ W(自材),,,999999,対象外,,,000001,2製品,02,社外加工,40240-DY00- 970X100ZA ,融着で改装,,0:自社,,,,済,,,,,,191345J,,6715,河合 直樹,,,0:なし,0,0
00082341,原反,001,2026/08/07,2026/08/26,2026/08/26,2026/08/31,0:通常,0:通常,01,505101,国分後加工511,000051,国分後加工,049006,東ﾚ(株) 自材部,,,,,,,,,,,,,,,,,,,511101,国分工場01本倉庫,0015,末締,01,東レ本体,0:しない,,,,V8-13,100,,,540,0,0:未完,0:未完,0:通常,1:税抜,0,3:請求合計,1:金額,0:円未満,5:四捨五入,0:切り捨て,9:切り上げ,1:発行済,0:未承認,,0:しない,1:修正,,,,,,0051,国分,,,,,,,,,1:後加工,2026/08/26,1:通常,TPI湖南,,,0,,,,,0:1明細目,,,改装,36.00,36,1,1,下方の箱が潰れており製品への影響がないかご確認お願いします。ダメージがある場合はロスとします。また箱の修正もお願いします,,50105,トーレペフ V(TPI),1:対象外,0,0.00,36.00,KN,1121,融着機,0,0,0.00,0.00,A1P40AYA0105ZN1,551,ペフ,50105,トーレペフ V(TPI),,,999999,対象外,,,000001,2製品,02,社外加工,40240-DY00- 970X100ZA ,,枚,0:自社,,,,,,,,,,,2026/08/20,6713,河合 直樹,,,,0,0
00082342,製品,001,2026/08/07,2026/08/28,2026/08/28,2026/08/31,0:通常,0:通常,01,505101,国分後加工511,000051,国分後加工,049006,東ﾚ(株) 自材部,,,,,,,,,,,,,,,,,,,511101,国分工場01本倉庫,0015,末締,01,東レ本体,0:しない,,,,E8-1,100,,,"180,000",0,0:未完,0:未完,0:通常,1:税抜,0,3:請求合計,1:金額,0:円未満,5:四捨五入,0:切り捨て,9:切り上げ,1:発行済,0:未承認,,0:しない,1:修正,,,,,,0051,国分,,,,,,,,,1:後加工,2026/08/28,1:通常,Greentech,,,0,,,,,0:1明細目,,,改装,"12,000.00","11,400",1,2,タイプをAX17に変更お願いします,,50102,トーレペフ B(自輸),1:対象外,0,0.00,"12,000.00",,,,"180,000",0,"12,000.00",15.00,A1K25AXC0300FN1,551,ペフ,50102,トーレペフ B(自輸),,,,,,,000001,2製品,02,社外加工,20025-AX17- 950X300F-A   E,,m,0:自社,,,,済,,,,,,191352R,,6783,河合 直樹,,,0:なし,0,0
00082342,原反,001,2026/08/07,2026/08/28,2026/08/28,2026/08/31,0:通常,0:通常,01,505101,国分後加工511,000051,国分後加工,049006,東ﾚ(株) 自材部,,,,,,,,,,,,,,,,,,,511101,国分工場01本倉庫,0015,末締,01,東レ本体,0:しない,,,,E8-1,100,,,"180,000",0,0:未完,0:未完,0:通常,1:税抜,0,3:請求合計,1:金額,0:円未満,5:四捨五入,0:切り捨て,9:切り上げ,1:発行済,0:未承認,,0:しない,1:修正,,,,,,0051,国分,,,,,,,,,1:後加工,2026/08/28,1:通常,Greentech,,,0,,,,,0:1明細目,,,改装,"12,000.00","11,400",1,2,タイプをAX17に変更お願いします,,50102,トーレペフ B(自輸),1:対象外,0,0.00,"9,300.00",OK,1043,スリット機2,0,0,0.00,0.00,B1K25AP95300FNE,551,ペフ,55109,ﾍﾟﾌ　その他,,,,,,,000001,2製品,02,社外加工,20025-AP17- 950X300F-A   B,,m,0:自社,,,,,,,,,,,2026/08/20,6780,河合 直樹,,,,0,31
00082342,原反,002,2026/08/07,2026/08/28,2026/08/28,2026/08/31,0:通常,0:通常,01,505101,国分後加工511,000051,国分後加工,049006,東ﾚ(株) 自材部,,,,,,,,,,,,,,,,,,,511101,国分工場01本倉庫,0015,末締,01,東レ本体,0:しない,,,,E8-1,100,,,"180,000",0,0:未完,0:未完,0:通常,1:税抜,0,3:請求合計,1:金額,0:円未満,5:四捨五入,0:切り捨て,9:切り上げ,1:発行済,0:未承認,,0:しない,1:修正,,,,,,0051,国分,,,,,,,,,1:後加工,2026/08/28,1:通常,Greentech,,,0,,,,,0:1明細目,,,改装,"12,000.00","11,400",1,2,タイプをAX17に変更お願いします,,50102,トーレペフ B(自輸),1:対象外,0,0.00,"2,100.00",OK,1043,スリット機2,0,0,0.00,0.00,B1K25AP95300FNE,551,ペフ,55109,ﾍﾟﾌ　その他,,,,,,,000001,2製品,02,社外加工,20025-AP17- 950X300F-A   B,,m,0:自社,,,,,,,,,,,2026/08/20,3783,河合 直樹,,,,0,7
00082350,製品,001,2026/08/10,2026/08/25,2026/08/25,2026/08/31,0:通常,0:通常,01,505101,国分後加工511,000051,国分後加工,049006,東ﾚ(株) 自材部,,,,,,,,,,,,,,,,,,,511101,国分工場01本倉庫,0015,末締,01,東レ本体,0:しない,,,,Y8-111,100,,,"79,152",0,0:未完,0:未完,0:通常,1:税抜,0,3:請求合計,1:金額,0:円未満,5:四捨五入,0:切り捨て,9:切り上げ,1:発行済,0:未承認,,0:しない,1:修正,,,,,,0051,国分,,,,,,,,,1:後加工,2026/08/25,1:通常,ゼネラル化成,,,0,,,,,0:1明細目,,接続：ベージュテープ50mm幅　ぬれ検査頻度：1回/5本,"EC,融着",291.00,"1,200",1,1,"Ｑ面ＥＣ加工
Ｑ面外出しで融着してください。
95枚+αで梱包お願いします",,50103,トーレペフ Y(工材),1:対象外,0,0.00,291.00,,,,"79,152",0,291.00,272.00,A1O80NGA2200ZG3,551,ペフ,50103,トーレペフ Y(工材),,,999999,対象外,,,000001,2製品,02,社外加工,30080-NG20-1020X200ZA GA0U,,枚,0:自社,,,,済,,,,,,191343T,,6713,池谷 弦紀,02,Ｑ面,0:なし,2,0
00082350,原反,001,2026/08/10,2026/08/25,2026/08/25,2026/08/31,0:通常,0:通常,01,505101,国分後加工511,000051,国分後加工,049006,東ﾚ(株) 自材部,,,,,,,,,,,,,,,,,,,511101,国分工場01本倉庫,0015,末締,01,東レ本体,0:しない,,,,Y8-111,100,,,"79,152",0,0:未完,0:未完,0:通常,1:税抜,0,3:請求合計,1:金額,0:円未満,5:四捨五入,0:切り捨て,9:切り上げ,1:発行済,0:未承認,,0:しない,1:修正,,,,,,0051,国分,,,,,,,,,1:後加工,2026/08/25,1:通常,ゼネラル化成,,,0,,,,,0:1明細目,,接続：ベージュテープ50mm幅　ぬれ検査頻度：1回/5本,"EC,融着",291.00,"1,200",1,1,"Ｑ面ＥＣ加工
Ｑ面外出しで融着してください。
95枚+αで梱包お願いします",,50103,トーレペフ Y(工材),1:対象外,0,0.00,"1,200.00",SG,1021,EC,0,0,0.00,0.00,B1O40AEA5200FG3,551,ペフ,55109,ﾍﾟﾌ　その他,,,,,,,000001,2製品,02,社外加工,30040-AG20-1050X200FA GA0U,,m,0:自社,,,,,,,,,,,2026/08/19,6710,池谷 弦紀,,,,0,6
00082352,製品,001,2026/08/10,2026/08/31,2026/08/31,2026/08/31,0:通常,0:通常,01,505101,国分後加工511,000051,国分後加工,049006,東ﾚ(株) 自材部,,,,,,,,,,,,,,,,,,,511101,国分工場01本倉庫,0015,末締,01,東レ本体,0:しない,,,,T8-26,100,,,"10,800",0,0:未完,0:未完,0:通常,1:税抜,0,3:請求合計,1:金額,0:円未満,5:四捨五入,0:切り捨て,9:切り上げ,1:発行済,0:未承認,,0:しない,1:修正,,,,,,0051,国分,,,,,,,,,1:後加工,2026/08/31,1:通常,中央物産,,,0,,,,,0:1明細目,,接続：ベージュテープ50mm幅　ぬれ検査頻度：1回/5本,EC,600.00,600,1,1,,,50103,トーレペフ Y(工材),1:対象外,0,0.00,600.00,,,,"10,800",0,600.00,18.00,A1OA0JGA0100FB4,551,ペフ,50103,トーレペフ Y(工材),,,999999,対象外,,,000001,2製品,02,社外加工,30100-JG00-1000x100FABK0Q,,m,0:自社,,,,済,,,,,,191355Y,,6713,池谷 弦紀,02,Ｑ面,0:なし,0,0
00082352,原反,001,2026/08/10,2026/08/31,2026/08/31,2026/08/31,0:通常,0:通常,01,505101,国分後加工511,000051,国分後加工,049006,東ﾚ(株) 自材部,,,,,,,,,,,,,,,,,,,511101,国分工場01本倉庫,0015,末締,01,東レ本体,0:しない,,,,T8-26,100,,,"10,800",0,0:未完,0:未完,0:通常,1:税抜,0,3:請求合計,1:金額,0:円未満,5:四捨五入,0:切り捨て,9:切り上げ,1:発行済,0:未承認,,0:しない,1:修正,,,,,,0051,国分,,,,,,,,,1:後加工,2026/08/31,1:通常,中央物産,,,0,,,,,0:1明細目,,接続：ベージュテープ50mm幅　ぬれ検査頻度：1回/5本,EC,600.00,600,1,1,,,50103,トーレペフ Y(工材),1:対象外,0,0.00,600.00,SG,1021,EC,0,0,0.00,0.00,B1OA0AGA0100FBP,551,ペフ,55109,ﾍﾟﾌ　その他,,,,,,,000003,4原材料,02,社外加工,30100-AG00-1000X100FA BK0C,,m,0:自社,,,,,,,,,,,2026/08/20,6710,池谷 弦紀,,,,0,6
00082353,製品,001,2026/08/10,2026/08/31,2026/08/31,2026/08/31,0:通常,0:通常,01,505101,国分後加工511,000051,国分後加工,049006,東ﾚ(株) 自材部,,,,,,,,,,,,,,,,,,,511101,国分工場01本倉庫,0015,末締,01,東レ本体,0:しない,,,,T8-27,100,,,"24,600",0,0:未完,0:未完,0:通常,1:税抜,0,3:請求合計,1:金額,0:円未満,5:四捨五入,0:切り捨て,9:切り上げ,1:発行済,0:未承認,,0:しない,1:修正,,,,,,0051,国分,,,,,,,,,1:後加工,2026/08/31,1:通常,中央物産,,,0,,,,,0:1明細目,,接続：ベージュテープ50mm幅　ぬれ検査頻度：1回/5本　融着行き,"EC,融着,分割",200.00,800,1,2,,,50103,トーレペフ Y(工材),1:対象外,0,0.00,200.00,,,,"24,600",0,200.00,123.00,A1OA0JGA2050FG3,551,ペフ,50103,トーレペフ Y(工材),,,999999,対象外,,,000001,2製品,02,社外加工,30100-JG20-1020X 50FA GA0Q,,m,0:自社,,,,一部,,,,,,191356S,,6713,池谷 弦紀,02,Ｑ面,1:あり,2,0
00082353,原反,001,2026/08/10,2026/08/31,2026/08/31,2026/08/31,0:通常,0:通常,01,505101,国分後加工511,000051,国分後加工,049006,東ﾚ(株) 自材部,,,,,,,,,,,,,,,,,,,511101,国分工場01本倉庫,0015,末締,01,東レ本体,0:しない,,,,T8-27,100,,,"24,600",0,0:未完,0:未完,0:通常,1:税抜,0,3:請求合計,1:金額,0:円未満,5:四捨五入,0:切り捨て,9:切り上げ,1:発行済,0:未承認,,0:しない,1:修正,,,,,,0051,国分,,,,,,,,,1:後加工,2026/08/31,1:通常,中央物産,,,0,,,,,0:1明細目,,接続：ベージュテープ50mm幅　ぬれ検査頻度：1回/5本　融着行き,"EC,融着,分割",200.00,800,1,2,,,50103,トーレペフ Y(工材),1:対象外,0,0.00,400.00,SG,1021,EC,0,0,0.00,0.00,B1O50AGA5200FG3,551,ペフ,50103,トーレペフ Y(工材),,,,,,,000003,4原材料,02,社外加工,30050-AG20-1050X200F-AGA0U,,m,0:自社,,,,,,,,,,,2026/08/20,6710,池谷 弦紀,,,,0,2
00082353,原反,002,2026/08/10,2026/08/31,2026/08/31,2026/08/31,0:通常,0:通常,01,505101,国分後加工511,000051,国分後加工,049006,東ﾚ(株) 自材部,,,,,,,,,,,,,,,,,,,511101,国分工場01本倉庫,0015,末締,01,東レ本体,0:しない,,,,T8-27,100,,,"24,600",0,0:未完,0:未完,0:通常,1:税抜,0,3:請求合計,1:金額,0:円未満,5:四捨五入,0:切り捨て,9:切り上げ,1:発行済,0:未承認,,0:しない,1:修正,,,,,,0051,国分,,,,,,,,,1:後加工,2026/08/31,1:通常,中央物産,,,0,,,,,0:1明細目,,接続：ベージュテープ50mm幅　ぬれ検査頻度：1回/5本　融着行き,"EC,融着,分割",200.00,800,1,2,,,50103,トーレペフ Y(工材),1:対象外,0,0.00,400.00,SG,1121,融着機,0,0,0.00,0.00,B1O50AGA5200FG3,551,ペフ,50103,トーレペフ Y(工材),,,,,,,000003,4原材料,02,社外加工,30050-AG20-1050X200F-AGA0U,,m,0:自社,,,,,,,,,,,2026/08/20,6710,池谷 弦紀,,,,0,2
00082354,製品,001,2026/08/10,2026/08/31,2026/08/31,2026/08/31,0:通常,0:通常,01,505101,国分後加工511,000051,国分後加工,049006,東ﾚ(株) 自材部,,,,,,,,,,,,,,,,,,,511101,国分工場01本倉庫,0015,末締,01,東レ本体,0:しない,,,,T8-28,100,,,"10,800",0,0:未完,0:未完,0:通常,1:税抜,0,3:請求合計,1:金額,0:円未満,5:四捨五入,0:切り捨て,9:切り上げ,1:発行済,0:未承認,,0:しない,1:修正,,,,,,0051,国分,,,,,,,,,1:後加工,2026/08/31,1:通常,中央物産,,,0,,,,,0:1明細目,,接続：ベージュテープ50mm幅　ぬれ検査頻度：1回/5本,EC,600.00,600,1,1,,,50103,トーレペフ Y(工材),1:対象外,0,0.00,600.00,,,,"10,800",0,600.00,18.00,A1O50JGA5200FG3,551,ペフ,50103,トーレペフ Y(工材),,,999999,対象外,,,000001,2製品,02,社外加工,30050-JG20-1050X200FA GA0Q,,m,0:自社,,,,済,,,,,,191359Z,,6713,池谷 弦紀,02,Ｑ面,0:なし,0,0
00082354,原反,001,2026/08/10,2026/08/31,2026/08/31,2026/08/31,0:通常,0:通常,01,505101,国分後加工511,000051,国分後加工,049006,東ﾚ(株) 自材部,,,,,,,,,,,,,,,,,,,511101,国分工場01本倉庫,0015,末締,01,東レ本体,0:しない,,,,T8-28,100,,,"10,800",0,0:未完,0:未完,0:通常,1:税抜,0,3:請求合計,1:金額,0:円未満,5:四捨五入,0:切り捨て,9:切り上げ,1:発行済,0:未承認,,0:しない,1:修正,,,,,,0051,国分,,,,,,,,,1:後加工,2026/08/31,1:通常,中央物産,,,0,,,,,0:1明細目,,接続：ベージュテープ50mm幅　ぬれ検査頻度：1回/5本,EC,600.00,600,1,1,,,50103,トーレペフ Y(工材),1:対象外,0,0.00,600.00,SG,1021,EC,0,0,0.00,0.00,B1O50AGA5200FG3,551,ペフ,50103,トーレペフ Y(工材),,,,,,,000003,4原材料,02,社外加工,30050-AG20-1050X200F-AGA0U,,m,0:自社,,,,,,,,,,,2026/08/25,6710,池谷 弦紀,,,,0,3
00082355,製品,001,2026/08/10,2026/08/31,2026/08/31,2026/08/31,0:通常,0:通常,01,505101,国分後加工511,000051,国分後加工,049006,東ﾚ(株) 自材部,,,,,,,,,,,,,,,,,,,511101,国分工場01本倉庫,0015,末締,01,東レ本体,0:しない,,,,T8-29,100,,,"4,000",0,0:未完,0:未完,0:通常,1:税抜,0,3:請求合計,1:金額,0:円未満,5:四捨五入,0:切り捨て,9:切り上げ,1:発行済,0:未承認,,0:しない,1:修正,,,,,,0051,国分,,,,,,,,,1:後加工,2026/08/31,1:通常,中央物産,,,0,,,,,0:1明細目,,接続：ベージュテープ50mm幅　ぬれ検査頻度：1回/5本　スライス行き,"EC,スライス",200.00,100,1,1,,,50103,トーレペフ Y(工材),1:対象外,0,0.00,200.00,,,,"4,000",0,200.00,20.00,A1O50KGA0100FN1,551,ペフ,50103,トーレペフ Y(工材),,,999999,対象外,,,000001,2製品,02,社外加工,30050-KG00-1000X100FA BK0C,,m,0:自社,,,,済,,,,,,191362J,,6713,池谷 弦紀,06,スキン面,0:なし,0,0
00082355,原反,001,2026/08/10,2026/08/31,2026/08/31,2026/08/31,0:通常,0:通常,01,505101,国分後加工511,000051,国分後加工,049006,東ﾚ(株) 自材部,,,,,,,,,,,,,,,,,,,511101,国分工場01本倉庫,0015,末締,01,東レ本体,0:しない,,,,T8-29,100,,,"4,000",0,0:未完,0:未完,0:通常,1:税抜,0,3:請求合計,1:金額,0:円未満,5:四捨五入,0:切り捨て,9:切り上げ,1:発行済,0:未承認,,0:しない,1:修正,,,,,,0051,国分,,,,,,,,,1:後加工,2026/08/31,1:通常,中央物産,,,0,,,,,0:1明細目,,接続：ベージュテープ50mm幅　ぬれ検査頻度：1回/5本　スライス行き,"EC,スライス",200.00,100,1,1,,,50103,トーレペフ Y(工材),1:対象外,0,0.00,100.00,SG,1021,EC,0,0,0.00,0.00,B1OA0AGA0100FBP,551,ペフ,55109,ﾍﾟﾌ　その他,,,,,,,000003,4原材料,02,社外加工,30100-AG00-1000X100FA BK0C,,m,0:自社,,,,,,,,,,,2026/08/25,6710,池谷 弦紀,,,,0,1
00082356,製品,001,2026/08/10,2026/08/31,2026/08/31,2026/08/31,0:通常,0:通常,01,505101,国分後加工511,000051,国分後加工,049006,東ﾚ(株) 自材部,,,,,,,,,,,,,,,,,,,511101,国分工場01本倉庫,0015,末締,01,東レ本体,0:しない,,,,T8-30,100,,,"6,900",0,0:未完,0:未完,0:通常,1:税抜,0,3:請求合計,1:金額,0:円未満,5:四捨五入,0:切り捨て,9:切り上げ,1:発行済,0:未承認,,0:しない,1:修正,,,,,,0051,国分,,,,,,,,,1:後加工,2026/08/31,1:通常,中央物産,,,0,,,,,0:1明細目,,接続：ベージュテープ50mm幅　ぬれ検査頻度：1回/5本,"EC,分割",400.00,400,2,1,,,50103,トーレペフ Y(工材),1:対象外,0,0.00,300.00,,,,"5,400",0,300.00,18.00,A1O60JGA0100ZN1,551,ペフ,50103,トーレペフ Y(工材),,,999999,対象外,,,000001,2製品,02,社外加工,30060-JG00-1000X100FA    Q,,m,0:自社,,,,済,,,,,,191363A,,6713,池谷 弦紀,02,Ｑ面,0:なし,0,0
00082356,製品,002,2026/08/10,2026/08/31,2026/08/31,2026/08/31,0:通常,0:通常,01,505101,国分後加工511,000051,国分後加工,049006,東ﾚ(株) 自材部,,,,,,,,,,,,,,,,,,,511101,国分工場01本倉庫,0015,末締,01,東レ本体,0:しない,,,,T8-30,100,,,"6,900",0,0:未完,0:未完,0:通常,1:税抜,0,3:請求合計,1:金額,0:円未満,5:四捨五入,0:切り捨て,9:切り上げ,1:発行済,0:未承認,,0:しない,1:修正,,,,,,0051,国分,,,,,,,,,1:後加工,2026/08/31,1:通常,中央物産,,,0,,,,,0:1明細目,,接続：ベージュテープ50mm幅　ぬれ検査頻度：1回/5本,"EC,分割",400.00,400,2,1,,,50103,トーレペフ Y(工材),1:対象外,0,0.00,100.00,,,,"1,500",0,100.00,15.00,A1O60AGA0100FB4,551,ペフ,50103,トーレペフ Y(工材),,,999999,対象外,,,000001,2製品,02,社外加工,30060-AG00-1000X100FA    C,,m,0:自社,,,,済,,,,,,191364V,,6713,池谷 弦紀,,,0:なし,0,0
00082356,原反,001,2026/08/10,2026/08/31,2026/08/31,2026/08/31,0:通常,0:通常,01,505101,国分後加工511,000051,国分後加工,049006,東ﾚ(株) 自材部,,,,,,,,,,,,,,,,,,,511101,国分工場01本倉庫,0015,末締,01,東レ本体,0:しない,,,,T8-30,100,,,"6,900",0,0:未完,0:未完,0:通常,1:税抜,0,3:請求合計,1:金額,0:円未満,5:四捨五入,0:切り捨て,9:切り上げ,1:発行済,0:未承認,,0:しない,1:修正,,,,,,0051,国分,,,,,,,,,1:後加工,2026/08/31,1:通常,中央物産,,,0,,,,,0:1明細目,,接続：ベージュテープ50mm幅　ぬれ検査頻度：1回/5本,"EC,分割",400.00,400,2,1,,,50103,トーレペフ Y(工材),1:対象外,0,0.00,400.00,SG,1021,EC,0,0,0.00,0.00,B1O60AGA0100FN1,551,ペフ,55109,ﾍﾟﾌ　その他,,,,,,,000001,2製品,02,社外加工,30060-AG00-1000X200FA    C,,m,0:自社,,,,,,,,,,,2026/08/20,6710,池谷 弦紀,,,,0,2
00082357,製品,001,2026/08/10,2026/08/28,2026/08/28,2026/08/31,0:通常,0:通常,01,505101,国分後加工511,000051,国分後加工,049006,東ﾚ(株) 自材部,,,,,,,,,,,,,,,,,,,511101,国分工場01本倉庫,0015,末締,01,東レ本体,0:しない,,,,V8-14,100,,,"35,552",0,0:未完,0:未完,0:通常,1:税抜,0,3:請求合計,1:金額,0:円未満,5:四捨五入,0:切り捨て,9:切り上げ,1:発行済,0:未承認,,0:しない,1:修正,,,,,,0051,国分,,,,,,,,,1:後加工,2026/08/28,1:通常,TPI湖南,,,0,,,,,0:1明細目,,ｶｯﾄ長さｾｯﾄ値（目安）925mm,カット,"2,222.00","2,000",1,1,,,50105,トーレペフ V(TPI),1:対象外,0,0.00,"2,222.00",,,,"35,552",0,"2,222.00",16.00,A1P40AYA0090ZN1,551,ペフ,50105,トーレペフ V(TPI),,,999999,対象外,,,000001,2製品,02,社外加工,40040-AY00-1000x90ZA,,枚,0:自社,,,,済,,,,,,191344P,,6713,池谷 弦紀,,,0:なし,0,0
00082357,原反,001,2026/08/10,2026/08/28,2026/08/28,2026/08/31,0:通常,0:通常,01,505101,国分後加工511,000051,国分後加工,049006,東ﾚ(株) 自材部,,,,,,,,,,,,,,,,,,,511101,国分工場01本倉庫,0015,末締,01,東レ本体,0:しない,,,,V8-14,100,,,"35,552",0,0:未完,0:未完,0:通常,1:税抜,0,3:請求合計,1:金額,0:円未満,5:四捨五入,0:切り捨て,9:切り上げ,1:発行済,0:未承認,,0:しない,1:修正,,,,,,0051,国分,,,,,,,,,1:後加工,2026/08/28,1:通常,TPI湖南,,,0,,,,,0:1明細目,,ｶｯﾄ長さｾｯﾄ値（目安）925mm,カット,"2,222.00","2,000",1,1,,,50105,トーレペフ V(TPI),1:対象外,0,0.00,"2,000.00",KN,1041,単板カット機,0,0,0.00,0.00,B1P40AYA0200FN1,551,ペフ,55109,ﾍﾟﾌ　その他,,,,,,,000001,2製品,02,社外加工,40040-AY00-1000X200FA    J,,m,0:自社,,,,,,,,,,,2026/08/19,6710,池谷 弦紀,,,,0,10
00082358,製品,001,2026/08/10,2026/08/28,2026/08/28,2026/08/31,0:通常,0:通常,01,505101,国分後加工511,000051,国分後加工,049006,東ﾚ(株) 自材部,,,,,,,,,,,,,,,,,,,511101,国分工場01本倉庫,0015,末締,01,東レ本体,0:しない,,,,V8-15,100,,,"7,680",0,0:未完,0:未完,0:通常,1:税抜,0,3:請求合計,1:金額,0:円未満,5:四捨五入,0:切り捨て,9:切り上げ,1:発行済,0:未承認,,0:しない,1:修正,,,,,,0051,国分,,,,,,,,,1:後加工,2026/08/28,1:通常,TPI湖南,,,0,,,,,0:1明細目,,ｶｯﾄ長さｾｯﾄ値（目安）1282mm,カット,480.00,600,1,1,320枚梱包＋α,,50105,トーレペフ V(TPI),1:対象外,0,0.00,480.00,,,,"7,680",0,480.00,16.00,A1P40AYA0125ZN1,551,ペフ,50105,トーレペフ V(TPI),,,999999,対象外,,,000001,2製品,02,社外加工,40040-AY00-1000x125ZA,,枚,0:自社,,,,済,,,,,,191342Z,,6713,池谷 弦紀,,,0:なし,0,0
00082358,原反,001,2026/08/10,2026/08/28,2026/08/28,2026/08/31,0:通常,0:通常,01,505101,国分後加工511,000051,国分後加工,049006,東ﾚ(株) 自材部,,,,,,,,,,,,,,,,,,,511101,国分工場01本倉庫,0015,末締,01,東レ本体,0:しない,,,,V8-15,100,,,"7,680",0,0:未完,0:未完,0:通常,1:税抜,0,3:請求合計,1:金額,0:円未満,5:四捨五入,0:切り捨て,9:切り上げ,1:発行済,0:未承認,,0:しない,1:修正,,,,,,0051,国分,,,,,,,,,1:後加工,2026/08/28,1:通常,TPI湖南,,,0,,,,,0:1明細目,,ｶｯﾄ長さｾｯﾄ値（目安）1282mm,カット,480.00,600,1,1,320枚梱包＋α,,50105,トーレペフ V(TPI),1:対象外,0,0.00,600.00,SG,1041,単板カット機,0,0,0.00,0.00,B1P40AYA0200FN1,551,ペフ,55109,ﾍﾟﾌ　その他,,,,,,,000001,2製品,02,社外加工,40040-AY00-1000X200FA    J,,m,0:自社,,,,,,,,,,,2026/08/24,6710,池谷 弦紀,,,,0,3
00082359,製品,001,2026/08/10,2026/08/31,2026/08/31,2026/08/31,0:通常,0:通常,01,505101,国分後加工511,000051,国分後加工,049006,東ﾚ(株) 自材部,,,,,,,,,,,,,,,,,,,511101,国分工場01本倉庫,0015,末締,01,東レ本体,0:しない,,,,V8-16,100,,,"15,232",0,0:未完,0:未完,0:通常,1:税抜,0,3:請求合計,1:金額,0:円未満,5:四捨五入,0:切り捨て,9:切り上げ,1:発行済,0:未承認,,0:しない,1:修正,,,,,,0051,国分,,,,,,,,,1:後加工,2026/08/31,1:通常,TPI湖南,,,0,,,,,0:1明細目,,ｶｯﾄ長さｾｯﾄ値（目安）1075mm,カット,952.00,"1,000",1,1,760枚＋α,,50105,トーレペフ V(TPI),1:対象外,0,0.00,952.00,,,,"15,232",0,952.00,16.00,A1P40AYA0105ZNA,551,ペフ,50105,トーレペフ V(TPI),,,999999,対象外,,,000001,2製品,02,社外加工,40040-AY00-1000x105ZA,,枚,0:自社,,,,済,,,,,,191341H,,6713,池谷 弦紀,,,0:なし,0,0
00082359,原反,001,2026/08/10,2026/08/31,2026/08/31,2026/08/31,0:通常,0:通常,01,505101,国分後加工511,000051,国分後加工,049006,東ﾚ(株) 自材部,,,,,,,,,,,,,,,,,,,511101,国分工場01本倉庫,0015,末締,01,東レ本体,0:しない,,,,V8-16,100,,,"15,232",0,0:未完,0:未完,0:通常,1:税抜,0,3:請求合計,1:金額,0:円未満,5:四捨五入,0:切り捨て,9:切り上げ,1:発行済,0:未承認,,0:しない,1:修正,,,,,,0051,国分,,,,,,,,,1:後加工,2026/08/31,1:通常,TPI湖南,,,0,,,,,0:1明細目,,ｶｯﾄ長さｾｯﾄ値（目安）1075mm,カット,952.00,"1,000",1,1,760枚＋α,,50105,トーレペフ V(TPI),1:対象外,0,0.00,"1,000.00",SG,1041,単板カット機,0,0,0.00,0.00,B1P40AYA0200FN1,551,ペフ,55109,ﾍﾟﾌ　その他,,,,,,,000001,2製品,02,社外加工,40040-AY00-1000X200FA    J,,m,0:自社,,,,,,,,,,,2026/08/24,6710,池谷 弦紀,,,,0,5
00082361,製品,001,2026/08/10,2026/09/07,2026/09/07,2026/08/31,0:通常,0:通常,01,505101,国分後加工511,000051,国分後加工,049006,東ﾚ(株) 自材部,,,,,,,,,,,,,,,,,,,511101,国分工場01本倉庫,0015,末締,01,東レ本体,0:しない,,,,V8-17,100,,,"4,400",0,0:未完,0:未完,0:通常,1:税抜,0,3:請求合計,1:金額,0:円未満,5:四捨五入,0:切り捨て,9:切り上げ,0:未発行,0:未承認,,0:しない,1:修正,,,,,,0051,国分,,,,,,,,,1:後加工,2026/09/07,1:通常,TPI湖南,,,0,,,,,0:1明細目,,,スライス,400.00,200,1,1,,,50103,トーレペフ Y(工材),1:対象外,0,0.00,400.00,,,,"4,400",0,400.00,11.00,A1O20BGA5200FG3,551,ペフ,50103,トーレペフ Y(工材),,,999999,対象外,,,000001,2製品,02,社外加工,30020-BG20-1050X200F-AGA0U,,m,0:自社,,,,済,,,,,,,,6713,池谷 弦紀,,,0:なし,0,0
00082361,原反,001,2026/08/10,2026/09/07,2026/09/07,2026/08/31,0:通常,0:通常,01,505101,国分後加工511,000051,国分後加工,049006,東ﾚ(株) 自材部,,,,,,,,,,,,,,,,,,,511101,国分工場01本倉庫,0015,末締,01,東レ本体,0:しない,,,,V8-17,100,,,"4,400",0,0:未完,0:未完,0:通常,1:税抜,0,3:請求合計,1:金額,0:円未満,5:四捨五入,0:切り捨て,9:切り上げ,0:未発行,0:未承認,,0:しない,1:修正,,,,,,0051,国分,,,,,,,,,1:後加工,2026/09/07,1:通常,TPI湖南,,,0,,,,,0:1明細目,,,スライス,400.00,200,1,1,,,50103,トーレペフ Y(工材),1:対象外,0,0.00,200.00,SG,1022,スライス機3,0,0,0.00,0.00,B1O40AGA5200FG3,551,ペフ,50106,トーレペフ T(工材),,,,,,,000003,4原材料,02,社外加工,30040-AG20-1050X200FA GA0U,,m,0:自社,,,,,,,,,,,2026/09/01,6710,池谷 弦紀,,,,0,1
00082362,製品,001,2026/08/10,2026/08/27,2026/08/27,2026/08/31,0:通常,0:通常,01,505101,国分後加工511,000051,国分後加工,049006,東ﾚ(株) 自材部,,,,,,,,,,,,,,,,,,,511101,国分工場01本倉庫,0015,末締,01,東レ本体,0:しない,,,,V8-18,100,,,"4,400",0,0:未完,0:未完,0:通常,1:税抜,0,3:請求合計,1:金額,0:円未満,5:四捨五入,0:切り捨て,9:切り上げ,1:発行済,0:未承認,,0:しない,1:修正,,,,,,0051,国分,,,,,,,,,1:後加工,2026/08/27,1:通常,TPI湖南,,,0,,,,,0:1明細目,,,スライス,400.00,200,1,1,,,50105,トーレペフ V(TPI),1:対象外,0,0.00,400.00,,,,"4,400",0,400.00,11.00,A1O15BTA0200FN1,551,ペフ,50105,トーレペフ V(TPI),,,999999,対象外,,,000001,2製品,02,社外加工,30015-BT60-1000x200FA   C,,m,0:自社,,,,済,,,,,,191340M,,6783,池谷 弦紀,,,0:なし,0,0
00082362,原反,001,2026/08/10,2026/08/27,2026/08/27,2026/08/31,0:通常,0:通常,01,505101,国分後加工511,000051,国分後加工,049006,東ﾚ(株) 自材部,,,,,,,,,,,,,,,,,,,511101,国分工場01本倉庫,0015,末締,01,東レ本体,0:しない,,,,V8-18,100,,,"4,400",0,0:未完,0:未完,0:通常,1:税抜,0,3:請求合計,1:金額,0:円未満,5:四捨五入,0:切り捨て,9:切り上げ,1:発行済,0:未承認,,0:しない,1:修正,,,,,,0051,国分,,,,,,,,,1:後加工,2026/08/27,1:通常,TPI湖南,,,0,,,,,0:1明細目,,,スライス,400.00,200,1,1,,,50105,トーレペフ V(TPI),1:対象外,0,0.00,200.00,SG,1022,スライス機3,0,0,0.00,0.00,B1O30ATA0200FN1,551,ペフ,55109,ﾍﾟﾌ　その他,,,,,,,000001,2製品,02,社外加工,30030-AT60-1000X200FA    C,,m,0:自社,,,,,,,,,,,2026/08/21,6780,池谷 弦紀,,,,0,1
00082363,製品,001,2026/08/10,2026/08/31,2026/08/31,2026/08/31,0:通常,0:通常,01,505101,国分後加工511,000051,国分後加工,049006,東ﾚ(株) 自材部,,,,,,,,,,,,,,,,,,,511101,国分工場01本倉庫,0015,末締,01,東レ本体,0:しない,,,,Y8-112,100,,,"291,200",0,0:未完,0:未完,0:通常,1:税抜,0,3:請求合計,1:金額,0:円未満,5:四捨五入,0:切り捨て,9:切り上げ,1:発行済,0:未承認,,0:しない,1:修正,,,,,,0051,国分,,,,,,,,,1:後加工,2026/08/31,1:通常,DIC,,,0,,,,,0:1明細目,DIC用ﾊﾞｰｺｰﾄﾞﾗﾍﾞﾙ添付。検査表提出。,ＬＡＣ行き,"スライス,LAC,検反","3,200.00","1,600",1,1,"試験成績書発行
DIC用バーコードラベル貼付",,50103,トーレペフ Y(工材),1:対象外,0,0.00,"3,200.00",,,,"291,200",0,"3,200.00",91.00,A1A11NLA0200FB4,551,ペフ,50103,トーレペフ Y(工材),,,999999,対象外,,,000001,2製品,02,社外加工,8H011-NL00-1000x200FABK0C,,m,0:自社,,,,済,,,,,,191346A,,6713,池谷 弦紀,01,両面,0:なし,0,0
00082363,原反,001,2026/08/10,2026/08/31,2026/08/31,2026/08/31,0:通常,0:通常,01,505101,国分後加工511,000051,国分後加工,049006,東ﾚ(株) 自材部,,,,,,,,,,,,,,,,,,,511101,国分工場01本倉庫,0015,末締,01,東レ本体,0:しない,,,,Y8-112,100,,,"291,200",0,0:未完,0:未完,0:通常,1:税抜,0,3:請求合計,1:金額,0:円未満,5:四捨五入,0:切り捨て,9:切り上げ,1:発行済,0:未承認,,0:しない,1:修正,,,,,,0051,国分,,,,,,,,,1:後加工,2026/08/31,1:通常,DIC,,,0,,,,,0:1明細目,DIC用ﾊﾞｰｺｰﾄﾞﾗﾍﾞﾙ添付。検査表提出。,ＬＡＣ行き,"スライス,LAC,検反","3,200.00","1,600",1,1,"試験成績書発行
DIC用バーコードラベル貼付",,50103,トーレペフ Y(工材),1:対象外,0,0.00,"1,600.00",SG,1022,スライス機3,0,0,0.00,0.00,B1A28AMB0200FB4,551,ペフ,55109,ﾍﾟﾌ　その他,,,,,,,000001,2製品,02,社外加工,10028-AM00-1100X200FA BK0C,,m,0:自社,,,,,,,,,,,2026/08/21,6710,池谷 弦紀,,,,0,8
00082364,製品,001,2026/08/10,2026/08/11,2026/08/11,2026/08/31,0:通常,0:通常,01,505201,湖南52,000052,湖南工場,049006,東ﾚ(株) 自材部,,,,,,,,,,,,,,,,,,,520201,湖南工場01本倉庫,0015,末締,01,東レ本体,0:しない,,,,C8-3-1,100,,,"12,000",0,1:完了,1:完了,0:通常,1:税抜,0,3:請求合計,1:金額,0:円未満,5:四捨五入,0:切り捨て,9:切り上げ,1:発行済,0:未承認,,0:しない,1:修正,,,,,,,,,,,,,,,,1:後加工,2026/08/11,1:通常,,,,0,,,,,0:1明細目,,,"SEC,スリット",400.00,0,1,1,,,50103,トーレペフ Y(工材),1:対象外,0,0.00,400.00,,,,"12,000",0,400.00,30.00,A2P408Y68200FG4,551,ペフ,50103,トーレペフ Y(工材),,,,,,,000001,2製品,02,社外加工,0R040-8Y0B- 680X200F-AGA1C,,M,0:自社,,,,済,済,2026/08/18,2026/08/18,2026/08/18,2026/08/18,191525V,,6713,古家 淳子,,,1:あり,0,0
00082364,原反,001,2026/08/10,2026/08/11,2026/08/11,2026/08/31,0:通常,0:通常,01,505201,湖南52,000052,湖南工場,049006,東ﾚ(株) 自材部,,,,,,,,,,,,,,,,,,,520201,湖南工場01本倉庫,0015,末締,01,東レ本体,0:しない,,,,C8-3-1,100,,,"12,000",0,1:完了,1:完了,0:通常,1:税抜,0,3:請求合計,1:金額,0:円未満,5:四捨五入,0:切り捨て,9:切り上げ,1:発行済,0:未承認,,0:しない,1:修正,,,,,,,,,,,,,,,,1:後加工,2026/08/11,1:通常,,,,0,,,,,0:1明細目,,,"SEC,スリット",400.00,0,1,1,,,50103,トーレペフ Y(工材),1:対象外,0,0.00,0.00,S ,2014,SEC機　湖南,0,0,0.00,0.00,B2Q60AY87200FG4,551,ペフ,55109,ﾍﾟﾌ　その他,,,,,,,000001,2製品,02,社外加工,50080-AY0B- 870X200F-AGA1C,,M,0:自社,,,,,,,,,,,2026/08/05,6710,古家 淳子,,,,0,0
00082365,製品,001,2026/08/10,2026/08/31,2026/08/31,2026/08/31,0:通常,0:通常,01,505101,国分後加工511,000051,国分後加工,049006,東ﾚ(株) 自材部,,,,,,,,,,,,,,,,,,,511101,国分工場01本倉庫,0015,末締,01,東レ本体,0:しない,,,,V8-20,100,,,"41,800",0,0:未完,0:未完,0:通常,1:税抜,0,3:請求合計,1:金額,0:円未満,5:四捨五入,0:切り捨て,9:切り上げ,1:発行済,0:未承認,,0:しない,1:修正,,,,,,0051,国分,,,,,,,,,1:後加工,2026/08/31,1:通常,TPI湖南,,,0,,,,,0:1明細目,,,スライス,"3,800.00","1,900",1,1,つなぎなし,,50103,トーレペフ Y(工材),1:対象外,0,0.00,"3,800.00",,,,"41,800",0,"3,800.00",11.00,A1O30BGA0100FNA,551,ペフ,50103,トーレペフ Y(工材),,,999999,対象外,,,000001,2製品,02,社外加工,30030-BG00-1000X100FA BK0C,原反10mm 3mm/7mm,m,0:自社,,,,済,,,,,,191339S,,6713,池谷 弦紀,,,0:なし,0,0
00082365,原反,001,2026/08/10,2026/08/31,2026/08/31,2026/08/31,0:通常,0:通常,01,505101,国分後加工511,000051,国分後加工,049006,東ﾚ(株) 自材部,,,,,,,,,,,,,,,,,,,511101,国分工場01本倉庫,0015,末締,01,東レ本体,0:しない,,,,V8-20,100,,,"41,800",0,0:未完,0:未完,0:通常,1:税抜,0,3:請求合計,1:金額,0:円未満,5:四捨五入,0:切り捨て,9:切り上げ,1:発行済,0:未承認,,0:しない,1:修正,,,,,,0051,国分,,,,,,,,,1:後加工,2026/08/31,1:通常,TPI湖南,,,0,,,,,0:1明細目,,,スライス,"3,800.00","1,900",1,1,つなぎなし,,50103,トーレペフ Y(工材),1:対象外,0,0.00,"1,900.00",SG,1011,スライス機1,0,0,0.00,0.00,B1OA0AGA0100FN1,551,ペフ,55109,ﾍﾟﾌ　その他,,,,,,,000001,2製品,02,社外加工,30060-AG00-1000X100FA BK0C,,m,0:自社,,,,,,,,,,,2026/08/24,6710,池谷 弦紀,,,,0,19
00082366,製品,001,2026/08/10,2026/09/02,2026/09/02,2026/08/31,0:通常,0:通常,01,505101,国分後加工511,000051,国分後加工,049006,東ﾚ(株) 自材部,,,,,,,,,,,,,,,,,,,511101,国分工場01本倉庫,0015,末締,01,東レ本体,0:しない,,,,Y8-114,100,,,"4,800",0,0:未完,0:未完,0:通常,1:税抜,0,3:請求合計,1:金額,0:円未満,5:四捨五入,0:切り捨て,9:切り上げ,1:発行済,0:未承認,,0:しない,1:修正,,,,,,0051,国分,,,,,,,,,1:後加工,2026/09/02,1:通常,ベルテクノプラント,,,0,,,,,0:1明細目,R-A遮光フィルムバラ梱包,,カット,300.00,315,1,1,"R-A遮光フィルムバラ梱包
200枚＋αで梱包お願いします",,50103,トーレペフ Y(工材),1:対象外,0,0.00,300.00,,,,"4,800",0,300.00,16.00,A1PA0AGA8105RN1,551,ペフ,50103,トーレペフ Y(工材),,,999999,対象外,,,000001,2製品,02,社外加工,40100-AG00-1080X105RA ,,枚,0:自社,,,,済,,,,,,191349K,,6713,池谷 弦紀,,,0:なし,0,0
00082366,原反,001,2026/08/10,2026/09/02,2026/09/02,2026/08/31,0:通常,0:通常,01,505101,国分後加工511,000051,国分後加工,049006,東ﾚ(株) 自材部,,,,,,,,,,,,,,,,,,,511101,国分工場01本倉庫,0015,末締,01,東レ本体,0:しない,,,,Y8-114,100,,,"4,800",0,0:未完,0:未完,0:通常,1:税抜,0,3:請求合計,1:金額,0:円未満,5:四捨五入,0:切り捨て,9:切り上げ,1:発行済,0:未承認,,0:しない,1:修正,,,,,,0051,国分,,,,,,,,,1:後加工,2026/09/02,1:通常,ベルテクノプラント,,,0,,,,,0:1明細目,R-A遮光フィルムバラ梱包,,カット,300.00,315,1,1,"R-A遮光フィルムバラ梱包
200枚＋αで梱包お願いします",,50103,トーレペフ Y(工材),1:対象外,0,0.00,315.00,SG,1041,単板カット機,0,0,0.00,0.00,B1PA0AGA8105FN1,551,ペフ,55109,ﾍﾟﾌ　その他,,,999999,対象外,,,000001,2製品,02,社外加工,40100-AG00-1080X105FA    F,,m,0:自社,,,,,,,,,,,2026/08/26,6710,池谷 弦紀,,,,0,3
00082367,製品,001,2026/08/10,2026/08/28,2026/08/28,2026/08/31,0:通常,0:通常,01,505101,国分後加工511,000051,国分後加工,049006,東ﾚ(株) 自材部,,,,,,,,,,,,,,,,,,,511101,国分工場01本倉庫,0015,末締,01,東レ本体,0:しない,,,,Y8-115,100,,,"79,800",0,0:未完,0:未完,0:通常,1:税抜,0,3:請求合計,1:金額,0:円未満,5:四捨五入,0:切り捨て,9:切り上げ,1:発行済,0:未承認,,0:しない,1:修正,,,,,,0051,国分,,,,,,,,,1:後加工,2026/08/28,1:通常,ベルテクノプラント,,,0,,,,,0:1明細目,,熱風設定温度(上下)：夏季330℃、冬季340℃,融着,760.00,"1,680",1,2,"R-A遮光フィルムバラ梱包
梱包(95枚×7+αで梱包お願いします）",,50103,トーレペフ Y(工材),1:対象外,0,0.00,760.00,,,,"79,800",0,760.00,105.00,A1PK0DGA5105RN1,551,ペフ,50103,トーレペフ Y(工材),,,999999,対象外,,,000001,2製品,02,社外加工,40200-DG00-1050X105RA ,,枚,0:自社,,,,済,,,,,,191351W,,6713,池谷 弦紀,,,1:あり,2,0
00082367,原反,001,2026/08/10,2026/08/28,2026/08/28,2026/08/31,0:通常,0:通常,01,505101,国分後加工511,000051,国分後加工,049006,東ﾚ(株) 自材部,,,,,,,,,,,,,,,,,,,511101,国分工場01本倉庫,0015,末締,01,東レ本体,0:しない,,,,Y8-115,100,,,"79,800",0,0:未完,0:未完,0:通常,1:税抜,0,3:請求合計,1:金額,0:円未満,5:四捨五入,0:切り捨て,9:切り上げ,1:発行済,0:未承認,,0:しない,1:修正,,,,,,0051,国分,,,,,,,,,1:後加工,2026/08/28,1:通常,ベルテクノプラント,,,0,,,,,0:1明細目,,熱風設定温度(上下)：夏季330℃、冬季340℃,融着,760.00,"1,680",1,2,"R-A遮光フィルムバラ梱包
梱包(95枚×7+αで梱包お願いします）",,50103,トーレペフ Y(工材),1:対象外,0,0.00,735.00,SG,1121,融着機,0,0,0.00,0.00,B1PA0AGA8105FN1,551,ペフ,55109,ﾍﾟﾌ　その他,,,999999,対象外,,,000001,2製品,02,社外加工,40100-AG00-1080X105FA    F,,m,0:自社,,,,,,,,,,,2026/08/24,6710,池谷 弦紀,,,,0,7
00082367,原反,002,2026/08/10,2026/08/28,2026/08/28,2026/08/31,0:通常,0:通常,01,505101,国分後加工511,000051,国分後加工,049006,東ﾚ(株) 自材部,,,,,,,,,,,,,,,,,,,511101,国分工場01本倉庫,0015,末締,01,東レ本体,0:しない,,,,Y8-115,100,,,"79,800",0,0:未完,0:未完,0:通常,1:税抜,0,3:請求合計,1:金額,0:円未満,5:四捨五入,0:切り捨て,9:切り上げ,1:発行済,0:未承認,,0:しない,1:修正,,,,,,0051,国分,,,,,,,,,1:後加工,2026/08/28,1:通常,ベルテクノプラント,,,0,,,,,0:1明細目,,熱風設定温度(上下)：夏季330℃、冬季340℃,融着,760.00,"1,680",1,2,"R-A遮光フィルムバラ梱包
梱包(95枚×7+αで梱包お願いします）",,50103,トーレペフ Y(工材),1:対象外,0,0.00,945.00,SG,1121,融着機,0,0,0.00,0.00,B1PA0AGA8105FN1,551,ペフ,55109,ﾍﾟﾌ　その他,,,999999,対象外,,,000001,2製品,02,社外加工,40100-AG00-1080X105FA    C,,m,0:自社,,,,,,,,,,,2026/08/24,6710,池谷 弦紀,,,,0,9
00082368,製品,001,2026/08/10,2026/08/20,2026/08/20,2026/08/31,0:通常,0:通常,01,505201,湖南52,000052,湖南工場,049006,東ﾚ(株) 自材部,,,,,,,,,,,,,,,,,,,520201,湖南工場01本倉庫,0015,末締,01,東レ本体,0:しない,,,,W7-22-1,100,,,"211,200",0,1:完了,1:完了,0:通常,1:税抜,0,3:請求合計,1:金額,0:円未満,5:四捨五入,0:切り捨て,9:切り上げ,1:発行済,0:未承認,,0:しない,1:修正,,,,,,,,,,,,,,,,1:後加工,2026/08/20,1:通常,共和ﾚｻﾞｰ,,,0,,,,,0:1明細目,,,"検反,EC","3,300.00",0,1,1,"欠点個数確認チェックラベル◎
確認済明記
検反済み明記
再ＥＣ",,50101,トーレペフ W(自材),1:対象外,0,0.00,"3,300.00",,,,"211,200",0,"3,300.00",64.00,A2F20JX77300FN1,551,ペフ,50101,トーレペフ W(自材),,,,,,,000001,2製品,02,社外加工,15020-JX5R- 770X300F-A   R,,M,0:自社,,,,済,済,2026/08/18,2026/08/18,2026/08/18,2026/08/18,190764G,,6785,古家 淳子,03,Ｈ面,0:なし,0,0
00082368,原反,001,2026/08/10,2026/08/20,2026/08/20,2026/08/31,0:通常,0:通常,01,505201,湖南52,000052,湖南工場,049006,東ﾚ(株) 自材部,,,,,,,,,,,,,,,,,,,520201,湖南工場01本倉庫,0015,末締,01,東レ本体,0:しない,,,,W7-22-1,100,,,"211,200",0,1:完了,1:完了,0:通常,1:税抜,0,3:請求合計,1:金額,0:円未満,5:四捨五入,0:切り捨て,9:切り上げ,1:発行済,0:未承認,,0:しない,1:修正,,,,,,,,,,,,,,,,1:後加工,2026/08/20,1:通常,共和ﾚｻﾞｰ,,,0,,,,,0:1明細目,,,"検反,EC","3,300.00",0,1,1,"欠点個数確認チェックラベル◎
確認済明記
検反済み明記
再ＥＣ",,50101,トーレペフ W(自材),0:対象,0,0.00,0.00,K ,2021,熱融着機　湖南,0,0,0.00,0.00,B2F25JX77300FN1,551,ペフ,50101,トーレペフ W(自材),,,,,,,000001,2製品,02,社外加工,15020-JX5R- 770X300F-A   R,,,0:自社,,,,,,,,,,,2026/08/03,6783,古家 淳子,,,,0,0
00082369,製品,001,2026/08/10,2026/08/28,2026/08/28,2026/08/31,0:通常,0:通常,01,505101,国分後加工511,000051,国分後加工,049006,東ﾚ(株) 自材部,,,,,,,,,,,,,,,,,,,511101,国分工場01本倉庫,0015,末締,01,東レ本体,0:しない,,,,Y8-116,100,,,"83,790",0,0:未完,0:未完,0:通常,1:税抜,0,3:請求合計,1:金額,0:円未満,5:四捨五入,0:切り捨て,9:切り上げ,1:発行済,0:未承認,,0:しない,1:修正,,,,,,0051,国分,,,,,,,,,1:後加工,2026/08/28,1:通常,ベルテクノプラント,,,0,,,,,0:1明細目,,熱風温度上下：夏季340℃、冬季350℃,融着,665.00,"2,205",1,1,"R-A遮光フィルムバラ梱包
梱包：95枚×6+aで梱包お願いします",,50103,トーレペフ Y(工材),1:対象外,0,0.00,665.00,,,,"83,790",0,665.00,126.00,A1PADDGA4105RN1,551,ペフ,50103,トーレペフ Y(工材),,,999999,対象外,,,000001,2製品,02,社外加工,40300-DG00-1040X105RA ,,枚,0:自社,,,,済,,,,,,191350F,,6713,池谷 弦紀,,,1:あり,3,0
00082369,原反,001,2026/08/10,2026/08/28,2026/08/28,2026/08/31,0:通常,0:通常,01,505101,国分後加工511,000051,国分後加工,049006,東ﾚ(株) 自材部,,,,,,,,,,,,,,,,,,,511101,国分工場01本倉庫,0015,末締,01,東レ本体,0:しない,,,,Y8-116,100,,,"83,790",0,0:未完,0:未完,0:通常,1:税抜,0,3:請求合計,1:金額,0:円未満,5:四捨五入,0:切り捨て,9:切り上げ,1:発行済,0:未承認,,0:しない,1:修正,,,,,,0051,国分,,,,,,,,,1:後加工,2026/08/28,1:通常,ベルテクノプラント,,,0,,,,,0:1明細目,,熱風温度上下：夏季340℃、冬季350℃,融着,665.00,"2,205",1,1,"R-A遮光フィルムバラ梱包
梱包：95枚×6+aで梱包お願いします",,50103,トーレペフ Y(工材),1:対象外,0,0.00,"2,205.00",SG,1121,融着機,0,0,0.00,0.00,B1PA0AGA8105FN1,551,ペフ,55109,ﾍﾟﾌ　その他,,,999999,対象外,,,000001,2製品,02,社外加工,40100-AG00-1080X105FA    C,,m,0:自社,,,,,,,,,,,2026/08/19,6710,池谷 弦紀,,,,0,21
00082370,製品,001,2026/08/10,2026/08/20,2026/08/20,2026/08/31,0:通常,0:通常,01,505201,湖南52,000052,湖南工場,049006,東ﾚ(株) 自材部,,,,,,,,,,,,,,,,,,,520201,湖南工場01本倉庫,0015,末締,01,東レ本体,0:しない,,,,W7-23-1,100,,,"19,200",0,1:完了,1:完了,0:通常,1:税抜,0,3:請求合計,1:金額,0:円未満,5:四捨五入,0:切り捨て,9:切り上げ,1:発行済,0:未承認,,0:しない,1:修正,,,,,,,,,,,,,,,,1:後加工,2026/08/20,1:通常,共和ﾚｻﾞｰ,,,0,,,,,0:1明細目,,,"検反,EC",300.00,0,1,1,"欠点個数確認チェックラベル◎
確認済明記
検反済み明記
再ＥＣ",,50101,トーレペフ W(自材),1:対象外,0,0.00,300.00,,,,"19,200",0,300.00,64.00,A2F20JX77300FN1,551,ペフ,50101,トーレペフ W(自材),,,,,,,000001,2製品,02,社外加工,15020-JX5R- 770X290F-A   R,,M,0:自社,,,,済,済,2026/08/18,2026/08/18,2026/08/18,2026/08/18,191527K,,6785,古家 淳子,03,Ｈ面,0:なし,0,0
00082370,原反,001,2026/08/10,2026/08/20,2026/08/20,2026/08/31,0:通常,0:通常,01,505201,湖南52,000052,湖南工場,049006,東ﾚ(株) 自材部,,,,,,,,,,,,,,,,,,,520201,湖南工場01本倉庫,0015,末締,01,東レ本体,0:しない,,,,W7-23-1,100,,,"19,200",0,1:完了,1:完了,0:通常,1:税抜,0,3:請求合計,1:金額,0:円未満,5:四捨五入,0:切り捨て,9:切り上げ,1:発行済,0:未承認,,0:しない,1:修正,,,,,,,,,,,,,,,,1:後加工,2026/08/20,1:通常,共和ﾚｻﾞｰ,,,0,,,,,0:1明細目,,,"検反,EC",300.00,0,1,1,"欠点個数確認チェックラベル◎
確認済明記
検反済み明記
再ＥＣ",,50101,トーレペフ W(自材),0:対象,0,0.00,0.00,K ,2021,熱融着機　湖南,0,0,0.00,0.00,B2F25JX77300FN1,551,ペフ,50101,トーレペフ W(自材),,,,,,,000001,2製品,02,社外加工,15020-JX5R- 770X290F-A   R,,,0:自社,,,,,,,,,,,2026/08/03,6783,古家 淳子,,,,0,0
00082371,製品,001,2026/08/10,2026/09/04,2026/09/04,2026/08/31,0:通常,0:通常,01,505101,国分後加工511,000051,国分後加工,049006,東ﾚ(株) 自材部,,,,,,,,,,,,,,,,,,,511101,国分工場01本倉庫,0015,末締,01,東レ本体,0:しない,,,,Y8-113,100,,,"17,100",0,0:未完,0:未完,0:通常,1:税抜,0,3:請求合計,1:金額,0:円未満,5:四捨五入,0:切り捨て,9:切り上げ,1:発行済,0:未承認,,0:しない,1:修正,,,,,,0051,国分,,,,,,,,,1:後加工,2026/09/04,1:通常,共同技研,,,0,,,,,0:1明細目,,"紙管：挿入有:3x10x1020(通い)　　無:3x3x1000　梱包仕様：紙,ﾌｲﾙﾑ　厚みサンプル：毎ﾛｰﾙ40cm　ぬれ検査頻度：1回/5本",LAC,300.00,300,1,1,,,50103,トーレペフ Y(工材),1:対象外,0,0.00,300.00,,,,"17,100",0,300.00,57.00,A1707NC98300FN1,551,ペフ,50103,トーレペフ Y(工材),,,999999,対象外,,,000001,2製品,02,社外加工,5Z007-NC00-980X300FA   C,,m,0:自社,,,,済,,,,,,191348B,,6713,池谷 弦紀,01,両面,0:なし,0,0
00082371,原反,001,2026/08/10,2026/09/04,2026/09/04,2026/08/31,0:通常,0:通常,01,505101,国分後加工511,000051,国分後加工,049006,東ﾚ(株) 自材部,,,,,,,,,,,,,,,,,,,511101,国分工場01本倉庫,0015,末締,01,東レ本体,0:しない,,,,Y8-113,100,,,"17,100",0,0:未完,0:未完,0:通常,1:税抜,0,3:請求合計,1:金額,0:円未満,5:四捨五入,0:切り捨て,9:切り上げ,1:発行済,0:未承認,,0:しない,1:修正,,,,,,0051,国分,,,,,,,,,1:後加工,2026/09/04,1:通常,共同技研,,,0,,,,,0:1明細目,,"紙管：挿入有:3x10x1020(通い)　　無:3x3x1000　梱包仕様：紙,ﾌｲﾙﾑ　厚みサンプル：毎ﾛｰﾙ40cm　ぬれ検査頻度：1回/5本",LAC,300.00,300,1,1,,,50103,トーレペフ Y(工材),1:対象外,0,0.00,300.00,SG,1013,LAC/EC機,0,0,0.00,0.00,B1711AZB0300FN1,551,ペフ,55109,ﾍﾟﾌ　その他,,,,,,,000001,2製品,02,社外加工,07011-AZ00-1100X300FA    C,,m,0:自社,,,,,,,,,,,2026/09/01,6710,池谷 弦紀,,,,0,1
00082372,製品,001,2026/08/10,2026/09/04,2026/09/04,2026/08/31,0:通常,0:通常,01,505101,国分後加工511,000051,国分後加工,049006,東ﾚ(株) 自材部,,,,,,,,,,,,,,,,,,,511101,国分工場01本倉庫,0015,末締,01,東レ本体,0:しない,,,,V8-19,100,,,"28,432",0,0:未完,0:未完,0:通常,1:税抜,0,3:請求合計,1:金額,0:円未満,5:四捨五入,0:切り捨て,9:切り上げ,1:発行済,0:未承認,,0:しない,1:修正,,,,,,0051,国分,,,,,,,,,1:後加工,2026/09/04,1:通常,TPI湖南,,,0,,,,,0:1明細目,,ｶｯﾄ長さｾｯﾄ値（目安）925mm,カット,"1,777.00","1,600",1,1,,,50105,トーレペフ V(TPI),1:対象外,0,0.00,"1,777.00",,,,"28,432",0,"1,777.00",16.00,A1P40AYA0090ZN1,551,ペフ,50105,トーレペフ V(TPI),,,999999,対象外,,,000001,2製品,02,社外加工,40040-AY00-1000x90ZA,,枚,0:自社,,,,済,,,,,,191347V,,6713,池谷 弦紀,,,0:なし,0,0
00082372,原反,001,2026/08/10,2026/09/04,2026/09/04,2026/08/31,0:通常,0:通常,01,505101,国分後加工511,000051,国分後加工,049006,東ﾚ(株) 自材部,,,,,,,,,,,,,,,,,,,511101,国分工場01本倉庫,0015,末締,01,東レ本体,0:しない,,,,V8-19,100,,,"28,432",0,0:未完,0:未完,0:通常,1:税抜,0,3:請求合計,1:金額,0:円未満,5:四捨五入,0:切り捨て,9:切り上げ,1:発行済,0:未承認,,0:しない,1:修正,,,,,,0051,国分,,,,,,,,,1:後加工,2026/09/04,1:通常,TPI湖南,,,0,,,,,0:1明細目,,ｶｯﾄ長さｾｯﾄ値（目安）925mm,カット,"1,777.00","1,600",1,1,,,50105,トーレペフ V(TPI),1:対象外,0,0.00,"1,600.00",SG,1041,単板カット機,0,0,0.00,0.00,B1P40AYA0200FN1,551,ペフ,55109,ﾍﾟﾌ　その他,,,,,,,000001,2製品,02,社外加工,40040-AY00-1000X200FA    J,,m,0:自社,,,,,,,,,,,2026/08/27,6710,池谷 弦紀,,,,0,8
00082374,製品,001,2026/08/10,2026/08/28,2026/08/28,2026/08/31,0:通常,0:通常,01,105501,営業55,000567,佐藤 久美子,900001,本多産業向け在庫(30020･30030BK,本多産業向け在庫(30020･30030BK,,,,,,,,000331,長岡産業(株)大石　配送課,長岡産業株式会社,　大石第２工場　配送課,520-2263,滋賀県大津市大石中6-2-13,,,077-546-7200,077-536-3010,511101,国分工場01本倉庫,,,03,その他,1:する,1:御中,1:する,2:様,,700,,,0,0,0:未完,0:未完,0:通常,1:税抜,0,1:伝票明細,1:金額,0:円未満,0:切り捨て,0:切り捨て,0:切り捨て,1:発行済,0:未承認,,0:しない,1:修正,,,,,,0001,京滋便,,,★スライス面が巻外になるように巻いて下さい　　　※製品1はｺｰﾄﾞがないため打ち換え,再２）★当原反の品質保証(製造ﾛｯﾄ･外観品位)に関する責任は営業部に帰属します,,,,,2:自社,,1:通常,,,,0,,,,,0:1明細目,,,スライス,800.00,400,2,1,★スライス面面が巻外になるように巻いて下さい,,55105,ﾍﾟﾌ　問屋,1:対象外,0,0.00,400.00,,,,0,0,400.00,0.00,A5O30BGA0100FB4,551,ペフ,55105,ﾍﾟﾌ　問屋,,,430500,加工-売上,,,000001,2製品,02,社外加工,ﾄｰﾚﾍﾟﾌ 30030-BG00-1030X200F-ABK0 H,,m,0:自社,,,,済,,,,,,,,KAKO,菱田 昌美,,,0:なし,0,0
00082374,製品,002,2026/08/10,2026/08/28,2026/08/28,2026/08/31,0:通常,0:通常,01,105501,営業55,000567,佐藤 久美子,900001,本多産業向け在庫(30020･30030BK,本多産業向け在庫(30020･30030BK,,,,,,,,000331,長岡産業(株)大石　配送課,長岡産業株式会社,　大石第２工場　配送課,520-2263,滋賀県大津市大石中6-2-13,,,077-546-7200,077-536-3010,511101,国分工場01本倉庫,,,03,その他,1:する,1:御中,1:する,2:様,,700,,,0,0,0:未完,0:未完,0:通常,1:税抜,0,1:伝票明細,1:金額,0:円未満,0:切り捨て,0:切り捨て,0:切り捨て,1:発行済,0:未承認,,0:しない,1:修正,,,,,,0001,京滋便,,,★スライス面が巻外になるように巻いて下さい　　　※製品1はｺｰﾄﾞがないため打ち換え,再２）★当原反の品質保証(製造ﾛｯﾄ･外観品位)に関する責任は営業部に帰属します,,,,,2:自社,,1:通常,,,,0,,,,,0:1明細目,,,スライス,800.00,400,2,1,★スライス面面が巻外になるように巻いて下さい,,55105,ﾍﾟﾌ　問屋,1:対象外,0,0.00,400.00,,,,0,0,400.00,0.00,A5O20BGA3200FBP,551,ペフ,55105,ﾍﾟﾌ　問屋,,,430500,加工-売上,,,000001,2製品,02,社外加工,ﾄｰﾚﾍﾟﾌ 30020-BG00-1030X200F-ABK0 Q,,ｍ,0:自社,,,,済,,,,,,,,KAKO,菱田 昌美,,,0:なし,0,0
00082374,原反,001,2026/08/10,2026/08/28,2026/08/28,2026/08/31,0:通常,0:通常,01,105501,営業55,000567,佐藤 久美子,900001,本多産業向け在庫(30020･30030BK,本多産業向け在庫(30020･30030BK,,,,,,,,000331,長岡産業(株)大石　配送課,長岡産業株式会社,　大石第２工場　配送課,520-2263,滋賀県大津市大石中6-2-13,,,077-546-7200,077-536-3010,511101,国分工場01本倉庫,,,03,その他,1:する,1:御中,1:する,2:様,,700,,,0,0,0:未完,0:未完,0:通常,1:税抜,0,1:伝票明細,1:金額,0:円未満,0:切り捨て,0:切り捨て,0:切り捨て,1:発行済,0:未承認,,0:しない,1:修正,,,,,,0001,京滋便,,,★スライス面が巻外になるように巻いて下さい　　　※製品1はｺｰﾄﾞがないため打ち換え,再２）★当原反の品質保証(製造ﾛｯﾄ･外観品位)に関する責任は営業部に帰属します,,,,,2:自社,,1:通常,,,,0,,,,,0:1明細目,,,スライス,800.00,400,2,1,★スライス面面が巻外になるように巻いて下さい,,55105,ﾍﾟﾌ　問屋,1:対象外,0,0.00,400.00,EI,1022,スライス機3,0,0,0.00,0.00,P5O50AGA3200FB4,551,ペフ,55109,ﾍﾟﾌ　その他,,,430503,加工-仕入-材,,,000001,2製品,01,社外製品,30050-AG00-1030X200F-ABK0C,分類：加工,m,0:自社,,,,,,,,,,,2026/08/21,JSYA,菱田 昌美,,,,0,2
00082375,製品,001,2026/08/10,2026/09/04,2026/09/04,2026/08/31,0:通常,0:通常,01,105501,営業55,000567,佐藤 久美子,900001,本多産業(株)向け在庫分(30020BK,本多産業(株)向け在庫分(30020BK,,,,,,,,000331,長岡産業(株)大石　配送課,長岡産業株式会社,　大石第２工場　配送課,520-2263,滋賀県大津市大石中6-2-13,,,077-546-7200,077-536-3010,511101,国分工場01本倉庫,,,03,その他,1:する,1:御中,1:する,2:様,,700,,,0,0,0:未完,0:未完,0:通常,1:税抜,0,1:伝票明細,1:金額,0:円未満,0:切り捨て,0:切り捨て,0:切り捨て,1:発行済,0:未承認,,0:しない,0:新規,,,,,,0001,京滋便,,,ペフ発注時に「つなぎなし品」を入れていただくよう、依頼してください。,,,,,,2:自社,,1:通常,,,,0,,,,,0:1明細目,,,スライス,"1,200.00",600,2,1,★繋ぎなしにて,,55105,ﾍﾟﾌ　問屋,1:対象外,0,0.00,600.00,,,,0,0,600.00,0.00,A5O20BGA3200FBD,551,ペフ,55105,ﾍﾟﾌ　問屋,,,430500,加工-売上,,,000001,2製品,02,社外加工,ﾄｰﾚﾍﾟﾌ 30020-BG00-1030X200F-ABK0 H,,m,0:自社,,,,,,,,,,,,KAKO,菱田 昌美,,,0:なし,0,0
00082375,製品,002,2026/08/10,2026/09/04,2026/09/04,2026/08/31,0:通常,0:通常,01,105501,営業55,000567,佐藤 久美子,900001,本多産業(株)向け在庫分(30020BK,本多産業(株)向け在庫分(30020BK,,,,,,,,000331,長岡産業(株)大石　配送課,長岡産業株式会社,　大石第２工場　配送課,520-2263,滋賀県大津市大石中6-2-13,,,077-546-7200,077-536-3010,511101,国分工場01本倉庫,,,03,その他,1:する,1:御中,1:する,2:様,,700,,,0,0,0:未完,0:未完,0:通常,1:税抜,0,1:伝票明細,1:金額,0:円未満,0:切り捨て,0:切り捨て,0:切り捨て,1:発行済,0:未承認,,0:しない,0:新規,,,,,,0001,京滋便,,,ペフ発注時に「つなぎなし品」を入れていただくよう、依頼してください。,,,,,,2:自社,,1:通常,,,,0,,,,,0:1明細目,,,スライス,"1,200.00",600,2,1,★繋ぎなしにて,,55105,ﾍﾟﾌ　問屋,1:対象外,0,0.00,600.00,,,,0,0,600.00,0.00,A5O20BGA3200FBP,551,ペフ,55105,ﾍﾟﾌ　問屋,,,430500,加工-売上,,,000001,2製品,02,社外加工,ﾄｰﾚﾍﾟﾌ 30020-BG00-1030X200F-ABK0 Q,,m,0:自社,,,,,,,,,,,,KAKO,菱田 昌美,,,0:なし,0,0
00082375,原反,001,2026/08/10,2026/09/04,2026/09/04,2026/08/31,0:通常,0:通常,01,105501,営業55,000567,佐藤 久美子,900001,本多産業(株)向け在庫分(30020BK,本多産業(株)向け在庫分(30020BK,,,,,,,,000331,長岡産業(株)大石　配送課,長岡産業株式会社,　大石第２工場　配送課,520-2263,滋賀県大津市大石中6-2-13,,,077-546-7200,077-536-3010,511101,国分工場01本倉庫,,,03,その他,1:する,1:御中,1:する,2:様,,700,,,0,0,0:未完,0:未完,0:通常,1:税抜,0,1:伝票明細,1:金額,0:円未満,0:切り捨て,0:切り捨て,0:切り捨て,1:発行済,0:未承認,,0:しない,0:新規,,,,,,0001,京滋便,,,ペフ発注時に「つなぎなし品」を入れていただくよう、依頼してください。,,,,,,2:自社,,1:通常,,,,0,,,,,0:1明細目,,,スライス,"1,200.00",600,2,1,★繋ぎなしにて,,55105,ﾍﾟﾌ　問屋,1:対象外,0,0.00,600.00,SG,1022,スライス機3,0,0,0.00,0.00,P5O40AGA3200FB4,551,ペフ,55109,ﾍﾟﾌ　その他,,,430503,加工-仕入-材,,,000001,2製品,01,社外製品,30040-AG00-1030X200F-ABK0C,,m,0:自社,,,,,,,,,,,,JSYA,菱田 昌美,,,,0,3
00082376,製品,001,2026/08/10,2026/08/21,2026/08/21,2026/08/31,0:通常,0:通常,01,505201,湖南52,000052,湖南工場,049052,東ﾚﾍﾟﾌ加工品(株) 国分・湖南,,,,,,,,,,,,,,,,,,,520201,湖南工場01本倉庫,0015,末締,02,東レグループ,0:しない,,,,A8-3,100,,,"3,900",0,0:未完,0:未完,0:通常,1:税抜,0,3:請求合計,1:金額,0:円未満,5:四捨五入,9:切り上げ,5:四捨五入,1:発行済,0:未承認,,0:しない,0:新規,,,,,,,,,,,,,,,,1:後加工,2026/08/21,1:通常,,,,0,,,,,0:1明細目,,,巻返し,300.00,300,1,1,"長さ、幅、厚み全量測定
67P2シリーズ指定
接続なし指定",,50200,ＴＰＩ,1:対象外,0,0.00,300.00,,,,"3,900",0,300.00,13.00,A3O60AGA0100FNA,551,ペフ,55109,ﾍﾟﾌ　その他,,,,,,,000001,2製品,02,社外加工,30080-AG00-1000X100F-A   X,,M,0:自社,,,,済,済,,,,,P605403,,6713,古家 淳子,,,0:なし,0,0
00082376,原反,001,2026/08/10,2026/08/21,2026/08/21,2026/08/31,0:通常,0:通常,01,505201,湖南52,000052,湖南工場,049052,東ﾚﾍﾟﾌ加工品(株) 国分・湖南,,,,,,,,,,,,,,,,,,,520201,湖南工場01本倉庫,0015,末締,02,東レグループ,0:しない,,,,A8-3,100,,,"3,900",0,0:未完,0:未完,0:通常,1:税抜,0,3:請求合計,1:金額,0:円未満,5:四捨五入,9:切り上げ,5:四捨五入,1:発行済,0:未承認,,0:しない,0:新規,,,,,,,,,,,,,,,,1:後加工,2026/08/21,1:通常,,,,0,,,,,0:1明細目,,,巻返し,300.00,300,1,1,"長さ、幅、厚み全量測定
67P2シリーズ指定
接続なし指定",,50200,ＴＰＩ,1:対象外,0,0.00,300.00,K ,2013,スリット機1　湖南,0,0,0.00,0.00,B3O60AGA0100FNA,551,ペフ,55109,ﾍﾟﾌ　その他,,,,,,,000001,2製品,02,社外加工,30080-AG00-1000X100F-A   C,,M,0:自社,,,,,,,,,,,2026/08/17,6710,古家 淳子,,,,0,3
00082378,製品,001,2026/08/10,2026/09/10,2026/09/09,2026/08/31,0:通常,0:通常,01,503201,大石工場32,000032,大石工場,049007,東ﾚ(株) ﾄﾚｼｰ事業室,,,,,,,,,100123,内外特殊染工株式会社　國重,内外特殊染工株式会社　國重,,,京都市南区吉祥院,石原堂ノ後町11番地,,075-572-0551,,320301,大石工場01本倉庫,,,01,東レ本体,0:しない,,1:する,2:様,8M-1,100,,,"84,000",0,0:未完,0:未完,0:通常,1:税抜,0,3:請求合計,1:金額,0:円未満,5:四捨五入,0:切り捨て,5:四捨五入,1:発行済,0:未承認,,0:しない,1:修正,,,,,,0002,河合運輸倉庫,,,,,,,,,2:自社,2026/09/10,1:通常,,,,1,,,,,0:1明細目,,加工依頼書による,検反,"1,680.00",0,4,4,,,,,1:対象外,0,0.00,420.00,,,,"21,000",0,420.00,50.00,F3322201,999,その他,,,,,,,,,000001,2製品,02,社外加工,原反検査　L260415-4,,,0:自社,,,,済,,,,,,,,0   ,片岡 千草,,,0:なし,0,0
00082378,製品,002,2026/08/10,2026/09/10,2026/09/09,2026/08/31,0:通常,0:通常,01,503201,大石工場32,000032,大石工場,049007,東ﾚ(株) ﾄﾚｼｰ事業室,,,,,,,,,100123,内外特殊染工株式会社　國重,内外特殊染工株式会社　國重,,,京都市南区吉祥院,石原堂ノ後町11番地,,075-572-0551,,320301,大石工場01本倉庫,,,01,東レ本体,0:しない,,1:する,2:様,8M-1,100,,,"84,000",0,0:未完,0:未完,0:通常,1:税抜,0,3:請求合計,1:金額,0:円未満,5:四捨五入,0:切り捨て,5:四捨五入,1:発行済,0:未承認,,0:しない,1:修正,,,,,,0002,河合運輸倉庫,,,,,,,,,2:自社,2026/09/10,1:通常,,,,1,,,,,0:1明細目,,加工依頼書による,検反,"1,680.00",0,4,4,,,,,1:対象外,0,0.00,420.00,,,,"21,000",0,420.00,50.00,F3322201,999,その他,,,,,,,,,000001,2製品,02,社外加工,原反検査　L260629-2,,,0:自社,,,,済,,,,,,,,0   ,片岡 千草,,,0:なし,0,0
00082378,製品,003,2026/08/10,2026/09/10,2026/09/09,2026/08/31,0:通常,0:通常,01,503201,大石工場32,000032,大石工場,049007,東ﾚ(株) ﾄﾚｼｰ事業室,,,,,,,,,100123,内外特殊染工株式会社　國重,内外特殊染工株式会社　國重,,,京都市南区吉祥院,石原堂ノ後町11番地,,075-572-0551,,320301,大石工場01本倉庫,,,01,東レ本体,0:しない,,1:する,2:様,8M-1,100,,,"84,000",0,0:未完,0:未完,0:通常,1:税抜,0,3:請求合計,1:金額,0:円未満,5:四捨五入,0:切り捨て,5:四捨五入,1:発行済,0:未承認,,0:しない,1:修正,,,,,,0002,河合運輸倉庫,,,,,,,,,2:自社,2026/09/10,1:通常,,,,1,,,,,0:1明細目,,加工依頼書による,検反,"1,680.00",0,4,4,,,,,1:対象外,0,0.00,420.00,,,,"21,000",0,420.00,50.00,F3322201,999,その他,,,,,,,,,000001,2製品,02,社外加工,原反検査　L260629-3,,,0:自社,,,,済,,,,,,,,0   ,片岡 千草,,,0:なし,0,0
00082378,製品,004,2026/08/10,2026/09/10,2026/09/09,2026/08/31,0:通常,0:通常,01,503201,大石工場32,000032,大石工場,049007,東ﾚ(株) ﾄﾚｼｰ事業室,,,,,,,,,100123,内外特殊染工株式会社　國重,内外特殊染工株式会社　國重,,,京都市南区吉祥院,石原堂ノ後町11番地,,075-572-0551,,320301,大石工場01本倉庫,,,01,東レ本体,0:しない,,1:する,2:様,8M-1,100,,,"84,000",0,0:未完,0:未完,0:通常,1:税抜,0,3:請求合計,1:金額,0:円未満,5:四捨五入,0:切り捨て,5:四捨五入,1:発行済,0:未承認,,0:しない,1:修正,,,,,,0002,河合運輸倉庫,,,,,,,,,2:自社,2026/09/10,1:通常,,,,1,,,,,0:1明細目,,加工依頼書による,検反,"1,680.00",0,4,4,,,,,1:対象外,0,0.00,420.00,,,,"21,000",0,420.00,50.00,F3322201,999,その他,,,,,,,,,000001,2製品,02,社外加工,原反検査　L260629-4,,,0:自社,,,,済,,,,,,,,0   ,片岡 千草,,,0:なし,0,0
00082378,原反,001,2026/08/10,2026/09/10,2026/09/09,2026/08/31,0:通常,0:通常,01,503201,大石工場32,000032,大石工場,049007,東ﾚ(株) ﾄﾚｼｰ事業室,,,,,,,,,100123,内外特殊染工株式会社　國重,内外特殊染工株式会社　國重,,,京都市南区吉祥院,石原堂ノ後町11番地,,075-572-0551,,320301,大石工場01本倉庫,,,01,東レ本体,0:しない,,1:する,2:様,8M-1,100,,,"84,000",0,0:未完,0:未完,0:通常,1:税抜,0,3:請求合計,1:金額,0:円未満,5:四捨五入,0:切り捨て,5:四捨五入,1:発行済,0:未承認,,0:しない,1:修正,,,,,,0002,河合運輸倉庫,,,,,,,,,2:自社,2026/09/10,1:通常,,,,1,,,,,0:1明細目,,加工依頼書による,検反,"1,680.00",0,4,4,,,,,1:対象外,0,0.00,0.00,,,,0,0,0.00,0.00,F3322200,999,その他,,,,,,,,,000001,2製品,02,社外加工,L260415-4,,,0:自社,,,,,,,,,,,2026/08/17,0   ,片岡 千草,,,,0,0
00082378,原反,002,2026/08/10,2026/09/10,2026/09/09,2026/08/31,0:通常,0:通常,01,503201,大石工場32,000032,大石工場,049007,東ﾚ(株) ﾄﾚｼｰ事業室,,,,,,,,,100123,内外特殊染工株式会社　國重,内外特殊染工株式会社　國重,,,京都市南区吉祥院,石原堂ノ後町11番地,,075-572-0551,,320301,大石工場01本倉庫,,,01,東レ本体,0:しない,,1:する,2:様,8M-1,100,,,"84,000",0,0:未完,0:未完,0:通常,1:税抜,0,3:請求合計,1:金額,0:円未満,5:四捨五入,0:切り捨て,5:四捨五入,1:発行済,0:未承認,,0:しない,1:修正,,,,,,0002,河合運輸倉庫,,,,,,,,,2:自社,2026/09/10,1:通常,,,,1,,,,,0:1明細目,,加工依頼書による,検反,"1,680.00",0,4,4,,,,,1:対象外,0,0.00,0.00,,,,0,0,0.00,0.00,F3322200,999,その他,,,,,,,,,000001,2製品,02,社外加工,L260629-2,,,0:自社,,,,,,,,,,,2026/08/17,0   ,片岡 千草,,,,0,0
00082378,原反,003,2026/08/10,2026/09/10,2026/09/09,2026/08/31,0:通常,0:通常,01,503201,大石工場32,000032,大石工場,049007,東ﾚ(株) ﾄﾚｼｰ事業室,,,,,,,,,100123,内外特殊染工株式会社　國重,内外特殊染工株式会社　國重,,,京都市南区吉祥院,石原堂ノ後町11番地,,075-572-0551,,320301,大石工場01本倉庫,,,01,東レ本体,0:しない,,1:する,2:様,8M-1,100,,,"84,000",0,0:未完,0:未完,0:通常,1:税抜,0,3:請求合計,1:金額,0:円未満,5:四捨五入,0:切り捨て,5:四捨五入,1:発行済,0:未承認,,0:しない,1:修正,,,,,,0002,河合運輸倉庫,,,,,,,,,2:自社,2026/09/10,1:通常,,,,1,,,,,0:1明細目,,加工依頼書による,検反,"1,680.00",0,4,4,,,,,1:対象外,0,0.00,0.00,,,,0,0,0.00,0.00,F3322200,999,その他,,,,,,,,,000001,2製品,02,社外加工,L260629-3,,,0:自社,,,,,,,,,,,2026/08/17,0   ,片岡 千草,,,,0,0
00082378,原反,004,2026/08/10,2026/09/10,2026/09/09,2026/08/31,0:通常,0:通常,01,503201,大石工場32,000032,大石工場,049007,東ﾚ(株) ﾄﾚｼｰ事業室,,,,,,,,,100123,内外特殊染工株式会社　國重,内外特殊染工株式会社　國重,,,京都市南区吉祥院,石原堂ノ後町11番地,,075-572-0551,,320301,大石工場01本倉庫,,,01,東レ本体,0:しない,,1:する,2:様,8M-1,100,,,"84,000",0,0:未完,0:未完,0:通常,1:税抜,0,3:請求合計,1:金額,0:円未満,5:四捨五入,0:切り捨て,5:四捨五入,1:発行済,0:未承認,,0:しない,1:修正,,,,,,0002,河合運輸倉庫,,,,,,,,,2:自社,2026/09/10,1:通常,,,,1,,,,,0:1明細目,,加工依頼書による,検反,"1,680.00",0,4,4,,,,,1:対象外,0,0.00,0.00,,,,0,0,0.00,0.00,F3322200,999,その他,,,,,,,,,000001,2製品,02,社外加工,L260629-4,,,0:自社,,,,,,,,,,,2026/08/17,0   ,片岡 千草,,,,0,0
00082380,製品,001,2026/08/10,2026/08/21,2026/08/21,2026/08/31,0:通常,0:通常,01,505201,湖南52,000052,湖南工場,049006,東ﾚ(株) 自材部,,,,,,,,,,,,,,,,,,,520201,湖南工場01本倉庫,0015,末締,01,東レ本体,0:しない,,,,C8-8,100,,,"67,212",0,0:未完,0:未完,0:通常,1:税抜,0,3:請求合計,1:金額,0:円未満,5:四捨五入,0:切り捨て,9:切り上げ,1:発行済,0:未承認,,0:しない,1:修正,,,,,,,,,,,,,,,,1:後加工,2026/08/21,1:通常,屋根,,,0,,,,,0:1明細目,,,"SEC,スリット","3,600.00",600,1,1,,,50103,トーレペフ Y(工材),1:対象外,0,0.00,"3,600.00",,,,"67,212",0,"3,600.00",18.67,A2P408Y25200HG4,551,ペフ,55109,ﾍﾟﾌ　その他,,,,,,,000001,2製品,02,社外加工,0R040-8Y0B- 250X200H-AGA1C,,M,0:自社,,,,済,一部,,,,,191458R,,6713,古家 淳子,,,1:あり,0,0
00082380,原反,001,2026/08/10,2026/08/21,2026/08/21,2026/08/31,0:通常,0:通常,01,505201,湖南52,000052,湖南工場,049006,東ﾚ(株) 自材部,,,,,,,,,,,,,,,,,,,520201,湖南工場01本倉庫,0015,末締,01,東レ本体,0:しない,,,,C8-8,100,,,"67,212",0,0:未完,0:未完,0:通常,1:税抜,0,3:請求合計,1:金額,0:円未満,5:四捨五入,0:切り捨て,9:切り上げ,1:発行済,0:未承認,,0:しない,1:修正,,,,,,,,,,,,,,,,1:後加工,2026/08/21,1:通常,屋根,,,0,,,,,0:1明細目,,,"SEC,スリット","3,600.00",600,1,1,,,50103,トーレペフ Y(工材),1:対象外,0,0.00,600.00,S ,2014,SEC機　湖南,0,0,0.00,0.00,B2Q60AY87200FG4,551,ペフ,55109,ﾍﾟﾌ　その他,,,,,,,000001,2製品,02,社外加工,50080-AY0B- 870X200F-AGA1C,,M,0:自社,,,,,,,,,,,2026/08/18,6713,古家 淳子,,,,0,3
00082381,製品,001,2026/08/10,2026/08/31,2026/08/31,2026/08/31,0:通常,0:通常,01,505201,湖南52,000052,湖南工場,049006,東ﾚ(株) 自材部,,,,,,,,,,,,,,,,,,,520201,湖南工場01本倉庫,0015,末締,01,東レ本体,0:しない,,,,C8-9,100,,,"260,000",0,0:未完,0:未完,0:通常,1:税抜,0,3:請求合計,1:金額,0:円未満,5:四捨五入,0:切り捨て,9:切り上げ,0:未発行,0:未承認,,0:しない,1:修正,,,,,,,,,,,,,,,,1:後加工,2026/08/31,1:通常,屋根,,,0,,,,,0:1明細目,,,SEC,"20,000.00","10,000",1,1,,,50103,トーレペフ Y(工材),1:対象外,0,0.00,"20,000.00",,,,"260,000",0,"20,000.00",13.00,A2P408Y87200FB1,551,ペフ,50103,トーレペフ Y(工材),,,,,,,000001,2製品,02,社外加工,0R040-8Y0B- 870X200F-ABG1C,,M,0:自社,,,,済,,,,,,,,6713,古家 淳子,,,0:なし,0,0
00082381,原反,001,2026/08/10,2026/08/31,2026/08/31,2026/08/31,0:通常,0:通常,01,505201,湖南52,000052,湖南工場,049006,東ﾚ(株) 自材部,,,,,,,,,,,,,,,,,,,520201,湖南工場01本倉庫,0015,末締,01,東レ本体,0:しない,,,,C8-9,100,,,"260,000",0,0:未完,0:未完,0:通常,1:税抜,0,3:請求合計,1:金額,0:円未満,5:四捨五入,0:切り捨て,9:切り上げ,0:未発行,0:未承認,,0:しない,1:修正,,,,,,,,,,,,,,,,1:後加工,2026/08/31,1:通常,屋根,,,0,,,,,0:1明細目,,,SEC,"20,000.00","10,000",1,1,,,50103,トーレペフ Y(工材),1:対象外,0,0.00,"10,000.00",S ,2014,SEC機　湖南,0,0,0.00,0.00,B2Q60AY87200FBA,551,ペフ,55109,ﾍﾟﾌ　その他,,,,,,,000001,2製品,02,社外加工,50080-AY0B- 870X200F-ABG1C,,M,0:自社,,,,,,,,,,,2026/08/27,6710,古家 淳子,,,,0,50
00082382,製品,001,2026/08/10,2026/08/31,2026/08/31,2026/08/31,0:通常,0:通常,01,505201,湖南52,000052,湖南工場,049006,東ﾚ(株) 自材部,,,,,,,,,,,,,,,,,,,520201,湖南工場01本倉庫,0015,末締,01,東レ本体,0:しない,,,,C8-10,100,,,"51,600",0,0:未完,0:未完,0:通常,1:税抜,0,3:請求合計,1:金額,0:円未満,5:四捨五入,0:切り捨て,9:切り上げ,0:未発行,0:未承認,,0:しない,1:修正,,,,,,,,,,,,,,,,1:後加工,2026/08/31,1:通常,屋根,,,0,,,,,0:1明細目,,,"SEC,スリット","2,400.00",600,1,1,,,50103,トーレペフ Y(工材),1:対象外,0,0.00,"2,400.00",,,,"51,600",0,"2,400.00",21.50,A2P408Y30200GB1,551,ペフ,55109,ﾍﾟﾌ　その他,,,,,,,000001,2製品,02,社外加工,0R040-8Y0B- 370X200G-ABG1C,,M,0:自社,,,,済,,,,,,,,6713,古家 淳子,,,1:あり,0,0
00082382,原反,001,2026/08/10,2026/08/31,2026/08/31,2026/08/31,0:通常,0:通常,01,505201,湖南52,000052,湖南工場,049006,東ﾚ(株) 自材部,,,,,,,,,,,,,,,,,,,520201,湖南工場01本倉庫,0015,末締,01,東レ本体,0:しない,,,,C8-10,100,,,"51,600",0,0:未完,0:未完,0:通常,1:税抜,0,3:請求合計,1:金額,0:円未満,5:四捨五入,0:切り捨て,9:切り上げ,0:未発行,0:未承認,,0:しない,1:修正,,,,,,,,,,,,,,,,1:後加工,2026/08/31,1:通常,屋根,,,0,,,,,0:1明細目,,,"SEC,スリット","2,400.00",600,1,1,,,50103,トーレペフ Y(工材),1:対象外,0,0.00,600.00,S ,2014,SEC機　湖南,0,0,0.00,0.00,B2Q60AY87200FBA,551,ペフ,55109,ﾍﾟﾌ　その他,,,,,,,000001,2製品,02,社外加工,50080-AY0B- 870X200F-ABG1C,,M,0:自社,,,,,,,,,,,2026/08/27,6710,古家 淳子,,,,0,3
00082383,製品,001,2026/08/10,2026/08/31,2026/08/31,2026/08/31,0:通常,0:通常,01,505201,湖南52,000052,湖南工場,049006,東ﾚ(株) 自材部,,,,,,,,,,,,,,,,,,,520201,湖南工場01本倉庫,0015,末締,01,東レ本体,0:しない,,,,C8-11,100,,,"44,808",0,0:未完,0:未完,0:通常,1:税抜,0,3:請求合計,1:金額,0:円未満,5:四捨五入,0:切り捨て,9:切り上げ,0:未発行,0:未承認,,0:しない,1:修正,,,,,,,,,,,,,,,,1:後加工,2026/08/31,1:通常,屋根,,,0,,,,,0:1明細目,,,"SEC,スリット","2,400.00",600,1,1,,,50103,トーレペフ Y(工材),1:対象外,0,0.00,"2,400.00",,,,"44,808",0,"2,400.00",18.67,A2P408Y26200HB1,551,ペフ,55109,ﾍﾟﾌ　その他,,,,,,,000001,2製品,02,社外加工,0R040-8Y0B- 260X200H-ABG1C,,M,0:自社,,,,済,,,,,,,,6713,古家 淳子,,,1:あり,0,0
00082383,原反,001,2026/08/10,2026/08/31,2026/08/31,2026/08/31,0:通常,0:通常,01,505201,湖南52,000052,湖南工場,049006,東ﾚ(株) 自材部,,,,,,,,,,,,,,,,,,,520201,湖南工場01本倉庫,0015,末締,01,東レ本体,0:しない,,,,C8-11,100,,,"44,808",0,0:未完,0:未完,0:通常,1:税抜,0,3:請求合計,1:金額,0:円未満,5:四捨五入,0:切り捨て,9:切り上げ,0:未発行,0:未承認,,0:しない,1:修正,,,,,,,,,,,,,,,,1:後加工,2026/08/31,1:通常,屋根,,,0,,,,,0:1明細目,,,"SEC,スリット","2,400.00",600,1,1,,,50103,トーレペフ Y(工材),1:対象外,0,0.00,600.00,S ,2014,SEC機　湖南,0,0,0.00,0.00,B2Q60AY87200FBA,551,ペフ,55109,ﾍﾟﾌ　その他,,,,,,,000001,2製品,02,社外加工,50080-AY0B- 870X200F-ABG1C,,M,0:自社,,,,,,,,,,,2026/08/27,6710,古家 淳子,,,,0,3
00082384,製品,001,2026/08/10,2026/08/31,2026/08/31,2026/08/31,0:通常,0:通常,01,505201,湖南52,000052,湖南工場,049006,東ﾚ(株) 自材部,,,,,,,,,,,,,,,,,,,520201,湖南工場01本倉庫,0015,末締,01,東レ本体,0:しない,,,,C8-12,100,,,"68,800",0,0:未完,0:未完,0:通常,1:税抜,0,3:請求合計,1:金額,0:円未満,5:四捨五入,0:切り捨て,9:切り上げ,0:未発行,0:未承認,,0:しない,1:修正,,,,,,,,,,,,,,,,1:後加工,2026/08/31,1:通常,屋根,,,0,,,,,0:1明細目,,,"SEC,スリット","3,200.00",800,1,1,,,50103,トーレペフ Y(工材),1:対象外,0,0.00,"3,200.00",,,,"68,800",0,"3,200.00",21.50,A2P408Y34200GB1,551,ペフ,50103,トーレペフ Y(工材),,,,,,,000001,2製品,02,社外加工,0R040-8Y0B- 345X200G-ABG1C,,M,0:自社,,,,済,,,,,,,,6713,古家 淳子,,,1:あり,0,0
00082384,原反,001,2026/08/10,2026/08/31,2026/08/31,2026/08/31,0:通常,0:通常,01,505201,湖南52,000052,湖南工場,049006,東ﾚ(株) 自材部,,,,,,,,,,,,,,,,,,,520201,湖南工場01本倉庫,0015,末締,01,東レ本体,0:しない,,,,C8-12,100,,,"68,800",0,0:未完,0:未完,0:通常,1:税抜,0,3:請求合計,1:金額,0:円未満,5:四捨五入,0:切り捨て,9:切り上げ,0:未発行,0:未承認,,0:しない,1:修正,,,,,,,,,,,,,,,,1:後加工,2026/08/31,1:通常,屋根,,,0,,,,,0:1明細目,,,"SEC,スリット","3,200.00",800,1,1,,,50103,トーレペフ Y(工材),1:対象外,0,0.00,800.00,S ,2014,SEC機　湖南,0,0,0.00,0.00,B2Q60AY87200FBA,551,ペフ,55109,ﾍﾟﾌ　その他,,,,,,,000001,2製品,02,社外加工,50080-AY0B- 870X200F-ABG1C,,M,0:自社,,,,,,,,,,,2026/08/27,6710,古家 淳子,,,,0,4
00082385,製品,001,2026/08/10,2026/08/26,2026/08/26,2026/08/31,0:通常,0:通常,01,505201,湖南52,000052,湖南工場,049006,東ﾚ(株) 自材部,,,,,,,,,,,,,,,,,,,520201,湖南工場01本倉庫,0015,末締,01,東レ本体,0:しない,,,,C8-13,100,,,"86,000",0,0:未完,0:未完,0:通常,1:税抜,0,3:請求合計,1:金額,0:円未満,5:四捨五入,0:切り捨て,9:切り上げ,1:発行済,0:未承認,,0:しない,1:修正,,,,,,,,,,,,,,,,1:後加工,2026/08/26,1:通常,屋根,,,0,,,,,0:1明細目,,,"SEC,スリット","4,000.00","1,000",1,1,,,50103,トーレペフ Y(工材),1:対象外,0,0.00,"4,000.00",,,,"86,000",0,"4,000.00",21.50,A2P408Y31200GG1,551,ペフ,50103,トーレペフ Y(工材),,,,,,,000001,2製品,02,社外加工,0R040-8Y0B- 310X200G-AGA1C,,M,0:自社,,,,済,一部,,,,,191461Y,,6713,古家 淳子,,,1:あり,0,0
00082385,原反,001,2026/08/10,2026/08/26,2026/08/26,2026/08/31,0:通常,0:通常,01,505201,湖南52,000052,湖南工場,049006,東ﾚ(株) 自材部,,,,,,,,,,,,,,,,,,,520201,湖南工場01本倉庫,0015,末締,01,東レ本体,0:しない,,,,C8-13,100,,,"86,000",0,0:未完,0:未完,0:通常,1:税抜,0,3:請求合計,1:金額,0:円未満,5:四捨五入,0:切り捨て,9:切り上げ,1:発行済,0:未承認,,0:しない,1:修正,,,,,,,,,,,,,,,,1:後加工,2026/08/26,1:通常,屋根,,,0,,,,,0:1明細目,,,"SEC,スリット","4,000.00","1,000",1,1,,,50103,トーレペフ Y(工材),1:対象外,0,0.00,"1,000.00",S ,2014,SEC機　湖南,0,0,0.00,0.00,B2Q60AY68200FG4,551,ペフ,55109,ﾍﾟﾌ　その他,,,,,,,000001,2製品,02,社外加工,50080-AY0B- 680X200F-AGA1C,,M,0:自社,,,,,,,,,,,2026/08/18,6710,古家 淳子,,,,0,5
00082386,製品,001,2026/08/10,2026/10/09,2026/10/08,2026/08/31,0:通常,0:通常,01,105501,営業55,000567,佐藤 久美子,052018,日本紙管工業(株)※,,,,,,,,,100087,(株)ニッコー,株式会社ニッコー,,677-0067,兵庫県西脇市明楽寺町1148,,,0795-27-0248,0795-27-0429,511101,国分工場01本倉庫,,,03,その他,0:しない,,1:する,1:御中,,100,,,"1,334,400",0,0:未完,0:未完,0:通常,1:税抜,0,3:請求合計,1:金額,0:円未満,5:四捨五入,0:切り捨て,5:四捨五入,1:発行済,0:未承認,,0:しない,0:新規,,,,,,0002,河合運輸倉庫,,,,,,,,,2:自社,,1:通常,㈱ﾆｯｺｰ,,,0,,,,,0:1明細目,自社,,スリット,"96,000.00","3,200",1,1,,,55101,ﾍﾟﾌ　巻芯,1:対象外,"1,024,320",10.67,"96,000.00",,,,"1,334,400",0,"96,000.00",13.90,A5F10KA33400FN1,551,ペフ,55101,ﾍﾟﾌ　巻芯,,,410100,巻芯-売上,,,000001,2製品,01,社外製品,ﾍﾟﾌ巻芯 15010/紙-33巾X400m,,m,0:自社,,,,,,,,,,,,MKSN,菱田 昌美,,,0:なし,0,0
00082386,原反,001,2026/08/10,2026/10/09,2026/10/08,2026/08/31,0:通常,0:通常,01,105501,営業55,000567,佐藤 久美子,052018,日本紙管工業(株)※,,,,,,,,,100087,(株)ニッコー,株式会社ニッコー,,677-0067,兵庫県西脇市明楽寺町1148,,,0795-27-0248,0795-27-0429,511101,国分工場01本倉庫,,,03,その他,0:しない,,1:する,1:御中,,100,,,"1,334,400",0,0:未完,0:未完,0:通常,1:税抜,0,3:請求合計,1:金額,0:円未満,5:四捨五入,0:切り捨て,5:四捨五入,1:発行済,0:未承認,,0:しない,0:新規,,,,,,0002,河合運輸倉庫,,,,,,,,,2:自社,,1:通常,㈱ﾆｯｺｰ,,,0,,,,,0:1明細目,自社,,スリット,"96,000.00","3,200",1,1,,,55101,ﾍﾟﾌ　巻芯,1:対象外,0,0.00,"3,200.00",,1042,スリット機1,0,0,0.00,0.00,B2F10KAA3400ZN1,551,ペフ,55101,ﾍﾟﾌ　巻芯,,,410106,巻芯-仕入-外,,,000003,4原材料,02,社外加工,15010-紙-1030x400,,,0:自社,,,,,,,,,,,,MKSN,菱田 昌美,,,,0,8
00082387,製品,001,2026/08/10,2026/08/27,2026/08/27,2026/08/31,0:通常,0:通常,01,505201,湖南52,000052,湖南工場,049006,東ﾚ(株) 自材部,,,,,,,,,,,,,,,,,,,520201,湖南工場01本倉庫,0015,末締,01,東レ本体,0:しない,,,,C8-14,100,,,"52,000",0,0:未完,0:未完,0:通常,1:税抜,0,3:請求合計,1:金額,0:円未満,5:四捨五入,0:切り捨て,9:切り上げ,1:発行済,0:未承認,,0:しない,1:修正,,,,,,,,,,,,,,,,1:後加工,2026/08/27,1:通常,屋根,,,0,,,,,0:1明細目,,,"スリット,SEC",400.00,200,1,1,,,50103,トーレペフ Y(工材),1:対象外,0,0.00,400.00,,,,"52,000",0,400.00,130.00,A2P408Y53200FG1,551,ペフ,50103,トーレペフ Y(工材),,,,,,,000001,2製品,02,社外加工,0R040-8Y0B- 530X200F-AGA1C,,M,0:自社,,,,済,済,,,,,191511F,,6713,古家 淳子,,,1:あり,0,0
00082387,原反,001,2026/08/10,2026/08/27,2026/08/27,2026/08/31,0:通常,0:通常,01,505201,湖南52,000052,湖南工場,049006,東ﾚ(株) 自材部,,,,,,,,,,,,,,,,,,,520201,湖南工場01本倉庫,0015,末締,01,東レ本体,0:しない,,,,C8-14,100,,,"52,000",0,0:未完,0:未完,0:通常,1:税抜,0,3:請求合計,1:金額,0:円未満,5:四捨五入,0:切り捨て,9:切り上げ,1:発行済,0:未承認,,0:しない,1:修正,,,,,,,,,,,,,,,,1:後加工,2026/08/27,1:通常,屋根,,,0,,,,,0:1明細目,,,"スリット,SEC",400.00,200,1,1,,,50103,トーレペフ Y(工材),1:対象外,0,0.00,200.00,S ,2013,スリット機1　湖南,0,0,0.00,0.00,B2Q60AY68200FG4,551,ペフ,55109,ﾍﾟﾌ　その他,,,,,,,000001,2製品,02,社外加工,50080-AY0B- 680X200F-AGA1C,,M,0:自社,,,,,,,,,,,2026/08/18,6710,古家 淳子,,,,0,1
00082388,製品,001,2026/08/10,2026/10/05,2026/10/01,2026/08/31,0:通常,0:通常,01,105501,営業55,000498,新庄 健,072005,三井物産Pﾌｨﾙﾑ工業材料G★※,三井物産ﾌﾟﾗｽﾁｯｸ株式会社,ﾌｨﾙﾑ工業材料G,100-6808,東京都千代田区大手町1-3-1,JAﾋﾞﾙ,,070-8702-1112,03-6328-5390,100131,ニチバンプリント(株),ニチバンプリント株式会社,,350-1226,埼玉県日高市中沢201,,,042-989-2037,,511101,国分工場01本倉庫,0004,20 出荷日＝売上計上,03,その他,1:する,2:様,1:する,2:様,,100,,,"2,304,000",0,0:未完,0:未完,0:通常,1:税抜,0,3:請求合計,1:金額,0:円未満,5:四捨五入,0:切り捨て,5:四捨五入,1:発行済,0:未承認,,0:しない,1:修正,,,,,,0012,中央倉庫(EDI)土曜無,ＡＭ,,再）原反営業支給＠195.5　★希望日お知らせ下さい,★当原反の品質保証(製造ﾛｯﾄ･外観品位)に関する責任は営業部に帰属します,,　　　　　　　　　　　　　　　　　　　　　　　　　　　　　　　　　　　　　８巻取,,,2:自社,,1:通常,ニチバンプリント,,,0,,,,,0:1明細目,自社 巻芯 ｹｰｽ,,"スライス,スリット","102,400.00","6,400",1,1,,,55101,ﾍﾟﾌ　巻芯,1:対象外,"1,892,352",18.48,"102,400.00",,,,"2,304,000",0,"102,400.00",22.50,A5F10BAC4800ZNT,551,ペフ,55101,ﾍﾟﾌ　巻芯,,,410100,巻芯-売上,,,000001,2製品,01,社外製品,ﾍﾟﾌ巻芯 15010-124X800m,,m,0:自社,,,,,,,,,,,,MKSN,菱田 昌美,,,1:あり,0,0
00082388,原反,001,2026/08/10,2026/10/05,2026/10/01,2026/08/31,0:通常,0:通常,01,105501,営業55,000498,新庄 健,072005,三井物産Pﾌｨﾙﾑ工業材料G★※,三井物産ﾌﾟﾗｽﾁｯｸ株式会社,ﾌｨﾙﾑ工業材料G,100-6808,東京都千代田区大手町1-3-1,JAﾋﾞﾙ,,070-8702-1112,03-6328-5390,100131,ニチバンプリント(株),ニチバンプリント株式会社,,350-1226,埼玉県日高市中沢201,,,042-989-2037,,511101,国分工場01本倉庫,0004,20 出荷日＝売上計上,03,その他,1:する,2:様,1:する,2:様,,100,,,"2,304,000",0,0:未完,0:未完,0:通常,1:税抜,0,3:請求合計,1:金額,0:円未満,5:四捨五入,0:切り捨て,5:四捨五入,1:発行済,0:未承認,,0:しない,1:修正,,,,,,0012,中央倉庫(EDI)土曜無,ＡＭ,,再）原反営業支給＠195.5　★希望日お知らせ下さい,★当原反の品質保証(製造ﾛｯﾄ･外観品位)に関する責任は営業部に帰属します,,　　　　　　　　　　　　　　　　　　　　　　　　　　　　　　　　　　　　　８巻取,,,2:自社,,1:通常,ニチバンプリント,,,0,,,,,0:1明細目,自社 巻芯 ｹｰｽ,,"スライス,スリット","102,400.00","6,400",1,1,,,55101,ﾍﾟﾌ　巻芯,1:対象外,0,0.00,"6,400.00",EI,1022,スライス機3,0,0,0.00,0.00,P5F20AAA3400FNC,551,ペフ,51200,自社加工,,,410103,巻芯-仕入-材,,,000003,4原材料,01,社外製品,原 15020-AA00-1030X400F-A C,分類：巻芯,m,0:自社,,,,,,,,,,,,JSYA,菱田 昌美,,,,0,16
00082389,製品,001,2026/08/10,2026/08/28,2026/08/28,2026/08/31,0:通常,0:通常,01,505201,湖南52,000052,湖南工場,049006,東ﾚ(株) 自材部,,,,,,,,,,,,,,,,,,,520201,湖南工場01本倉庫,0015,末締,01,東レ本体,0:しない,,,,C8-15,100,,,"224,000",0,0:未完,0:未完,0:通常,1:税抜,0,3:請求合計,1:金額,0:円未満,5:四捨五入,0:切り捨て,9:切り上げ,1:発行済,0:未承認,,0:しない,1:修正,,,,,,,,,,,,,,,,1:後加工,2026/08/28,1:通常,屋根,,,0,,,,,0:1明細目,,,"接続,SEC","8,000.00","4,000",2,1,,,50103,トーレペフ Y(工材),1:対象外,0,0.00,"4,000.00",,,,"112,000",0,"4,000.00",28.00,A2P408Y87200FG4,551,ペフ,50103,トーレペフ Y(工材),,,,,,,000001,2製品,02,社外加工,0R040-8Y0B- 870X200F-AGA1H,,M,0:自社,,,,済,,,,,,191459L,,6713,古家 淳子,,,0:なし,0,0
00082389,製品,002,2026/08/10,2026/08/28,2026/08/28,2026/08/31,0:通常,0:通常,01,505201,湖南52,000052,湖南工場,049006,東ﾚ(株) 自材部,,,,,,,,,,,,,,,,,,,520201,湖南工場01本倉庫,0015,末締,01,東レ本体,0:しない,,,,C8-15,100,,,"224,000",0,0:未完,0:未完,0:通常,1:税抜,0,3:請求合計,1:金額,0:円未満,5:四捨五入,0:切り捨て,9:切り上げ,1:発行済,0:未承認,,0:しない,1:修正,,,,,,,,,,,,,,,,1:後加工,2026/08/28,1:通常,屋根,,,0,,,,,0:1明細目,,,"接続,SEC","8,000.00","4,000",2,1,,,50103,トーレペフ Y(工材),1:対象外,0,0.00,"4,000.00",,,,"112,000",0,"4,000.00",28.00,A2P408Y87200FGD,551,ペフ,50103,トーレペフ Y(工材),,,,,,,000001,2製品,02,社外加工,0R040-8Y0B- 870X200F-AGA1Q,,M,0:自社,,,,済,,,,,,191460G,,6713,古家 淳子,,,0:なし,0,0
00082389,原反,001,2026/08/10,2026/08/28,2026/08/28,2026/08/31,0:通常,0:通常,01,505201,湖南52,000052,湖南工場,049006,東ﾚ(株) 自材部,,,,,,,,,,,,,,,,,,,520201,湖南工場01本倉庫,0015,末締,01,東レ本体,0:しない,,,,C8-15,100,,,"224,000",0,0:未完,0:未完,0:通常,1:税抜,0,3:請求合計,1:金額,0:円未満,5:四捨五入,0:切り捨て,9:切り上げ,1:発行済,0:未承認,,0:しない,1:修正,,,,,,,,,,,,,,,,1:後加工,2026/08/28,1:通常,屋根,,,0,,,,,0:1明細目,,,"接続,SEC","8,000.00","4,000",2,1,,,50103,トーレペフ Y(工材),1:対象外,0,0.00,"4,000.00",S ,2021,熱融着機　湖南,0,0,0.00,0.00,B2Q60AY87200FG4,551,ペフ,55109,ﾍﾟﾌ　その他,,,,,,,000001,2製品,02,社外加工,50080-AY0B- 870X200F-AGA1F,,M,0:自社,,,,,,,,,,,2026/08/19,6710,古家 淳子,,,,0,20
00082390,製品,001,2026/08/10,2026/10/19,2026/10/15,2026/08/31,0:通常,0:通常,01,105501,営業55,000498,新庄 健,072005,三井物産Pﾌｨﾙﾑ工業材料G★※,三井物産ﾌﾟﾗｽﾁｯｸ株式会社,ﾌｨﾙﾑ工業材料G,100-6808,東京都千代田区大手町1-3-1,JAﾋﾞﾙ,,070-8702-1112,03-6328-5390,100131,ニチバンプリント(株),ニチバンプリント株式会社,,350-1226,埼玉県日高市中沢201,,,042-989-2037,,511101,国分工場01本倉庫,0004,20 出荷日＝売上計上,03,その他,1:する,2:様,1:する,2:様,,100,,,"2,304,000",0,0:未完,0:未完,0:通常,1:税抜,0,3:請求合計,1:金額,0:円未満,5:四捨五入,0:切り捨て,5:四捨五入,1:発行済,0:未承認,,0:しない,1:修正,,,,,,0012,中央倉庫(EDI)土曜無,ＡＭ,,,,,　　　　　　　　　　　　　　　　　　　　　　　　　　　　　　　　　　　　　８巻取,,,2:自社,,1:通常,ニチバンプリント,,,0,,,,,0:1明細目,自社 巻芯 ｹｰｽ,,"スライス,スリット","102,400.00","6,400",1,1,,,55101,ﾍﾟﾌ　巻芯,1:対象外,"1,892,352",18.48,"102,400.00",,,,"2,304,000",0,"102,400.00",22.50,A5F10BAC4800ZNT,551,ペフ,55101,ﾍﾟﾌ　巻芯,,,410100,巻芯-売上,,,000001,2製品,01,社外製品,ﾍﾟﾌ巻芯 15010-124X800m,,m,0:自社,,,,,,,,,,,,MKSN,菱田 昌美,,,1:あり,0,0
00082390,原反,001,2026/08/10,2026/10/19,2026/10/15,2026/08/31,0:通常,0:通常,01,105501,営業55,000498,新庄 健,072005,三井物産Pﾌｨﾙﾑ工業材料G★※,三井物産ﾌﾟﾗｽﾁｯｸ株式会社,ﾌｨﾙﾑ工業材料G,100-6808,東京都千代田区大手町1-3-1,JAﾋﾞﾙ,,070-8702-1112,03-6328-5390,100131,ニチバンプリント(株),ニチバンプリント株式会社,,350-1226,埼玉県日高市中沢201,,,042-989-2037,,511101,国分工場01本倉庫,0004,20 出荷日＝売上計上,03,その他,1:する,2:様,1:する,2:様,,100,,,"2,304,000",0,0:未完,0:未完,0:通常,1:税抜,0,3:請求合計,1:金額,0:円未満,5:四捨五入,0:切り捨て,5:四捨五入,1:発行済,0:未承認,,0:しない,1:修正,,,,,,0012,中央倉庫(EDI)土曜無,ＡＭ,,,,,　　　　　　　　　　　　　　　　　　　　　　　　　　　　　　　　　　　　　８巻取,,,2:自社,,1:通常,ニチバンプリント,,,0,,,,,0:1明細目,自社 巻芯 ｹｰｽ,,"スライス,スリット","102,400.00","6,400",1,1,,,55101,ﾍﾟﾌ　巻芯,1:対象外,0,0.00,"6,400.00",SG,1022,スライス機3,0,0,0.00,0.00,P5F20AAA3400FNC,551,ペフ,51200,自社加工,,,410103,巻芯-仕入-材,,,000003,4原材料,01,社外製品,原 15020-AA00-1030X400F-A C,分類：巻芯,m,0:自社,,,,,,,,,,,,JSYA,菱田 昌美,,,,0,16
00082392,製品,001,2026/08/10,2026/08/24,2026/08/24,2026/08/31,0:通常,0:通常,01,505201,湖南52,000052,湖南工場,049006,東ﾚ(株) 自材部,,,,,,,,,,,,,,,,,,,520201,湖南工場01本倉庫,0015,末締,01,東レ本体,0:しない,,,,W8-14,100,,,"13,144",0,0:未完,0:未完,0:通常,1:税抜,0,3:請求合計,1:金額,0:円未満,5:四捨五入,0:切り捨て,9:切り上げ,1:発行済,0:未承認,,0:しない,1:修正,,,,,,,,,,,,,,,,1:後加工,2026/08/24,1:通常,ウルトラスエード,,,0,,,,,0:1明細目,,,"スリット,EC",248.00,248,1,1,H面外巻き,,50101,トーレペフ W(自材),1:対象外,0,0.00,248.00,,,,"13,144",0,248.00,53.00,A2F20NWC0250FNV,551,ペフ,50101,トーレペフ W(自材),,,,,,,000001,2製品,02,社外加工,15020-NW07-1280X248F-A   V,,M,0:自社,,,,済,一部,,,,,191544K,,6798,古家 淳子,01,両面,1:あり,0,0
00082392,原反,001,2026/08/10,2026/08/24,2026/08/24,2026/08/31,0:通常,0:通常,01,505201,湖南52,000052,湖南工場,049006,東ﾚ(株) 自材部,,,,,,,,,,,,,,,,,,,520201,湖南工場01本倉庫,0015,末締,01,東レ本体,0:しない,,,,W8-14,100,,,"13,144",0,0:未完,0:未完,0:通常,1:税抜,0,3:請求合計,1:金額,0:円未満,5:四捨五入,0:切り捨て,9:切り上げ,1:発行済,0:未承認,,0:しない,1:修正,,,,,,,,,,,,,,,,1:後加工,2026/08/24,1:通常,ウルトラスエード,,,0,,,,,0:1明細目,,,"スリット,EC",248.00,248,1,1,H面外巻き,,50101,トーレペフ W(自材),1:対象外,0,0.00,248.00,K ,2013,スリット機1　湖南,0,0,0.00,0.00,B2F20AWF5250FNV,551,ペフ,50102,トーレペフ B(自輸),,,,,,,000001,2製品,02,社外加工,15020-AW07-1550X248F-A   V,,,0:自社,,,,,,,,,,,2026/08/19,6798,古家 淳子,,,,0,1
00082393,製品,001,2026/08/10,2026/08/24,2026/08/24,2026/08/31,0:通常,0:通常,01,505201,湖南52,000052,湖南工場,049006,東ﾚ(株) 自材部,,,,,,,,,,,,,,,,,,,520201,湖南工場01本倉庫,0015,末締,01,東レ本体,0:しない,,,,W8-15,100,,,"4,611",0,0:未完,0:未完,0:通常,1:税抜,0,3:請求合計,1:金額,0:円未満,5:四捨五入,0:切り捨て,9:切り上げ,1:発行済,0:未承認,,0:しない,1:修正,,,,,,,,,,,,,,,,1:後加工,2026/08/24,1:通常,ウルトラスエード,,,0,,,,,0:1明細目,,,"スリット,EC",87.00,87,1,1,H面外巻き,,50101,トーレペフ W(自材),1:対象外,0,0.00,87.00,,,,"4,611",0,87.00,53.00,A2F25NWC8100FN1,551,ペフ,50101,トーレペフ W(自材),,,,,,,000001,2製品,02,社外加工,15025-NW07-1280X 87F-A   V,,M,0:自社,,,,済,一部,,,,,191546W,,6798,古家 淳子,01,両面,1:あり,0,0
00082393,原反,001,2026/08/10,2026/08/24,2026/08/24,2026/08/31,0:通常,0:通常,01,505201,湖南52,000052,湖南工場,049006,東ﾚ(株) 自材部,,,,,,,,,,,,,,,,,,,520201,湖南工場01本倉庫,0015,末締,01,東レ本体,0:しない,,,,W8-15,100,,,"4,611",0,0:未完,0:未完,0:通常,1:税抜,0,3:請求合計,1:金額,0:円未満,5:四捨五入,0:切り捨て,9:切り上げ,1:発行済,0:未承認,,0:しない,1:修正,,,,,,,,,,,,,,,,1:後加工,2026/08/24,1:通常,ウルトラスエード,,,0,,,,,0:1明細目,,,"スリット,EC",87.00,87,1,1,H面外巻き,,50101,トーレペフ W(自材),1:対象外,0,0.00,87.00,K ,2013,スリット機1　湖南,0,0,0.00,0.00,B2F25AWG0100FN1,551,ペフ,50101,トーレペフ W(自材),,,,,,,000001,2製品,02,社外加工,15025-AW07-1600X 87F-A   V,,M,0:自社,,,,,,,,,,,2026/08/19,6798,古家 淳子,,,,0,1
00082394,製品,001,2026/08/10,2026/08/24,2026/08/24,2026/08/31,0:通常,0:通常,01,505201,湖南52,000052,湖南工場,049006,東ﾚ(株) 自材部,,,,,,,,,,,,,,,,,,,520201,湖南工場01本倉庫,0015,末締,01,東レ本体,0:しない,,,,W8-16,100,,,"5,184",0,0:未完,0:未完,0:通常,1:税抜,0,3:請求合計,1:金額,0:円未満,5:四捨五入,0:切り捨て,9:切り上げ,1:発行済,0:未承認,,0:しない,1:修正,,,,,,,,,,,,,,,,1:後加工,2026/08/24,1:通常,ウルトラスエード,,,0,,,,,0:1明細目,,,EC,144.00,144,1,1,H面外巻き,,50101,トーレペフ W(自材),1:対象外,0,0.00,144.00,,,,"5,184",0,144.00,36.00,A2F30NWF5150FNG,551,ペフ,50101,トーレペフ W(自材),,,,,,,000001,2製品,02,社外加工,15030-NW07-1550X144F-A   G,,M,0:自社,,,,済,,,,,,191547R,,6798,古家 淳子,01,両面,0:なし,0,0
00082394,原反,001,2026/08/10,2026/08/24,2026/08/24,2026/08/31,0:通常,0:通常,01,505201,湖南52,000052,湖南工場,049006,東ﾚ(株) 自材部,,,,,,,,,,,,,,,,,,,520201,湖南工場01本倉庫,0015,末締,01,東レ本体,0:しない,,,,W8-16,100,,,"5,184",0,0:未完,0:未完,0:通常,1:税抜,0,3:請求合計,1:金額,0:円未満,5:四捨五入,0:切り捨て,9:切り上げ,1:発行済,0:未承認,,0:しない,1:修正,,,,,,,,,,,,,,,,1:後加工,2026/08/24,1:通常,ウルトラスエード,,,0,,,,,0:1明細目,,,EC,144.00,144,1,1,H面外巻き,,50101,トーレペフ W(自材),1:対象外,0,0.00,144.00,K ,2012,EC機　湖南,0,0,0.00,0.00,B2F30AWF5150FNG,551,ペフ,50101,トーレペフ W(自材),,,,,,,000001,2製品,02,社外加工,15030-AW07-1550X144F-A   G,,M,0:自社,,,,,,,,,,,2026/08/19,6798,古家 淳子,,,,0,1
00082395,製品,001,2026/08/10,2026/08/24,2026/08/24,2026/08/31,0:通常,0:通常,01,505201,湖南52,000052,湖南工場,049006,東ﾚ(株) 自材部,,,,,,,,,,,,,,,,,,,520201,湖南工場01本倉庫,0015,末締,01,東レ本体,0:しない,,,,W8-17,100,,,"3,780",0,0:未完,0:未完,0:通常,1:税抜,0,3:請求合計,1:金額,0:円未満,5:四捨五入,0:切り捨て,9:切り上げ,1:発行済,0:未承認,,0:しない,1:修正,,,,,,,,,,,,,,,,1:後加工,2026/08/24,1:通常,ウルトラスエード,,,0,,,,,0:1明細目,,,EC,105.00,105,1,1,H面外巻き,,50101,トーレペフ W(自材),1:対象外,0,0.00,105.00,,,,"3,780",0,105.00,36.00,A2F20NWF5150FNV,551,ペフ,50101,トーレペフ W(自材),,,,,,,000001,2製品,02,社外加工,15020-NW07-1550X105F-A   V,,M,0:自社,,,,済,,,,,,191548L,,6798,古家 淳子,01,両面,0:なし,0,0
00082395,原反,001,2026/08/10,2026/08/24,2026/08/24,2026/08/31,0:通常,0:通常,01,505201,湖南52,000052,湖南工場,049006,東ﾚ(株) 自材部,,,,,,,,,,,,,,,,,,,520201,湖南工場01本倉庫,0015,末締,01,東レ本体,0:しない,,,,W8-17,100,,,"3,780",0,0:未完,0:未完,0:通常,1:税抜,0,3:請求合計,1:金額,0:円未満,5:四捨五入,0:切り捨て,9:切り上げ,1:発行済,0:未承認,,0:しない,1:修正,,,,,,,,,,,,,,,,1:後加工,2026/08/24,1:通常,ウルトラスエード,,,0,,,,,0:1明細目,,,EC,105.00,105,1,1,H面外巻き,,50101,トーレペフ W(自材),1:対象外,0,0.00,105.00,S ,2012,EC機　湖南,0,0,0.00,0.00,B2F20AWF5150FNV,551,ペフ,50101,トーレペフ W(自材),,,,,,,000001,2製品,02,社外加工,15020-AW07-1550X105F-A   V,,,0:自社,,,,,,,,,,,2026/08/19,6798,古家 淳子,,,,0,1
00082396,製品,001,2026/08/10,2026/08/24,2026/08/24,2026/08/31,0:通常,0:通常,01,505201,湖南52,000052,湖南工場,049006,東ﾚ(株) 自材部,,,,,,,,,,,,,,,,,,,520201,湖南工場01本倉庫,0015,末締,01,東レ本体,0:しない,,,,W8-18,100,,,"9,000",0,0:未完,0:未完,0:通常,1:税抜,0,3:請求合計,1:金額,0:円未満,5:四捨五入,0:切り捨て,9:切り上げ,1:発行済,0:未承認,,0:しない,1:修正,,,,,,,,,,,,,,,,1:後加工,2026/08/24,1:通常,ウルトラスエード,,,0,,,,,0:1明細目,,,EC,250.00,250,1,1,H面外巻き,,50101,トーレペフ W(自材),1:対象外,0,0.00,250.00,,,,"9,000",0,250.00,36.00,A2F25NHF5250FNS,551,ペフ,50101,トーレペフ W(自材),,,,,,,000001,2製品,02,社外加工,15025-NH1F-1550X250F-A   S,,M,0:自社,,,,済,,,,,,191561K,,6783,古家 淳子,01,両面,0:なし,0,0
00082396,原反,001,2026/08/10,2026/08/24,2026/08/24,2026/08/31,0:通常,0:通常,01,505201,湖南52,000052,湖南工場,049006,東ﾚ(株) 自材部,,,,,,,,,,,,,,,,,,,520201,湖南工場01本倉庫,0015,末締,01,東レ本体,0:しない,,,,W8-18,100,,,"9,000",0,0:未完,0:未完,0:通常,1:税抜,0,3:請求合計,1:金額,0:円未満,5:四捨五入,0:切り捨て,9:切り上げ,1:発行済,0:未承認,,0:しない,1:修正,,,,,,,,,,,,,,,,1:後加工,2026/08/24,1:通常,ウルトラスエード,,,0,,,,,0:1明細目,,,EC,250.00,250,1,1,H面外巻き,,50101,トーレペフ W(自材),1:対象外,0,0.00,250.00,S ,2012,EC機　湖南,0,0,0.00,0.00,B2F25AHF5250FN1,551,ペフ,50101,トーレペフ W(自材),,,,,,,000001,2製品,02,社外加工,15025-AH1F-1550X250F-A   S,,M,0:自社,,,,,,,,,,,2026/08/19,6780,古家 淳子,,,,0,1
00082397,製品,001,2026/08/10,2026/08/24,2026/08/24,2026/08/31,0:通常,0:通常,01,505201,湖南52,000052,湖南工場,049006,東ﾚ(株) 自材部,,,,,,,,,,,,,,,,,,,520201,湖南工場01本倉庫,0015,末締,01,東レ本体,0:しない,,,,W8-19,100,,,"6,400",0,0:未完,0:未完,0:通常,1:税抜,0,3:請求合計,1:金額,0:円未満,5:四捨五入,0:切り捨て,9:切り上げ,1:発行済,0:未承認,,0:しない,1:修正,,,,,,,,,,,,,,,,1:後加工,2026/08/24,1:通常,ウルトラスエード,,,0,,,,,0:1明細目,,,"分割,スリット,EC",250.00,250,2,1,"H面外巻き（50ⅿまきのみ）

200ⅿは龍田化学向け",,50101,トーレペフ W(自材),1:対象外,0,0.00,50.00,,,,"3,400",0,50.00,68.00,A2F25NHD0050FNS,551,ペフ,50101,トーレペフ W(自材),,,,,,,000001,2製品,02,社外加工,15025-NH1F-1300X 50F-A   S,,M,0:自社,,,,済,,,,,,191562F,,6783,古家 淳子,01,両面,1:あり,0,0
00082397,製品,002,2026/08/10,2026/08/24,2026/08/24,2026/08/31,0:通常,0:通常,01,505201,湖南52,000052,湖南工場,049006,東ﾚ(株) 自材部,,,,,,,,,,,,,,,,,,,520201,湖南工場01本倉庫,0015,末締,01,東レ本体,0:しない,,,,W8-19,100,,,"6,400",0,0:未完,0:未完,0:通常,1:税抜,0,3:請求合計,1:金額,0:円未満,5:四捨五入,0:切り捨て,9:切り上げ,1:発行済,0:未承認,,0:しない,1:修正,,,,,,,,,,,,,,,,1:後加工,2026/08/24,1:通常,ウルトラスエード,,,0,,,,,0:1明細目,,,"分割,スリット,EC",250.00,250,2,1,"H面外巻き（50ⅿまきのみ）

200ⅿは龍田化学向け",,50101,トーレペフ W(自材),1:対象外,0,0.00,200.00,,,,"3,000",0,200.00,15.00,A2F25AHF5200FN1,551,ペフ,50101,トーレペフ W(自材),,,,,,,000001,2製品,02,社外加工,15025-AH1F-1550X200F-A   S,,M,0:自社,,,,済,,,,,,191563W,,6783,古家 淳子,,,0:なし,0,0
00082397,原反,001,2026/08/10,2026/08/24,2026/08/24,2026/08/31,0:通常,0:通常,01,505201,湖南52,000052,湖南工場,049006,東ﾚ(株) 自材部,,,,,,,,,,,,,,,,,,,520201,湖南工場01本倉庫,0015,末締,01,東レ本体,0:しない,,,,W8-19,100,,,"6,400",0,0:未完,0:未完,0:通常,1:税抜,0,3:請求合計,1:金額,0:円未満,5:四捨五入,0:切り捨て,9:切り上げ,1:発行済,0:未承認,,0:しない,1:修正,,,,,,,,,,,,,,,,1:後加工,2026/08/24,1:通常,ウルトラスエード,,,0,,,,,0:1明細目,,,"分割,スリット,EC",250.00,250,2,1,"H面外巻き（50ⅿまきのみ）

200ⅿは龍田化学向け",,50101,トーレペフ W(自材),1:対象外,0,0.00,250.00,S ,2013,スリット機1　湖南,0,0,0.00,0.00,B2F25AHF5250FN1,551,ペフ,50101,トーレペフ W(自材),,,,,,,000001,2製品,02,社外加工,15025-AH1F-1550X250F-A   S,,M,0:自社,,,,,,,,,,,2026/08/19,6780,古家 淳子,,,,0,1
00082398,製品,001,2026/08/10,2026/08/24,2026/08/24,2026/08/31,0:通常,0:通常,01,505201,湖南52,000052,湖南工場,049006,東ﾚ(株) 自材部,,,,,,,,,,,,,,,,,,,520201,湖南工場01本倉庫,0015,末締,01,東レ本体,0:しない,,,,W8-20,100,,,"2,520",0,0:未完,0:未完,0:通常,1:税抜,0,3:請求合計,1:金額,0:円未満,5:四捨五入,0:切り捨て,9:切り上げ,1:発行済,0:未承認,,0:しない,1:修正,,,,,,,,,,,,,,,,1:後加工,2026/08/24,1:通常,ウルトラスエード,,,0,,,,,0:1明細目,,,EC,70.00,70,1,1,H面外巻き,,50101,トーレペフ W(自材),1:対象外,0,0.00,70.00,,,,"2,520",0,70.00,36.00,A2I25NRF5100FBG,551,ペフ,50101,トーレペフ W(自材),,,,,,,000001,2製品,02,社外加工,18025-NRHW-1550X 70F-ABK0G,,M,0:自社,,,,済,,,,,,191604G,,6798,古家 淳子,01,両面,0:なし,0,0
00082398,原反,001,2026/08/10,2026/08/24,2026/08/24,2026/08/31,0:通常,0:通常,01,505201,湖南52,000052,湖南工場,049006,東ﾚ(株) 自材部,,,,,,,,,,,,,,,,,,,520201,湖南工場01本倉庫,0015,末締,01,東レ本体,0:しない,,,,W8-20,100,,,"2,520",0,0:未完,0:未完,0:通常,1:税抜,0,3:請求合計,1:金額,0:円未満,5:四捨五入,0:切り捨て,9:切り上げ,1:発行済,0:未承認,,0:しない,1:修正,,,,,,,,,,,,,,,,1:後加工,2026/08/24,1:通常,ウルトラスエード,,,0,,,,,0:1明細目,,,EC,70.00,70,1,1,H面外巻き,,50101,トーレペフ W(自材),1:対象外,0,0.00,70.00,S ,2012,EC機　湖南,0,0,0.00,0.00,B2I25SRF5100FBG,551,ペフ,50101,トーレペフ W(自材),,,,,,,000001,2製品,02,社外加工,18025-SRHW-1550X 70F-ABK0G,,M,0:自社,,,,,,,,,,,2026/08/19,6798,古家 淳子,,,,0,1
00082399,製品,001,2026/08/10,2026/08/24,2026/08/24,2026/08/31,0:通常,0:通常,01,505201,湖南52,000052,湖南工場,049006,東ﾚ(株) 自材部,,,,,,,,,,,,,,,,,,,520201,湖南工場01本倉庫,0015,末締,01,東レ本体,0:しない,,,,W8-21,100,,,"2,520",0,0:未完,0:未完,0:通常,1:税抜,0,3:請求合計,1:金額,0:円未満,5:四捨五入,0:切り捨て,9:切り上げ,1:発行済,0:未承認,,0:しない,1:修正,,,,,,,,,,,,,,,,1:後加工,2026/08/24,1:通常,ウルトラスエード,,,0,,,,,0:1明細目,,,EC,70.00,70,1,1,H面外巻き,,50101,トーレペフ W(自材),1:対象外,0,0.00,70.00,,,,"2,520",0,70.00,36.00,A2K25NRF5100FBG,551,ペフ,50101,トーレペフ W(自材),,,,,,,000001,2製品,02,社外加工,20025-NRHW-1550X 70F-ABK0G,,M,0:自社,,,,済,,,,,,191605Y,,6798,古家 淳子,01,両面,0:なし,0,0
00082399,原反,001,2026/08/10,2026/08/24,2026/08/24,2026/08/31,0:通常,0:通常,01,505201,湖南52,000052,湖南工場,049006,東ﾚ(株) 自材部,,,,,,,,,,,,,,,,,,,520201,湖南工場01本倉庫,0015,末締,01,東レ本体,0:しない,,,,W8-21,100,,,"2,520",0,0:未完,0:未完,0:通常,1:税抜,0,3:請求合計,1:金額,0:円未満,5:四捨五入,0:切り捨て,9:切り上げ,1:発行済,0:未承認,,0:しない,1:修正,,,,,,,,,,,,,,,,1:後加工,2026/08/24,1:通常,ウルトラスエード,,,0,,,,,0:1明細目,,,EC,70.00,70,1,1,H面外巻き,,50101,トーレペフ W(自材),1:対象外,0,0.00,70.00,S ,2012,EC機　湖南,0,0,0.00,0.00,B2K25SRF5100FBG,551,ペフ,50101,トーレペフ W(自材),,,,,,,000001,2製品,02,社外加工,20025-SRHW-1550X 70F-ABK0G,,M,0:自社,,,,,,,,,,,2026/08/19,6798,古家 淳子,,,,0,1
00082402,製品,001,2026/08/10,2026/08/21,2026/08/21,2026/08/31,0:通常,0:通常,01,505201,湖南52,000052,湖南工場,049052,東ﾚﾍﾟﾌ加工品(株) 国分・湖南,,,,,,,,,,,,,,,,,,,520201,湖南工場01本倉庫,0015,末締,02,東レグループ,0:しない,,,,PN08-05,100,,,"39,200",0,0:未完,0:未完,0:通常,1:税抜,0,3:請求合計,1:金額,0:円未満,5:四捨五入,9:切り上げ,5:四捨五入,1:発行済,0:未承認,,0:しない,0:新規,,,,,,,,,,,,,,,,1:後加工,2026/08/21,1:通常,,,,0,,,,,0:1明細目,,,"梱包,EC","2,000.00","2,000",1,1,,,50200,ＴＰＩ,1:対象外,0,0.00,"2,000.00",,,,"39,200",0,"2,000.00",19.60,A3O202BA0100FL1,551,ペフ,50200,ＴＰＩ,,,,,,,000001,2製品,02,社外加工,FEL3002BY05WDLG-EC,,M,0:自社,,,,済,済,,,,,P76062,,7C8 ,古家 淳子,,,0:なし,0,0
00082402,原反,001,2026/08/10,2026/08/21,2026/08/21,2026/08/31,0:通常,0:通常,01,505201,湖南52,000052,湖南工場,049052,東ﾚﾍﾟﾌ加工品(株) 国分・湖南,,,,,,,,,,,,,,,,,,,520201,湖南工場01本倉庫,0015,末締,02,東レグループ,0:しない,,,,PN08-05,100,,,"39,200",0,0:未完,0:未完,0:通常,1:税抜,0,3:請求合計,1:金額,0:円未満,5:四捨五入,9:切り上げ,5:四捨五入,1:発行済,0:未承認,,0:しない,0:新規,,,,,,,,,,,,,,,,1:後加工,2026/08/21,1:通常,,,,0,,,,,0:1明細目,,,"梱包,EC","2,000.00","2,000",1,1,,,50200,ＴＰＩ,1:対象外,0,0.00,"2,000.00",K ,2014,SEC機　湖南,0,0,0.00,0.00,B3O202BA0100FLA,551,ペフ,50200,ＴＰＩ,,,,,,,000001,2製品,02,社外加工,FEL3002BY05WD-1000X100   LG,,M,0:自社,,,,,,,,,,,2026/08/17,7A1 ,古家 淳子,,,,0,20
00082403,製品,001,2026/08/10,2026/08/28,2026/08/28,2026/08/31,0:通常,0:通常,01,505201,湖南52,000052,湖南工場,049006,東ﾚ(株) 自材部,,,,,,,,,,,,,,,,,,,520201,湖南工場01本倉庫,0015,末締,01,東レ本体,0:しない,,,,C8-16,100,,,"104,000",0,0:未完,0:未完,0:通常,1:税抜,0,3:請求合計,1:金額,0:円未満,5:四捨五入,0:切り捨て,9:切り上げ,1:発行済,0:未承認,,0:しない,1:修正,,,,,,,,,,,,,,,,1:後加工,2026/08/28,1:通常,屋根,,,0,,,,,0:1明細目,,,SEC,"8,000.00","4,000",1,1,,,50103,トーレペフ Y(工材),1:対象外,0,0.00,"8,000.00",,,,"104,000",0,"8,000.00",13.00,A2P408Y68200FB1,551,ペフ,50103,トーレペフ Y(工材),,,,,,,000001,2製品,02,社外加工,0R040-8Y0B- 680X200F-ABG1C,,M,0:自社,,,,済,,,,,,191512W,,6713,古家 淳子,,,0:なし,0,0
00082403,原反,001,2026/08/10,2026/08/28,2026/08/28,2026/08/31,0:通常,0:通常,01,505201,湖南52,000052,湖南工場,049006,東ﾚ(株) 自材部,,,,,,,,,,,,,,,,,,,520201,湖南工場01本倉庫,0015,末締,01,東レ本体,0:しない,,,,C8-16,100,,,"104,000",0,0:未完,0:未完,0:通常,1:税抜,0,3:請求合計,1:金額,0:円未満,5:四捨五入,0:切り捨て,9:切り上げ,1:発行済,0:未承認,,0:しない,1:修正,,,,,,,,,,,,,,,,1:後加工,2026/08/28,1:通常,屋根,,,0,,,,,0:1明細目,,,SEC,"8,000.00","4,000",1,1,,,50103,トーレペフ Y(工材),1:対象外,0,0.00,"4,000.00",S ,2014,SEC機　湖南,0,0,0.00,0.00,B2Q60AY68200FB1,551,ペフ,55109,ﾍﾟﾌ　その他,,,,,,,000001,2製品,02,社外加工,50080-AY0B- 680X200F-ABG1C,,M,0:自社,,,,,,,,,,,2026/08/21,6710,古家 淳子,,,,0,20
00082405,製品,001,2026/08/11,2026/08/28,2026/08/28,2026/08/31,0:通常,0:通常,01,505101,国分後加工511,000051,国分後加工,049006,東ﾚ(株) 自材部,,,,,,,,,,,,,,,,,,,511101,国分工場01本倉庫,0015,末締,01,東レ本体,0:しない,,,,T8-31,100,,,"79,200",0,0:未完,0:未完,0:通常,1:税抜,0,3:請求合計,1:金額,0:円未満,5:四捨五入,0:切り捨て,9:切り上げ,0:未発行,0:未承認,,0:しない,0:新規,,,,,,0051,国分,,,,,,,,,1:後加工,2026/08/28,1:通常,中央物産,,,0,,,,,0:1明細目,,接続：ベージュテープ50mm幅　ぬれ検査頻度：1回/5本,EC,"4,400.00","4,400",1,1,,,50103,トーレペフ Y(工材),1:対象外,0,0.00,"4,400.00",,,,"79,200",0,"4,400.00",18.00,A1O50JGA3200FB4,551,ペフ,50103,トーレペフ Y(工材),,,999999,対象外,,,000001,2製品,02,社外加工,30050-JG00-1030x200FABK0Q,,m,0:自社,,,,済,,,,,,,,6713,池谷 弦紀,02,Ｑ面,0:なし,0,0
00082405,原反,001,2026/08/11,2026/08/28,2026/08/28,2026/08/31,0:通常,0:通常,01,505101,国分後加工511,000051,国分後加工,049006,東ﾚ(株) 自材部,,,,,,,,,,,,,,,,,,,511101,国分工場01本倉庫,0015,末締,01,東レ本体,0:しない,,,,T8-31,100,,,"79,200",0,0:未完,0:未完,0:通常,1:税抜,0,3:請求合計,1:金額,0:円未満,5:四捨五入,0:切り捨て,9:切り上げ,0:未発行,0:未承認,,0:しない,0:新規,,,,,,0051,国分,,,,,,,,,1:後加工,2026/08/28,1:通常,中央物産,,,0,,,,,0:1明細目,,接続：ベージュテープ50mm幅　ぬれ検査頻度：1回/5本,EC,"4,400.00","4,400",1,1,,,50103,トーレペフ Y(工材),1:対象外,0,0.00,"4,400.00",SG,1021,EC,0,0,0.00,0.00,B1O50AGA3200FB4,551,ペフ,55109,ﾍﾟﾌ　その他,,,,,,,000001,2製品,02,社外加工,30050-AG00-1030X200FA BK0C,,m,0:自社,,,,,,,,,,,2026/08/21,6710,池谷 弦紀,,,,0,22
00082407,製品,001,2026/08/11,2026/08/31,2026/08/31,2026/08/31,0:通常,0:通常,01,505101,国分後加工511,000051,国分後加工,049006,東ﾚ(株) 自材部,,,,,,,,,,,,,,,,,,,511101,国分工場01本倉庫,,,01,東レ本体,0:しない,,,,T8-32,100,,,"43,200",0,0:未完,0:未完,0:通常,1:税抜,0,3:請求合計,1:金額,0:円未満,5:四捨五入,0:切り捨て,9:切り上げ,1:発行済,0:未承認,,0:しない,1:修正,,,,,,0051,国分,,,,,,,,,1:後加工,2026/08/31,1:通常,中央物産,,,0,,,,,0:1明細目,,接続方法：両面ﾍﾞｰｼﾞｭﾊﾝﾃﾞｨｶｯﾄﾃｰﾌﾟ(幅:50mm),EC,"2,400.00","2,400",1,1,,,50103,トーレペフ Y(工材),1:対象外,0,0.00,"2,400.00",,,,"43,200",0,"2,400.00",18.00,A1O40JGA3200FB4,551,ペフ,50103,トーレペフ Y(工材),,,999999,対象外,,,000001,2製品,02,社外加工,30040-JG00-1030x200FABK0Q,,m,0:自社,,,,済,,,,,,191632B,,6713,池谷 弦紀,02,Ｑ面,0:なし,0,0
00082407,原反,001,2026/08/11,2026/08/31,2026/08/31,2026/08/31,0:通常,0:通常,01,505101,国分後加工511,000051,国分後加工,049006,東ﾚ(株) 自材部,,,,,,,,,,,,,,,,,,,511101,国分工場01本倉庫,,,01,東レ本体,0:しない,,,,T8-32,100,,,"43,200",0,0:未完,0:未完,0:通常,1:税抜,0,3:請求合計,1:金額,0:円未満,5:四捨五入,0:切り捨て,9:切り上げ,1:発行済,0:未承認,,0:しない,1:修正,,,,,,0051,国分,,,,,,,,,1:後加工,2026/08/31,1:通常,中央物産,,,0,,,,,0:1明細目,,接続方法：両面ﾍﾞｰｼﾞｭﾊﾝﾃﾞｨｶｯﾄﾃｰﾌﾟ(幅:50mm),EC,"2,400.00","2,400",1,1,,,50103,トーレペフ Y(工材),1:対象外,0,0.00,"2,400.00",SG,1021,EC,0,0,0.00,0.00,B1O40AGA3200FB4,551,ペフ,55109,ﾍﾟﾌ　その他,,,,,,,000001,2製品,02,社外加工,30040-AG00-1030x200FABK0C,,m,0:自社,,,,,,,,,,,2026/08/24,6710,池谷 弦紀,,,,0,12
00082408,製品,001,2026/08/11,2026/08/31,2026/08/31,2026/08/31,0:通常,0:通常,01,505101,国分後加工511,000051,国分後加工,049006,東ﾚ(株) 自材部,,,,,,,,,,,,,,,,,,,511101,国分工場01本倉庫,0015,末締,01,東レ本体,0:しない,,,,T8-33,100,,,"56,000",0,0:未完,0:未完,0:通常,1:税抜,0,3:請求合計,1:金額,0:円未満,5:四捨五入,0:切り捨て,9:切り上げ,1:発行済,0:未承認,,0:しない,1:修正,,,,,,0051,国分,,,,,,,,,1:後加工,2026/08/31,1:通常,中央物産,,,0,,,,,0:1明細目,,接続：ベージュテープ50mm幅　ぬれ検査頻度：1回/5本　スライス行き,"EC,スライス","2,800.00","1,400",1,1,,,50103,トーレペフ Y(工材),1:対象外,0,0.00,"2,800.00",,,,"56,000",0,"2,800.00",20.00,A1O20KGA3200FB4,551,ペフ,50103,トーレペフ Y(工材),,,999999,対象外,,,000001,2製品,02,社外加工,30020-KG00-1030x200FABK0C,,m,0:自社,,,,済,,,,,,191640S,,6713,池谷 弦紀,06,スキン面,0:なし,0,0
00082408,原反,001,2026/08/11,2026/08/31,2026/08/31,2026/08/31,0:通常,0:通常,01,505101,国分後加工511,000051,国分後加工,049006,東ﾚ(株) 自材部,,,,,,,,,,,,,,,,,,,511101,国分工場01本倉庫,0015,末締,01,東レ本体,0:しない,,,,T8-33,100,,,"56,000",0,0:未完,0:未完,0:通常,1:税抜,0,3:請求合計,1:金額,0:円未満,5:四捨五入,0:切り捨て,9:切り上げ,1:発行済,0:未承認,,0:しない,1:修正,,,,,,0051,国分,,,,,,,,,1:後加工,2026/08/31,1:通常,中央物産,,,0,,,,,0:1明細目,,接続：ベージュテープ50mm幅　ぬれ検査頻度：1回/5本　スライス行き,"EC,スライス","2,800.00","1,400",1,1,,,50103,トーレペフ Y(工材),1:対象外,0,0.00,"1,400.00",SG,1021,EC,0,0,0.00,0.00,B1O40AGA3200FB4,551,ペフ,55109,ﾍﾟﾌ　その他,,,,,,,000001,2製品,02,社外加工,30040-AG00-1030X200FA BK0C,,m,0:自社,,,,,,,,,,,2026/08/25,6710,池谷 弦紀,,,,0,7
00082409,製品,001,2026/08/11,2026/08/24,2026/08/24,2026/08/31,0:通常,0:通常,01,505101,国分後加工511,000051,国分後加工,049006,東ﾚ(株) 自材部,,,,,,,,,,,,,,,,,,,511101,国分工場01本倉庫,,,01,東レ本体,0:しない,,,,T8-41,100,,,"3,000",0,0:未完,0:未完,0:通常,1:税抜,0,3:請求合計,1:金額,0:円未満,5:四捨五入,0:切り捨て,9:切り上げ,1:発行済,0:未承認,,0:しない,1:修正,,,,,,0051,国分,,,,,,,,,1:後加工,2026/08/24,1:通常,恵比寿三重,,,0,,,,,0:1明細目,,,分割,200.00,200,1,1,,,50103,トーレペフ Y(工材),1:対象外,0,0.00,200.00,,,,"3,000",0,200.00,15.00,A1OA0AGA0050FB4,551,ペフ,50103,トーレペフ Y(工材),,,999999,対象外,,,000001,2製品,02,社外加工,30100-AG00-1000X 50FA    C,,m,0:自社,,,,済,済,,,,,191571Z,,6710,池谷 弦紀,,,0:なし,0,0
00082409,原反,001,2026/08/11,2026/08/24,2026/08/24,2026/08/31,0:通常,0:通常,01,505101,国分後加工511,000051,国分後加工,049006,東ﾚ(株) 自材部,,,,,,,,,,,,,,,,,,,511101,国分工場01本倉庫,,,01,東レ本体,0:しない,,,,T8-41,100,,,"3,000",0,0:未完,0:未完,0:通常,1:税抜,0,3:請求合計,1:金額,0:円未満,5:四捨五入,0:切り捨て,9:切り上げ,1:発行済,0:未承認,,0:しない,1:修正,,,,,,0051,国分,,,,,,,,,1:後加工,2026/08/24,1:通常,恵比寿三重,,,0,,,,,0:1明細目,,,分割,200.00,200,1,1,,,50103,トーレペフ Y(工材),1:対象外,0,0.00,200.00,SG,1043,スリット機2,0,0,0.00,0.00,B1OA0AGA0050FB4,551,ペフ,55109,ﾍﾟﾌ　その他,,,,,,,000003,4原材料,02,社外加工,30100-AG00-1000X100FA C,,m,0:自社,,,,,,,,,,,2026/08/18,6710,池谷 弦紀,,,,0,2
00082411,製品,001,2026/08/11,2026/08/31,2026/08/31,2026/08/31,0:通常,0:通常,01,505101,国分後加工511,000051,国分後加工,049006,東ﾚ(株) 自材部,,,,,,,,,,,,,,,,,,,511101,国分工場01本倉庫,0015,末締,01,東レ本体,0:しない,,,,Y8-133,100,,,"13,200",0,0:未完,0:未完,0:通常,1:税抜,0,3:請求合計,1:金額,0:円未満,5:四捨五入,0:切り捨て,9:切り上げ,1:発行済,0:未承認,,0:しない,1:修正,,,,,,0051,国分,,,,,,,,,1:後加工,2026/08/31,1:通常,カラヤン,,,0,,,,,0:1明細目,"76-150m長
接続：３個以内、10m間隔",接続：ベージュテープ50mm幅　ぬれ検査頻度：1回/5本,"EC,分割",400.00,400,1,1,検査前入庫依頼,,50103,トーレペフ Y(工材),1:対象外,0,0.00,400.00,,,,"13,200",0,400.00,33.00,A1O50JGA0100FB4,551,ペフ,50103,トーレペフ Y(工材),,,999999,対象外,,,000001,2製品,02,社外加工,30050-JG00-1030X100F-ABK0H,,m,0:自社,,,,済,,,,,,191542V,,6713,池谷 弦紀,03,Ｈ面,0:なし,0,0
00082411,原反,001,2026/08/11,2026/08/31,2026/08/31,2026/08/31,0:通常,0:通常,01,505101,国分後加工511,000051,国分後加工,049006,東ﾚ(株) 自材部,,,,,,,,,,,,,,,,,,,511101,国分工場01本倉庫,0015,末締,01,東レ本体,0:しない,,,,Y8-133,100,,,"13,200",0,0:未完,0:未完,0:通常,1:税抜,0,3:請求合計,1:金額,0:円未満,5:四捨五入,0:切り捨て,9:切り上げ,1:発行済,0:未承認,,0:しない,1:修正,,,,,,0051,国分,,,,,,,,,1:後加工,2026/08/31,1:通常,カラヤン,,,0,,,,,0:1明細目,"76-150m長
接続：３個以内、10m間隔",接続：ベージュテープ50mm幅　ぬれ検査頻度：1回/5本,"EC,分割",400.00,400,1,1,検査前入庫依頼,,50103,トーレペフ Y(工材),1:対象外,0,0.00,400.00,SG,1021,EC,0,0,0.00,0.00,B1O50AGA0200FB4,551,ペフ,55109,ﾍﾟﾌ　その他,,,,,,,000001,2製品,02,社外加工,30050-AG00-1030X200FA BK0C,,m,0:自社,,,,,,,,,,,2026/08/25,6710,池谷 弦紀,,,,0,2
00082412,製品,001,2026/08/11,2026/09/07,2026/09/07,2026/08/31,0:通常,0:通常,01,505101,国分後加工511,000051,国分後加工,049006,東ﾚ(株) 自材部,,,,,,,,,,,,,,,,,,,511101,国分工場01本倉庫,0015,末締,01,東レ本体,0:しない,,,,Y8-117,100,,,"17,600",0,0:未完,0:未完,0:通常,1:税抜,0,3:請求合計,1:金額,0:円未満,5:四捨五入,0:切り捨て,9:切り上げ,0:未発行,0:未承認,,0:しない,1:修正,,,,,,0051,国分,,,,,,,,,1:後加工,2026/09/07,1:通常,光洋産業,,,0,,,,,0:1明細目,,,スライス,"1,600.00",800,1,1,検査前入庫依頼,,50103,トーレペフ Y(工材),1:対象外,0,0.00,"1,600.00",,,,"17,600",0,"1,600.00",11.00,A1O20BGA5200FG3,551,ペフ,50103,トーレペフ Y(工材),,,999999,対象外,,,000001,2製品,02,社外加工,30020-BG20-1050X200F-AGA0U,,m,0:自社,,,,済,,,,,,,,6713,池谷 弦紀,,,0:なし,0,0
00082412,原反,001,2026/08/11,2026/09/07,2026/09/07,2026/08/31,0:通常,0:通常,01,505101,国分後加工511,000051,国分後加工,049006,東ﾚ(株) 自材部,,,,,,,,,,,,,,,,,,,511101,国分工場01本倉庫,0015,末締,01,東レ本体,0:しない,,,,Y8-117,100,,,"17,600",0,0:未完,0:未完,0:通常,1:税抜,0,3:請求合計,1:金額,0:円未満,5:四捨五入,0:切り捨て,9:切り上げ,0:未発行,0:未承認,,0:しない,1:修正,,,,,,0051,国分,,,,,,,,,1:後加工,2026/09/07,1:通常,光洋産業,,,0,,,,,0:1明細目,,,スライス,"1,600.00",800,1,1,検査前入庫依頼,,50103,トーレペフ Y(工材),1:対象外,0,0.00,800.00,SG,1011,スライス機1,0,0,0.00,0.00,B1O40AGA5200FG3,551,ペフ,50106,トーレペフ T(工材),,,,,,,000003,4原材料,02,社外加工,30040-AG20-1050X200FA GA0U,,m,0:自社,,,,,,,,,,,2026/09/01,6710,池谷 弦紀,,,,0,4
00082413,製品,001,2026/08/11,2026/08/25,2026/08/25,2026/08/31,0:通常,0:通常,01,505101,国分後加工511,000051,国分後加工,049006,東ﾚ(株) 自材部,,,,,,,,,,,,,,,,,,,511101,国分工場01本倉庫,0015,末締,01,東レ本体,0:しない,,,,Y8-118,100,,,"41,760",0,0:未完,0:未完,0:通常,1:税抜,0,3:請求合計,1:金額,0:円未満,5:四捨五入,0:切り捨て,9:切り上げ,1:発行済,0:未承認,,0:しない,1:修正,,,,,,0051,国分,,,,,,,,,1:後加工,2026/08/25,1:通常,光洋産業,,,0,,,,,0:1明細目,,熱風温度上下：夏季370℃、冬季380℃,融着,174.00,"1,080",1,1,,,50103,トーレペフ Y(工材),1:対象外,0,0.00,174.00,,,,"41,760",0,174.00,240.00,A1OK0DGA0200ZG3,551,ペフ,50103,トーレペフ Y(工材),,,999999,対象外,,,000001,2製品,02,社外加工,30200-DG20-1000x200ZAGA0U,原反30066*3層,枚,0:自社,,,,済,,,,,,191516Y,,6713,池谷 弦紀,,,1:あり,3,0
00082413,原反,001,2026/08/11,2026/08/25,2026/08/25,2026/08/31,0:通常,0:通常,01,505101,国分後加工511,000051,国分後加工,049006,東ﾚ(株) 自材部,,,,,,,,,,,,,,,,,,,511101,国分工場01本倉庫,0015,末締,01,東レ本体,0:しない,,,,Y8-118,100,,,"41,760",0,0:未完,0:未完,0:通常,1:税抜,0,3:請求合計,1:金額,0:円未満,5:四捨五入,0:切り捨て,9:切り上げ,1:発行済,0:未承認,,0:しない,1:修正,,,,,,0051,国分,,,,,,,,,1:後加工,2026/08/25,1:通常,光洋産業,,,0,,,,,0:1明細目,,熱風温度上下：夏季370℃、冬季380℃,融着,174.00,"1,080",1,1,,,50103,トーレペフ Y(工材),1:対象外,0,0.00,"1,080.00",SG,1121,融着機,0,0,0.00,0.00,B1O66AGA5180FG3,551,ペフ,55109,ﾍﾟﾌ　その他,,,,,,,000001,2製品,02,社外加工,30066-AG20-1050X180FA GA0U,,m,0:自社,,,,,,,,,,,2026/08/19,6710,池谷 弦紀,,,,0,6
00082414,製品,001,2026/08/11,2026/10/01,2026/10/01,2026/08/31,0:通常,0:通常,01,105501,営業55,000571,中川 航一,900001,持込・引取・出荷のみ,持込・引取・出荷のみ,,,,,,,,049002,東レ株式会社 滋賀事業場,東レ株式会社 滋賀事業場,ﾄﾚﾋﾞｰﾉ生産課　本間,520-0824,滋賀県大津市園山1-1-1,研東4号館,,077-533-8076,,511101,国分工場01本倉庫,0007,随 出荷日＝売上計上,03,その他,1:する,2:様,1:する,2:様,,100,ﾄﾚﾋﾞｰﾉ生産課 本間様,,0,0,0:未完,0:未完,0:通常,1:税抜,0,1:伝票明細,1:金額,0:円未満,0:切り捨て,0:切り捨て,0:切り捨て,1:発行済,0:未承認,,0:しない,1:修正,,,,,,1001,営業,,,先行手配依頼書(数量納期確定次第ご連絡します),納入仕様書NQ5EG-01-20-01準拠、新)検査成績書にて納入年月日空欄で発行,1ﾊﾟｯｸ＝240個入厳守,※原反の手配もお願いいたします。,,,2:自社,,1:通常,ﾄﾚﾋﾞｰﾉ生産課,,,0,,,,,0:1明細目,"ｶｯﾄｻｲｽﾞ：1030X50ZA→センター割
打ち抜き：100丁取
目抜き：1ﾊﾟｯｸ→240枚入　1ｹｰｽ→10ﾊﾟｯｸ入",巻芯部分(約9ｍ)カールがきついため使用不可,"カット,打抜き,目抜き","32,160.00",0,1,1,,,51200,自社加工,1:対象外,0,0.00,"32,160.00",,,,0,0,"32,160.00",0.00,A5A55AG39245ZN1,551,ペフ,51200,自社加工,,,420300,東レ-売上,,,000001,2製品,01,社外製品,SMXﾍﾟﾌﾘﾝｸﾞφ39.5/24.5-10055,(AK-800-010-3),枚,0:自社,,,,,,,,,,,,TRAY,中川 航一,,,0:なし,0,0
00082414,原反,001,2026/08/11,2026/10/01,2026/10/01,2026/08/31,0:通常,0:通常,01,105501,営業55,000571,中川 航一,900001,持込・引取・出荷のみ,持込・引取・出荷のみ,,,,,,,,049002,東レ株式会社 滋賀事業場,東レ株式会社 滋賀事業場,ﾄﾚﾋﾞｰﾉ生産課　本間,520-0824,滋賀県大津市園山1-1-1,研東4号館,,077-533-8076,,511101,国分工場01本倉庫,0007,随 出荷日＝売上計上,03,その他,1:する,2:様,1:する,2:様,,100,ﾄﾚﾋﾞｰﾉ生産課 本間様,,0,0,0:未完,0:未完,0:通常,1:税抜,0,1:伝票明細,1:金額,0:円未満,0:切り捨て,0:切り捨て,0:切り捨て,1:発行済,0:未承認,,0:しない,1:修正,,,,,,1001,営業,,,先行手配依頼書(数量納期確定次第ご連絡します),納入仕様書NQ5EG-01-20-01準拠、新)検査成績書にて納入年月日空欄で発行,1ﾊﾟｯｸ＝240個入厳守,※原反の手配もお願いいたします。,,,2:自社,,1:通常,ﾄﾚﾋﾞｰﾉ生産課,,,0,,,,,0:1明細目,"ｶｯﾄｻｲｽﾞ：1030X50ZA→センター割
打ち抜き：100丁取
目抜き：1ﾊﾟｯｸ→240枚入　1ｹｰｽ→10ﾊﾟｯｸ入",巻芯部分(約9ｍ)カールがきついため使用不可,"カット,打抜き,目抜き","32,160.00",0,1,1,,,51200,自社加工,1:対象外,0,0.00,0.00,,1041,単板カット機,0,0,0.00,0.00,P5A55AGA3050FN1,551,ペフ,55109,ﾍﾟﾌ　その他,,,420303,東レ-仕入-材,,,000003,4原材料,01,社外製品,10055-AG00-1030X 50FA    C,,m,0:自社,,,,,,,,,,,,JSYA,中川 航一,,,,0,0
00082415,製品,001,2026/08/11,2026/08/25,2026/08/25,2026/08/31,0:通常,0:通常,01,505101,国分後加工511,000051,国分後加工,049006,東ﾚ(株) 自材部,,,,,,,,,,,,,,,,,,,511101,国分工場01本倉庫,0015,末締,01,東レ本体,0:しない,,,,Y8-119,100,,,"38,800",0,0:未完,0:未完,0:通常,1:税抜,0,3:請求合計,1:金額,0:円未満,5:四捨五入,0:切り捨て,9:切り上げ,1:発行済,0:未承認,,0:しない,1:修正,,,,,,0051,国分,,,,,,,,,1:後加工,2026/08/25,1:通常,光洋産業,,,0,,,,,0:1明細目,巻芯部1.5mは使用しないこと。,原反巻き芯部1.5mは使用しないこと！　熱風温度上下：夏季360℃、冬季370℃,融着,194.00,800,1,1,,,50103,トーレペフ Y(工材),1:対象外,0,0.00,194.00,,,,"38,800",0,194.00,200.00,A1OA0DGA2200ZG3,551,ペフ,50103,トーレペフ Y(工材),,,999999,対象外,,,000001,2製品,02,社外加工,30100-DG20-1020x200ZAGA0U,,枚,0:自社,,,,済,,,,,,191517S,,6713,池谷 弦紀,,,1:あり,2,0
00082415,原反,001,2026/08/11,2026/08/25,2026/08/25,2026/08/31,0:通常,0:通常,01,505101,国分後加工511,000051,国分後加工,049006,東ﾚ(株) 自材部,,,,,,,,,,,,,,,,,,,511101,国分工場01本倉庫,0015,末締,01,東レ本体,0:しない,,,,Y8-119,100,,,"38,800",0,0:未完,0:未完,0:通常,1:税抜,0,3:請求合計,1:金額,0:円未満,5:四捨五入,0:切り捨て,9:切り上げ,1:発行済,0:未承認,,0:しない,1:修正,,,,,,0051,国分,,,,,,,,,1:後加工,2026/08/25,1:通常,光洋産業,,,0,,,,,0:1明細目,巻芯部1.5mは使用しないこと。,原反巻き芯部1.5mは使用しないこと！　熱風温度上下：夏季360℃、冬季370℃,融着,194.00,800,1,1,,,50103,トーレペフ Y(工材),1:対象外,0,0.00,800.00,SG,1121,融着機,0,0,0.00,0.00,B1O50AGA5200FG3,551,ペフ,50103,トーレペフ Y(工材),,,,,,,000003,4原材料,02,社外加工,30050-AG20-1050X200F-AGA0U,,m,0:自社,,,,,,,,,,,2026/08/19,6710,池谷 弦紀,,,,0,4
00082416,製品,001,2026/08/11,2026/09/16,2026/09/16,2026/08/31,0:通常,0:通常,01,105501,営業55,000571,中川 航一,049002,東ﾚ(株)滋賀事業場,,,,,,,,,049002,東レ株式会社 滋賀事業場,東レ株式会社 滋賀事業場,ﾄﾚﾋﾞｰﾉ生産課　本間,520-0824,滋賀県大津市園山1-1-1,研東4号館,,077-533-8076,,511101,国分工場01本倉庫,,,01,東レ本体,0:しない,,1:する,2:様,,100,ﾄﾚﾋﾞｰﾉ生産課 本間様,,"112,414","11,241",0:未完,0:未完,0:通常,1:税抜,0,2:伝票合計,1:金額,0:円未満,5:四捨五入,0:切り捨て,5:四捨五入,1:発行済,0:未承認,,0:しない,1:修正,,,,,,1001,営業,,,納入仕様書「NQ5EG-01-21」準拠、新)検査成績書にて納入年月日空欄で発行お願いします,１ﾊﾟｯｸ＝180個入厳守,,※原反の手配もお願いいたします。,,,2:自社,,1:通常,,,,0,,,,,0:1明細目,"自社 東レT-129 ｹｰｽ 
ｶｯﾄｻｲｽﾞ：10055-AG00-1030x34ZA
打ち抜き：95丁取
目抜き：1ﾊﾟｯｸ→180枚入　1ｹｰｽ→9ﾊﾟｯｸ入",,"カット,打抜き,目抜き","9,360.00",0,1,1,巻芯部分11ｍカールがきついため使用不可,,51200,自社加工,1:対象外,"67,954",7.26,"9,360.00",,,,"112,414",0,"9,360.00",12.01,A5A55AG46245ZN1,551,ペフ,51200,自社加工,,,420300,東レ-売上,,,000001,2製品,01,社外製品,SLXﾍﾟﾌﾘﾝｸﾞφ46.1/24.5-10055,(AK-801-010-1),枚,0:自社,,,,,,,,,,,,TRAY,中川 航一,,,0:なし,0,0
00082416,原反,001,2026/08/11,2026/09/16,2026/09/16,2026/08/31,0:通常,0:通常,01,105501,営業55,000571,中川 航一,049002,東ﾚ(株)滋賀事業場,,,,,,,,,049002,東レ株式会社 滋賀事業場,東レ株式会社 滋賀事業場,ﾄﾚﾋﾞｰﾉ生産課　本間,520-0824,滋賀県大津市園山1-1-1,研東4号館,,077-533-8076,,511101,国分工場01本倉庫,,,01,東レ本体,0:しない,,1:する,2:様,,100,ﾄﾚﾋﾞｰﾉ生産課 本間様,,"112,414","11,241",0:未完,0:未完,0:通常,1:税抜,0,2:伝票合計,1:金額,0:円未満,5:四捨五入,0:切り捨て,5:四捨五入,1:発行済,0:未承認,,0:しない,1:修正,,,,,,1001,営業,,,納入仕様書「NQ5EG-01-21」準拠、新)検査成績書にて納入年月日空欄で発行お願いします,１ﾊﾟｯｸ＝180個入厳守,,※原反の手配もお願いいたします。,,,2:自社,,1:通常,,,,0,,,,,0:1明細目,"自社 東レT-129 ｹｰｽ 
ｶｯﾄｻｲｽﾞ：10055-AG00-1030x34ZA
打ち抜き：95丁取
目抜き：1ﾊﾟｯｸ→180枚入　1ｹｰｽ→9ﾊﾟｯｸ入",,"カット,打抜き,目抜き","9,360.00",0,1,1,巻芯部分11ｍカールがきついため使用不可,,51200,自社加工,1:対象外,0,0.00,0.00,,1041,単板カット機,0,0,0.00,0.00,P5A55AGA3050FN1,551,ペフ,55109,ﾍﾟﾌ　その他,,,420303,東レ-仕入-材,,,000003,4原材料,01,社外製品,10055-AG00-1030X 50FA    C,,m,0:自社,,,,,,,,,,,,JSYA,中川 航一,,,,0,0
00082417,製品,001,2026/08/11,2026/08/26,2026/08/26,2026/08/31,0:通常,0:通常,01,505101,国分後加工511,000051,国分後加工,049006,東ﾚ(株) 自材部,,,,,,,,,,,,,,,,,,,511101,国分工場01本倉庫,0015,末締,01,東レ本体,0:しない,,,,Y8-131,100,,,"19,152",0,0:未完,0:未完,0:通常,1:税抜,0,3:請求合計,1:金額,0:円未満,5:四捨五入,0:切り捨て,9:切り上げ,1:発行済,0:未承認,,0:しない,1:修正,,,,,,0051,国分,,,,,,,,,1:後加工,2026/08/26,1:通常,サンエイ,,,0,,,,,0:1明細目,,熱風温度設定：夏季上310℃下330℃、冬季上320℃下340℃,融着,126.00,400,1,2,,,50103,トーレペフ Y(工材),1:対象外,0,0.00,126.00,,,,"19,152",0,126.00,152.00,A1OFBDGA0152ZB4,551,ペフ,50103,トーレペフ Y(工材),,,999999,対象外,,,000001,2製品,02,社外加工,30150-DG00-1000x152ZABK0,,枚,0:自社,,,,済,,,,,,191543B,,6713,池谷 弦紀,,,1:あり,2,0
00082417,原反,001,2026/08/11,2026/08/26,2026/08/26,2026/08/31,0:通常,0:通常,01,505101,国分後加工511,000051,国分後加工,049006,東ﾚ(株) 自材部,,,,,,,,,,,,,,,,,,,511101,国分工場01本倉庫,0015,末締,01,東レ本体,0:しない,,,,Y8-131,100,,,"19,152",0,0:未完,0:未完,0:通常,1:税抜,0,3:請求合計,1:金額,0:円未満,5:四捨五入,0:切り捨て,9:切り上げ,1:発行済,0:未承認,,0:しない,1:修正,,,,,,0051,国分,,,,,,,,,1:後加工,2026/08/26,1:通常,サンエイ,,,0,,,,,0:1明細目,,熱風温度設定：夏季上310℃下330℃、冬季上320℃下340℃,融着,126.00,400,1,2,,,50103,トーレペフ Y(工材),1:対象外,0,0.00,200.00,SG,1121,融着機,0,0,0.00,0.00,B1OA0AGA5100FBD,551,ペフ,55109,ﾍﾟﾌ　その他,,,,,,,000001,2製品,02,社外加工,30100-AG00-1050X100FA BK0M,,m,0:自社,,,,,,,,,,,2026/08/20,6710,池谷 弦紀,,,,0,2
00082417,原反,002,2026/08/11,2026/08/26,2026/08/26,2026/08/31,0:通常,0:通常,01,505101,国分後加工511,000051,国分後加工,049006,東ﾚ(株) 自材部,,,,,,,,,,,,,,,,,,,511101,国分工場01本倉庫,0015,末締,01,東レ本体,0:しない,,,,Y8-131,100,,,"19,152",0,0:未完,0:未完,0:通常,1:税抜,0,3:請求合計,1:金額,0:円未満,5:四捨五入,0:切り捨て,9:切り上げ,1:発行済,0:未承認,,0:しない,1:修正,,,,,,0051,国分,,,,,,,,,1:後加工,2026/08/26,1:通常,サンエイ,,,0,,,,,0:1明細目,,熱風温度設定：夏季上310℃下330℃、冬季上320℃下340℃,融着,126.00,400,1,2,,,50103,トーレペフ Y(工材),1:対象外,0,0.00,200.00,SG,1121,融着機,0,0,0.00,0.00,B1O50AGA5200FB4,551,ペフ,55109,ﾍﾟﾌ　その他,,,,,,,000003,4原材料,02,社外加工,30050-AG00-1050X200FA BK0C,,m,0:自社,,,,,,,,,,,2026/08/20,6710,池谷 弦紀,,,,0,1
00082418,製品,001,2026/08/11,2026/09/04,2026/09/04,2026/08/31,0:通常,0:通常,01,104101,営業41,000571,中川 航一,049002,東ﾚ(株)滋賀事業場,,,,,,,,,049002,東レ株式会社 滋賀事業場,東レ株式会社 滋賀事業場, ﾄﾚﾋﾞｰﾉ生産課 本間,520-0824,滋賀県大津市園山1-1-1, 研東4号館,,077-533-8076,,320301,大石工場01本倉庫,0015,末締,01,東レ本体,0:しない,,1:する,2:様,,100,滋賀ﾄﾚﾋﾞｰﾉ生産課 本間様,,"48,000","4,800",0:未完,0:未完,0:通常,1:税抜,0,2:伝票合計,1:金額,0:円未満,5:四捨五入,0:切り捨て,5:四捨五入,1:発行済,0:未承認,,0:しない,0:新規,,,,,,1001,営業,,,※巻取ｺｱ本数ご確認下さい　※作業前 装置清掃お願いします,納入仕様書のとおり加工・梱包、特に端面巻きｽﾞﾚ、異物付着にご注意ください,検査成績書発行,,,,2:自社,,1:通常,,,,0,,,,,0:1明細目,,0,ﾌｨﾙﾑｽﾘｯﾄ,1.00,0,1,1,,,41102,ﾌｨﾙﾑ　工業,1:対象外,"28,930","28,930.00",1.00,,,,"48,000",0,1.00,"48,000.00",F49900001,411,フィルム,41102,ﾌｨﾙﾑ　工業,,,,,,,000001,2製品,01,社外製品,ELEVES T0703WDO 0.25X1050mmx500m,→ｽﾘｯﾄ:140mm(±0.5mm)x500m*7R,式,0:自社,,,,済,,,,,,,,1   ,中川 航一,,,0:なし,0,0
00082418,原反,001,2026/08/11,2026/09/04,2026/09/04,2026/08/31,0:通常,0:通常,01,104101,営業41,000571,中川 航一,049002,東ﾚ(株)滋賀事業場,,,,,,,,,049002,東レ株式会社 滋賀事業場,東レ株式会社 滋賀事業場, ﾄﾚﾋﾞｰﾉ生産課 本間,520-0824,滋賀県大津市園山1-1-1, 研東4号館,,077-533-8076,,320301,大石工場01本倉庫,0015,末締,01,東レ本体,0:しない,,1:する,2:様,,100,滋賀ﾄﾚﾋﾞｰﾉ生産課 本間様,,"48,000","4,800",0:未完,0:未完,0:通常,1:税抜,0,2:伝票合計,1:金額,0:円未満,5:四捨五入,0:切り捨て,5:四捨五入,1:発行済,0:未承認,,0:しない,0:新規,,,,,,1001,営業,,,※巻取ｺｱ本数ご確認下さい　※作業前 装置清掃お願いします,納入仕様書のとおり加工・梱包、特に端面巻きｽﾞﾚ、異物付着にご注意ください,検査成績書発行,,,,2:自社,,1:通常,,,,0,,,,,0:1明細目,,0,ﾌｨﾙﾑｽﾘｯﾄ,1.00,0,1,1,,,41102,ﾌｨﾙﾑ　工業,1:対象外,0,0.00,0.00,,,,0,0,0.00,0.00,F4TR00002,411,フィルム,41102,ﾌｨﾙﾑ　工業,,,,,,,000004,3仕掛品,01,社外製品,ELEVES T0703WDO 1050mmX1000m,ﾄﾚﾋﾞｰﾉ生産課向け,ｍ,0:自社,,,,,,,,,,,,1   ,中川 航一,,,,0,0
00082419,製品,001,2026/08/11,2026/08/26,2026/08/26,2026/08/31,0:通常,0:通常,01,505101,国分後加工511,000051,国分後加工,049006,東ﾚ(株) 自材部,,,,,,,,,,,,,,,,,,,511101,国分工場01本倉庫,0015,末締,01,東レ本体,0:しない,,,,Y8-132,100,,,"19,200",0,0:未完,0:未完,0:通常,1:税抜,0,3:請求合計,1:金額,0:円未満,5:四捨五入,0:切り捨て,9:切り上げ,1:発行済,0:未承認,,0:しない,1:修正,,,,,,0051,国分,,,,,,,,,1:後加工,2026/08/26,1:通常,芙蓉アステック,,,0,,,,,0:1明細目,カール注意,熱風温度設定：夏季上310℃下330℃、冬季：上320℃下340℃,融着,96.00,400,1,2,Q面融着でお願いします,,50103,トーレペフ Y(工材),1:対象外,0,0.00,96.00,,,,"19,200",0,96.00,200.00,A1OFBDG98200ZB4,551,ペフ,50103,トーレペフ Y(工材),,,999999,対象外,,,000001,2製品,02,社外加工,30150-DG00-980x200ZABK0,,枚,0:自社,,,,済,,,,,,191574J,,6713,池谷 弦紀,,,0:なし,2,0
00082419,原反,001,2026/08/11,2026/08/26,2026/08/26,2026/08/31,0:通常,0:通常,01,505101,国分後加工511,000051,国分後加工,049006,東ﾚ(株) 自材部,,,,,,,,,,,,,,,,,,,511101,国分工場01本倉庫,0015,末締,01,東レ本体,0:しない,,,,Y8-132,100,,,"19,200",0,0:未完,0:未完,0:通常,1:税抜,0,3:請求合計,1:金額,0:円未満,5:四捨五入,0:切り捨て,9:切り上げ,1:発行済,0:未承認,,0:しない,1:修正,,,,,,0051,国分,,,,,,,,,1:後加工,2026/08/26,1:通常,芙蓉アステック,,,0,,,,,0:1明細目,カール注意,熱風温度設定：夏季上310℃下330℃、冬季：上320℃下340℃,融着,96.00,400,1,2,Q面融着でお願いします,,50103,トーレペフ Y(工材),1:対象外,0,0.00,200.00,SG,1121,融着機,0,0,0.00,0.00,B1OA0AGA0100FB4,551,ペフ,55109,ﾍﾟﾌ　その他,,,,,,,000001,2製品,02,社外加工,30100-AG00-1000X100FA BK0C,,m,0:自社,,,,,,,,,,,2026/08/20,6710,池谷 弦紀,,,,0,2
00082419,原反,002,2026/08/11,2026/08/26,2026/08/26,2026/08/31,0:通常,0:通常,01,505101,国分後加工511,000051,国分後加工,049006,東ﾚ(株) 自材部,,,,,,,,,,,,,,,,,,,511101,国分工場01本倉庫,0015,末締,01,東レ本体,0:しない,,,,Y8-132,100,,,"19,200",0,0:未完,0:未完,0:通常,1:税抜,0,3:請求合計,1:金額,0:円未満,5:四捨五入,0:切り捨て,9:切り上げ,1:発行済,0:未承認,,0:しない,1:修正,,,,,,0051,国分,,,,,,,,,1:後加工,2026/08/26,1:通常,芙蓉アステック,,,0,,,,,0:1明細目,カール注意,熱風温度設定：夏季上310℃下330℃、冬季：上320℃下340℃,融着,96.00,400,1,2,Q面融着でお願いします,,50103,トーレペフ Y(工材),1:対象外,0,0.00,200.00,SG,1121,融着機,0,0,0.00,0.00,B1O50AGA3200FB4,551,ペフ,55109,ﾍﾟﾌ　その他,,,,,,,000001,2製品,02,社外加工,30050-AG00-1030X200FA BK0C,,m,0:自社,,,,,,,,,,,2026/08/20,6710,池谷 弦紀,,,,0,1
00082420,製品,001,2026/08/11,2026/08/28,2026/08/28,2026/08/31,0:通常,0:通常,01,505101,国分後加工511,000051,国分後加工,049006,東ﾚ(株) 自材部,,,,,,,,,,,,,,,,,,,511101,国分工場01本倉庫,0015,末締,01,東レ本体,0:しない,,,,Y8-135,100,,,"19,096",0,0:未完,0:未完,0:通常,1:税抜,0,3:請求合計,1:金額,0:円未満,5:四捨五入,0:切り捨て,9:切り上げ,1:発行済,0:未承認,,0:しない,1:修正,,,,,,0051,国分,,,,,,,,,1:後加工,2026/08/28,1:通常,丸信化工,,,0,,,,,0:1明細目,カール注意,熱風設定温度：夏季上：310℃・下：330℃、冬季上：320℃・下：340℃,融着,154.00,400,1,2,検査前入庫依頼,,50103,トーレペフ Y(工材),1:対象外,0,0.00,154.00,,,,"19,096",0,154.00,124.00,A1OFBDG98122ZB4,551,ペフ,50103,トーレペフ Y(工材),,,999999,対象外,,,000001,2製品,02,社外加工,30150-DG00- 980X124ZA BK0,,枚,0:自社,,,,済,,,,,,191576V,,6713,池谷 弦紀,,,0:なし,2,0
00082420,原反,001,2026/08/11,2026/08/28,2026/08/28,2026/08/31,0:通常,0:通常,01,505101,国分後加工511,000051,国分後加工,049006,東ﾚ(株) 自材部,,,,,,,,,,,,,,,,,,,511101,国分工場01本倉庫,0015,末締,01,東レ本体,0:しない,,,,Y8-135,100,,,"19,096",0,0:未完,0:未完,0:通常,1:税抜,0,3:請求合計,1:金額,0:円未満,5:四捨五入,0:切り捨て,9:切り上げ,1:発行済,0:未承認,,0:しない,1:修正,,,,,,0051,国分,,,,,,,,,1:後加工,2026/08/28,1:通常,丸信化工,,,0,,,,,0:1明細目,カール注意,熱風設定温度：夏季上：310℃・下：330℃、冬季上：320℃・下：340℃,融着,154.00,400,1,2,検査前入庫依頼,,50103,トーレペフ Y(工材),1:対象外,0,0.00,200.00,SG,1121,融着機,0,0,0.00,0.00,B1OA0AGA0100FB4,551,ペフ,55109,ﾍﾟﾌ　その他,,,,,,,000001,2製品,02,社外加工,30100-AG00-1000X100FA BK0C,,m,0:自社,,,,,,,,,,,2026/08/24,6710,池谷 弦紀,,,,0,2
00082420,原反,002,2026/08/11,2026/08/28,2026/08/28,2026/08/31,0:通常,0:通常,01,505101,国分後加工511,000051,国分後加工,049006,東ﾚ(株) 自材部,,,,,,,,,,,,,,,,,,,511101,国分工場01本倉庫,0015,末締,01,東レ本体,0:しない,,,,Y8-135,100,,,"19,096",0,0:未完,0:未完,0:通常,1:税抜,0,3:請求合計,1:金額,0:円未満,5:四捨五入,0:切り捨て,9:切り上げ,1:発行済,0:未承認,,0:しない,1:修正,,,,,,0051,国分,,,,,,,,,1:後加工,2026/08/28,1:通常,丸信化工,,,0,,,,,0:1明細目,カール注意,熱風設定温度：夏季上：310℃・下：330℃、冬季上：320℃・下：340℃,融着,154.00,400,1,2,検査前入庫依頼,,50103,トーレペフ Y(工材),1:対象外,0,0.00,200.00,SG,1121,融着機,0,0,0.00,0.00,B1O50AGA0200FBD,551,ペフ,55109,ﾍﾟﾌ　その他,,,,,,,000001,2製品,02,社外加工,30050-AG00-1030X200FA BK0C,,m,0:自社,,,,,,,,,,,2026/08/24,6710,池谷 弦紀,,,,0,1
00082421,製品,001,2026/08/11,2026/08/31,2026/08/31,2026/08/31,0:通常,0:通常,01,505101,国分後加工511,000051,国分後加工,049006,東ﾚ(株) 自材部,,,,,,,,,,,,,,,,,,,511101,国分工場01本倉庫,0015,末締,01,東レ本体,0:しない,,,,Y8-120,100,,,"40,000",0,0:未完,0:未完,0:通常,1:税抜,0,3:請求合計,1:金額,0:円未満,5:四捨五入,0:切り捨て,9:切り上げ,1:発行済,0:未承認,,0:しない,1:修正,,,,,,0051,国分,,,,,,,,,1:後加工,2026/08/31,1:通常,ベルテクノプラント,,,0,,,,,0:1明細目,"遮光フィルム梱包
トリミング有り",注意:ｴｱｰ混入､ｽﾞﾚ､反り｡熱風温度上下：夏季360℃、冬季370℃,融着,400.00,800,1,1,R-A遮光フィルムバラ梱包,,50103,トーレペフ Y(工材),1:対象外,0,0.00,400.00,,,,"40,000",0,400.00,100.00,A1OA0DS97200RN1,551,ペフ,50105,トーレペフ V(TPI),,,,,,,000001,2製品,02,社外加工,30100-DS60- 970X100R-A,,枚,0:自社,,,,済,,,,,,191518M,,6783,池谷 弦紀,,,1:あり,2,0
00082421,原反,001,2026/08/11,2026/08/31,2026/08/31,2026/08/31,0:通常,0:通常,01,505101,国分後加工511,000051,国分後加工,049006,東ﾚ(株) 自材部,,,,,,,,,,,,,,,,,,,511101,国分工場01本倉庫,0015,末締,01,東レ本体,0:しない,,,,Y8-120,100,,,"40,000",0,0:未完,0:未完,0:通常,1:税抜,0,3:請求合計,1:金額,0:円未満,5:四捨五入,0:切り捨て,9:切り上げ,1:発行済,0:未承認,,0:しない,1:修正,,,,,,0051,国分,,,,,,,,,1:後加工,2026/08/31,1:通常,ベルテクノプラント,,,0,,,,,0:1明細目,"遮光フィルム梱包
トリミング有り",注意:ｴｱｰ混入､ｽﾞﾚ､反り｡熱風温度上下：夏季360℃、冬季370℃,融着,400.00,800,1,1,R-A遮光フィルムバラ梱包,,50103,トーレペフ Y(工材),1:対象外,0,0.00,800.00,SG,1121,融着機,0,0,0.00,0.00,B1O50ASA0200FN1,551,ペフ,50105,トーレペフ V(TPI),,,,,,,000001,2製品,02,社外加工,30050-AS60-1000X200F-A   C,,m,0:自社,,,,,,,,,,,2026/08/25,6780,池谷 弦紀,,,,0,4
00082422,製品,001,2026/08/11,2026/08/31,2026/08/31,2026/08/31,0:通常,0:通常,01,505101,国分後加工511,000051,国分後加工,049006,東ﾚ(株) 自材部,,,,,,,,,,,,,,,,,,,511101,国分工場01本倉庫,0015,末締,01,東レ本体,0:しない,,,,Y8-121,100,,,"38,800",0,0:未完,0:未完,0:通常,1:税抜,0,3:請求合計,1:金額,0:円未満,5:四捨五入,0:切り捨て,9:切り上げ,1:発行済,0:未承認,,0:しない,1:修正,,,,,,0051,国分,,,,,,,,,1:後加工,2026/08/31,1:通常,光洋産業,,,0,,,,,0:1明細目,巻芯部1.5mは使用しないこと。,原反巻き芯部1.5mは使用しないこと！　熱風温度上下：夏季360℃、冬季370℃,融着,194.00,800,1,1,,,50103,トーレペフ Y(工材),1:対象外,0,0.00,194.00,,,,"38,800",0,194.00,200.00,A1OA0DGA2200ZG3,551,ペフ,50103,トーレペフ Y(工材),,,999999,対象外,,,000001,2製品,02,社外加工,30100-DG20-1020x200ZAGA0U,,枚,0:自社,,,,済,,,,,,191519H,,6713,池谷 弦紀,,,1:あり,2,0
00082422,原反,001,2026/08/11,2026/08/31,2026/08/31,2026/08/31,0:通常,0:通常,01,505101,国分後加工511,000051,国分後加工,049006,東ﾚ(株) 自材部,,,,,,,,,,,,,,,,,,,511101,国分工場01本倉庫,0015,末締,01,東レ本体,0:しない,,,,Y8-121,100,,,"38,800",0,0:未完,0:未完,0:通常,1:税抜,0,3:請求合計,1:金額,0:円未満,5:四捨五入,0:切り捨て,9:切り上げ,1:発行済,0:未承認,,0:しない,1:修正,,,,,,0051,国分,,,,,,,,,1:後加工,2026/08/31,1:通常,光洋産業,,,0,,,,,0:1明細目,巻芯部1.5mは使用しないこと。,原反巻き芯部1.5mは使用しないこと！　熱風温度上下：夏季360℃、冬季370℃,融着,194.00,800,1,1,,,50103,トーレペフ Y(工材),1:対象外,0,0.00,800.00,SG,1121,融着機,0,0,0.00,0.00,B1O50AGA5200FG3,551,ペフ,50103,トーレペフ Y(工材),,,,,,,000003,4原材料,02,社外加工,30050-AG20-1050X200F-AGA0U,,m,0:自社,,,,,,,,,,,2026/08/25,6710,池谷 弦紀,,,,0,4
00082423,製品,001,2026/08/11,2026/08/28,2026/08/28,2026/08/31,0:通常,0:通常,01,505101,国分後加工511,000051,国分後加工,049006,東ﾚ(株) 自材部,,,,,,,,,,,,,,,,,,,511101,国分工場01本倉庫,0015,末締,01,東レ本体,0:しない,,,,Y8-122,100,,,"41,760",0,0:未完,0:未完,0:通常,1:税抜,0,3:請求合計,1:金額,0:円未満,5:四捨五入,0:切り捨て,9:切り上げ,1:発行済,0:未承認,,0:しない,1:修正,,,,,,0051,国分,,,,,,,,,1:後加工,2026/08/28,1:通常,光洋産業,,,0,,,,,0:1明細目,,熱風温度上下：夏季370℃、冬季380℃,融着,174.00,"1,080",1,1,86枚+αで梱包お願いします,,50103,トーレペフ Y(工材),1:対象外,0,0.00,174.00,,,,"41,760",0,174.00,240.00,A1OK0DGA0200ZG3,551,ペフ,50103,トーレペフ Y(工材),,,999999,対象外,,,000001,2製品,02,社外加工,30200-DG20-1000x200ZAGA0U,原反30066*3層,枚,0:自社,,,,済,,,,,,191523J,,6713,池谷 弦紀,,,1:あり,3,0
00082423,原反,001,2026/08/11,2026/08/28,2026/08/28,2026/08/31,0:通常,0:通常,01,505101,国分後加工511,000051,国分後加工,049006,東ﾚ(株) 自材部,,,,,,,,,,,,,,,,,,,511101,国分工場01本倉庫,0015,末締,01,東レ本体,0:しない,,,,Y8-122,100,,,"41,760",0,0:未完,0:未完,0:通常,1:税抜,0,3:請求合計,1:金額,0:円未満,5:四捨五入,0:切り捨て,9:切り上げ,1:発行済,0:未承認,,0:しない,1:修正,,,,,,0051,国分,,,,,,,,,1:後加工,2026/08/28,1:通常,光洋産業,,,0,,,,,0:1明細目,,熱風温度上下：夏季370℃、冬季380℃,融着,174.00,"1,080",1,1,86枚+αで梱包お願いします,,50103,トーレペフ Y(工材),1:対象外,0,0.00,"1,080.00",SG,1121,融着機,0,0,0.00,0.00,B1O66AGA5180FG3,551,ペフ,55109,ﾍﾟﾌ　その他,,,,,,,000001,2製品,02,社外加工,30066-AG20-1050X180FA GA0U,,m,0:自社,,,,,,,,,,,2026/08/21,6710,池谷 弦紀,,,,0,6
00082424,製品,001,2026/08/11,2026/08/28,2026/08/28,2026/08/31,0:通常,0:通常,01,505101,国分後加工511,000051,国分後加工,049006,東ﾚ(株) 自材部,,,,,,,,,,,,,,,,,,,511101,国分工場01本倉庫,0015,末締,01,東レ本体,0:しない,,,,Y8-123,100,,,"23,280",0,0:未完,0:未完,0:通常,1:税抜,0,3:請求合計,1:金額,0:円未満,5:四捨五入,0:切り捨て,9:切り上げ,1:発行済,0:未承認,,0:しない,1:修正,,,,,,0051,国分,,,,,,,,,1:後加工,2026/08/28,1:通常,光洋産業,,,0,,,,,0:1明細目,,熱風温度上下：夏季370℃、冬季380℃,融着,97.00,600,1,1,,,50103,トーレペフ Y(工材),1:対象外,0,0.00,97.00,,,,"23,280",0,97.00,240.00,A1OF0DGA0200ZGC,551,ペフ,50103,トーレペフ Y(工材),,,999999,対象外,,,000001,2製品,02,社外加工,30150-DG20-1000X200ZA GA0U,,枚,0:自社,,,,済,,,,,,191526B,,6713,池谷 弦紀,,,1:あり,3,0
00082424,原反,001,2026/08/11,2026/08/28,2026/08/28,2026/08/31,0:通常,0:通常,01,505101,国分後加工511,000051,国分後加工,049006,東ﾚ(株) 自材部,,,,,,,,,,,,,,,,,,,511101,国分工場01本倉庫,0015,末締,01,東レ本体,0:しない,,,,Y8-123,100,,,"23,280",0,0:未完,0:未完,0:通常,1:税抜,0,3:請求合計,1:金額,0:円未満,5:四捨五入,0:切り捨て,9:切り上げ,1:発行済,0:未承認,,0:しない,1:修正,,,,,,0051,国分,,,,,,,,,1:後加工,2026/08/28,1:通常,光洋産業,,,0,,,,,0:1明細目,,熱風温度上下：夏季370℃、冬季380℃,融着,97.00,600,1,1,,,50103,トーレペフ Y(工材),1:対象外,0,0.00,600.00,SG,1121,融着機,0,0,0.00,0.00,B1O66AGA5180FG3,551,ペフ,55109,ﾍﾟﾌ　その他,,,,,,,000001,2製品,02,社外加工,30050-AG20-1050X200FA GA0U,,m,0:自社,,,,,,,,,,,2026/08/21,6710,池谷 弦紀,,,,0,3
00082425,製品,001,2026/08/11,2026/08/28,2026/08/28,2026/08/31,0:通常,0:通常,01,505101,国分後加工511,000051,国分後加工,049006,東ﾚ(株) 自材部,,,,,,,,,,,,,,,,,,,511101,国分工場01本倉庫,0015,末締,01,東レ本体,0:しない,,,,Y8-124,100,,,"39,060",0,0:未完,0:未完,0:通常,1:税抜,0,3:請求合計,1:金額,0:円未満,5:四捨五入,0:切り捨て,9:切り上げ,1:発行済,0:未承認,,0:しない,1:修正,,,,,,0051,国分,,,,,,,,,1:後加工,2026/08/28,1:通常,光洋産業,,,0,,,,,0:1明細目,巻芯部1.5mは使用しないこと。,熱風温度上下：夏季360℃、冬季370℃,融着,186.00,800,1,1,,,50103,トーレペフ Y(工材),1:対象外,0,0.00,186.00,,,,"39,060",0,186.00,210.00,A1OA0DGA2210ZG3,551,ペフ,50103,トーレペフ Y(工材),,,999999,対象外,,,000001,2製品,02,社外加工,30100-DG20-1020X210ZA GA0U,,枚,0:自社,,,,済,,,,,,191528F,,6713,池谷 弦紀,,,1:あり,2,0
00082425,原反,001,2026/08/11,2026/08/28,2026/08/28,2026/08/31,0:通常,0:通常,01,505101,国分後加工511,000051,国分後加工,049006,東ﾚ(株) 自材部,,,,,,,,,,,,,,,,,,,511101,国分工場01本倉庫,0015,末締,01,東レ本体,0:しない,,,,Y8-124,100,,,"39,060",0,0:未完,0:未完,0:通常,1:税抜,0,3:請求合計,1:金額,0:円未満,5:四捨五入,0:切り捨て,9:切り上げ,1:発行済,0:未承認,,0:しない,1:修正,,,,,,0051,国分,,,,,,,,,1:後加工,2026/08/28,1:通常,光洋産業,,,0,,,,,0:1明細目,巻芯部1.5mは使用しないこと。,熱風温度上下：夏季360℃、冬季370℃,融着,186.00,800,1,1,,,50103,トーレペフ Y(工材),1:対象外,0,0.00,800.00,SG,1121,融着機,0,0,0.00,0.00,B1O50AGA5200FG3,551,ペフ,50103,トーレペフ Y(工材),,,,,,,000003,4原材料,02,社外加工,30050-AG20-1050X200F-AGA0U,,m,0:自社,,,,,,,,,,,2026/08/21,6710,池谷 弦紀,,,,0,4
00082426,製品,001,2026/08/11,2026/08/31,2026/08/31,2026/08/31,0:通常,0:通常,01,505101,国分後加工511,000051,国分後加工,049006,東ﾚ(株) 自材部,,,,,,,,,,,,,,,,,,,511101,国分工場01本倉庫,0015,末締,01,東レ本体,0:しない,,,,Y8-125,100,,,"38,800",0,0:未完,0:未完,0:通常,1:税抜,0,3:請求合計,1:金額,0:円未満,5:四捨五入,0:切り捨て,9:切り上げ,1:発行済,0:未承認,,0:しない,1:修正,,,,,,0051,国分,,,,,,,,,1:後加工,2026/08/31,1:通常,光洋産業,,,0,,,,,0:1明細目,巻芯部1.5mは使用しないこと。,原反巻き芯部1.5mは使用しないこと！　熱風温度上下：夏季360℃、冬季370℃,融着,194.00,800,1,1,,,50103,トーレペフ Y(工材),1:対象外,0,0.00,194.00,,,,"38,800",0,194.00,200.00,A1OA0DGA2200ZG3,551,ペフ,50103,トーレペフ Y(工材),,,999999,対象外,,,000001,2製品,02,社外加工,30100-DG20-1020x200ZAGA0U,,枚,0:自社,,,,済,,,,,,191529W,,6713,池谷 弦紀,,,1:あり,2,0
00082426,原反,001,2026/08/11,2026/08/31,2026/08/31,2026/08/31,0:通常,0:通常,01,505101,国分後加工511,000051,国分後加工,049006,東ﾚ(株) 自材部,,,,,,,,,,,,,,,,,,,511101,国分工場01本倉庫,0015,末締,01,東レ本体,0:しない,,,,Y8-125,100,,,"38,800",0,0:未完,0:未完,0:通常,1:税抜,0,3:請求合計,1:金額,0:円未満,5:四捨五入,0:切り捨て,9:切り上げ,1:発行済,0:未承認,,0:しない,1:修正,,,,,,0051,国分,,,,,,,,,1:後加工,2026/08/31,1:通常,光洋産業,,,0,,,,,0:1明細目,巻芯部1.5mは使用しないこと。,原反巻き芯部1.5mは使用しないこと！　熱風温度上下：夏季360℃、冬季370℃,融着,194.00,800,1,1,,,50103,トーレペフ Y(工材),1:対象外,0,0.00,800.00,SG,1121,融着機,0,0,0.00,0.00,B1O50AGA5200FG3,551,ペフ,50103,トーレペフ Y(工材),,,,,,,000003,4原材料,02,社外加工,30050-AG20-1050X200F-AGA0U,,m,0:自社,,,,,,,,,,,2026/08/25,6710,池谷 弦紀,,,,0,4
00082427,製品,001,2026/08/11,2026/08/31,2026/08/31,2026/08/31,0:通常,0:通常,01,505101,国分後加工511,000051,国分後加工,049006,東ﾚ(株) 自材部,,,,,,,,,,,,,,,,,,,511101,国分工場01本倉庫,0015,末締,01,東レ本体,0:しない,,,,Y8-128,100,,,"19,488",0,0:未完,0:未完,0:通常,1:税抜,0,3:請求合計,1:金額,0:円未満,5:四捨五入,0:切り捨て,9:切り上げ,1:発行済,0:未承認,,0:しない,1:修正,,,,,,0051,国分,,,,,,,,,1:後加工,2026/08/31,1:通常,サンエイ,,,0,,,,,0:1明細目,巻芯部1.5mは使用しないこと。,熱風温度設定(上下)：夏季360℃、冬季370℃,融着,96.00,400,1,1,,,50103,トーレペフ Y(工材),1:対象外,0,0.00,96.00,,,,"19,488",0,96.00,203.00,A1OA0DGA0203ZG3,551,ペフ,50103,トーレペフ Y(工材),,,999999,対象外,,,000001,2製品,02,社外加工,30100-DG20-1000X203ZA GA0U,,枚,0:自社,,,,済,,,,,,191536H,,6713,池谷 弦紀,,,1:あり,2,0
00082427,原反,001,2026/08/11,2026/08/31,2026/08/31,2026/08/31,0:通常,0:通常,01,505101,国分後加工511,000051,国分後加工,049006,東ﾚ(株) 自材部,,,,,,,,,,,,,,,,,,,511101,国分工場01本倉庫,0015,末締,01,東レ本体,0:しない,,,,Y8-128,100,,,"19,488",0,0:未完,0:未完,0:通常,1:税抜,0,3:請求合計,1:金額,0:円未満,5:四捨五入,0:切り捨て,9:切り上げ,1:発行済,0:未承認,,0:しない,1:修正,,,,,,0051,国分,,,,,,,,,1:後加工,2026/08/31,1:通常,サンエイ,,,0,,,,,0:1明細目,巻芯部1.5mは使用しないこと。,熱風温度設定(上下)：夏季360℃、冬季370℃,融着,96.00,400,1,1,,,50103,トーレペフ Y(工材),1:対象外,0,0.00,400.00,SG,1121,融着機,0,0,0.00,0.00,B1O50AGA5200FG3,551,ペフ,50103,トーレペフ Y(工材),,,,,,,000003,4原材料,02,社外加工,30050-AG20-1050X200F-AGA0U,,m,0:自社,,,,,,,,,,,2026/08/25,6710,池谷 弦紀,,,,0,2
00082428,製品,001,2026/08/11,2026/08/31,2026/08/31,2026/08/31,0:通常,0:通常,01,505101,国分後加工511,000051,国分後加工,049006,東ﾚ(株) 自材部,,,,,,,,,,,,,,,,,,,511101,国分工場01本倉庫,0015,末締,01,東レ本体,0:しない,,,,Y8-129,100,,,"42,000",0,0:未完,0:未完,0:通常,1:税抜,0,3:請求合計,1:金額,0:円未満,5:四捨五入,0:切り捨て,9:切り上げ,1:発行済,0:未承認,,0:しない,1:修正,,,,,,0051,国分,,,,,,,,,1:後加工,2026/08/31,1:通常,丸信あづみの,,,0,,,,,0:1明細目,巻芯部1.5mは使用しないこと。,原反巻き芯部1.5mは使用しないこと！1030幅の紙管､ﾄﾘﾐﾝｸﾞ有無要確認｡　熱風温度設定(上下)：夏季360℃、冬季370℃,"融着,分割",400.00,800,1,1,,,50103,トーレペフ Y(工材),1:対象外,0,0.00,400.00,,,,"42,000",0,400.00,105.00,A1OA0DGA2050FG3,551,ペフ,50103,トーレペフ Y(工材),,,999999,対象外,,,000001,2製品,02,社外加工,30100-DG20-1020X 50FA GA0U,,m,0:自社,,,,済,,,,,,191538T,,6713,池谷 弦紀,,,1:あり,2,0
00082428,原反,001,2026/08/11,2026/08/31,2026/08/31,2026/08/31,0:通常,0:通常,01,505101,国分後加工511,000051,国分後加工,049006,東ﾚ(株) 自材部,,,,,,,,,,,,,,,,,,,511101,国分工場01本倉庫,0015,末締,01,東レ本体,0:しない,,,,Y8-129,100,,,"42,000",0,0:未完,0:未完,0:通常,1:税抜,0,3:請求合計,1:金額,0:円未満,5:四捨五入,0:切り捨て,9:切り上げ,1:発行済,0:未承認,,0:しない,1:修正,,,,,,0051,国分,,,,,,,,,1:後加工,2026/08/31,1:通常,丸信あづみの,,,0,,,,,0:1明細目,巻芯部1.5mは使用しないこと。,原反巻き芯部1.5mは使用しないこと！1030幅の紙管､ﾄﾘﾐﾝｸﾞ有無要確認｡　熱風温度設定(上下)：夏季360℃、冬季370℃,"融着,分割",400.00,800,1,1,,,50103,トーレペフ Y(工材),1:対象外,0,0.00,800.00,SG,1121,融着機,0,0,0.00,0.00,B1O50AGA5200FG3,551,ペフ,50103,トーレペフ Y(工材),,,,,,,000003,4原材料,02,社外加工,30050-AG20-1050X200F-AGA0U,,m,0:自社,,,,,,,,,,,2026/08/25,6710,池谷 弦紀,,,,0,4
00082429,製品,001,2026/08/11,2026/08/31,2026/08/31,2026/08/31,0:通常,0:通常,01,505101,国分後加工511,000051,国分後加工,049006,東ﾚ(株) 自材部,,,,,,,,,,,,,,,,,,,511101,国分工場01本倉庫,,,01,東レ本体,0:しない,,,,Y8-130,100,,,"5,040",0,0:未完,0:未完,0:通常,1:税抜,0,3:請求合計,1:金額,0:円未満,5:四捨五入,0:切り捨て,9:切り上げ,1:発行済,0:未承認,,0:しない,1:修正,,,,,,0051,国分,,,,,,,,,1:後加工,2026/08/31,1:通常,サンエイ,,,0,,,,,0:1明細目,,,カット,315.00,600,1,1,,,50103,トーレペフ Y(工材),1:対象外,0,0.00,315.00,,,,"5,040",0,315.00,16.00,A1O50AGA0190ZN1,551,ペフ,50103,トーレペフ Y(工材),,,999999,対象外,,,000001,2製品,02,社外加工,30050-AG00-1000x190ZA,,枚,0:自社,,,,済,,,,,,191539P,,6713,池谷 弦紀,,,0:なし,0,0
00082429,原反,001,2026/08/11,2026/08/31,2026/08/31,2026/08/31,0:通常,0:通常,01,505101,国分後加工511,000051,国分後加工,049006,東ﾚ(株) 自材部,,,,,,,,,,,,,,,,,,,511101,国分工場01本倉庫,,,01,東レ本体,0:しない,,,,Y8-130,100,,,"5,040",0,0:未完,0:未完,0:通常,1:税抜,0,3:請求合計,1:金額,0:円未満,5:四捨五入,0:切り捨て,9:切り上げ,1:発行済,0:未承認,,0:しない,1:修正,,,,,,0051,国分,,,,,,,,,1:後加工,2026/08/31,1:通常,サンエイ,,,0,,,,,0:1明細目,,,カット,315.00,600,1,1,,,50103,トーレペフ Y(工材),1:対象外,0,0.00,600.00,SG,1041,単板カット機,0,0,0.00,0.00,B1O50AGA0200FN1,551,ペフ,55109,ﾍﾟﾌ　その他,,,,,,,000003,4原材料,02,社外加工,30050-AG00-1000x200FA C,,m,0:自社,,,,,,,,,,,2026/08/27,6710,池谷 弦紀,,,,0,3
00082430,製品,001,2026/08/11,2026/08/31,2026/08/31,2026/08/31,0:通常,0:通常,01,505101,国分後加工511,000051,国分後加工,049006,東ﾚ(株) 自材部,,,,,,,,,,,,,,,,,,,511101,国分工場01本倉庫,0015,末締,01,東レ本体,0:しない,,,,Y8-134,100,,,"19,200",0,0:未完,0:未完,0:通常,1:税抜,0,3:請求合計,1:金額,0:円未満,5:四捨五入,0:切り捨て,9:切り上げ,1:発行済,0:未承認,,0:しない,1:修正,,,,,,0051,国分,,,,,,,,,1:後加工,2026/08/31,1:通常,芙蓉アステック,,,0,,,,,0:1明細目,カール注意,熱風温度設定：夏季上310℃下330℃、冬季：上320℃下340℃,融着,96.00,400,1,2,Q面融着でお願いします,,50103,トーレペフ Y(工材),1:対象外,0,0.00,96.00,,,,"19,200",0,96.00,200.00,A1OFBDG98200ZB4,551,ペフ,50103,トーレペフ Y(工材),,,999999,対象外,,,000001,2製品,02,社外加工,30150-DG00-980x200ZABK0,,枚,0:自社,,,,済,,,,,,191575A,,6713,池谷 弦紀,,,0:なし,2,0
00082430,原反,001,2026/08/11,2026/08/31,2026/08/31,2026/08/31,0:通常,0:通常,01,505101,国分後加工511,000051,国分後加工,049006,東ﾚ(株) 自材部,,,,,,,,,,,,,,,,,,,511101,国分工場01本倉庫,0015,末締,01,東レ本体,0:しない,,,,Y8-134,100,,,"19,200",0,0:未完,0:未完,0:通常,1:税抜,0,3:請求合計,1:金額,0:円未満,5:四捨五入,0:切り捨て,9:切り上げ,1:発行済,0:未承認,,0:しない,1:修正,,,,,,0051,国分,,,,,,,,,1:後加工,2026/08/31,1:通常,芙蓉アステック,,,0,,,,,0:1明細目,カール注意,熱風温度設定：夏季上310℃下330℃、冬季：上320℃下340℃,融着,96.00,400,1,2,Q面融着でお願いします,,50103,トーレペフ Y(工材),1:対象外,0,0.00,200.00,SG,1121,融着機,0,0,0.00,0.00,B1OA0AGA0100FB4,551,ペフ,55109,ﾍﾟﾌ　その他,,,,,,,000001,2製品,02,社外加工,30100-AG00-1000X100FA BK0C,,m,0:自社,,,,,,,,,,,2026/08/26,6710,池谷 弦紀,,,,0,2
00082430,原反,002,2026/08/11,2026/08/31,2026/08/31,2026/08/31,0:通常,0:通常,01,505101,国分後加工511,000051,国分後加工,049006,東ﾚ(株) 自材部,,,,,,,,,,,,,,,,,,,511101,国分工場01本倉庫,0015,末締,01,東レ本体,0:しない,,,,Y8-134,100,,,"19,200",0,0:未完,0:未完,0:通常,1:税抜,0,3:請求合計,1:金額,0:円未満,5:四捨五入,0:切り捨て,9:切り上げ,1:発行済,0:未承認,,0:しない,1:修正,,,,,,0051,国分,,,,,,,,,1:後加工,2026/08/31,1:通常,芙蓉アステック,,,0,,,,,0:1明細目,カール注意,熱風温度設定：夏季上310℃下330℃、冬季：上320℃下340℃,融着,96.00,400,1,2,Q面融着でお願いします,,50103,トーレペフ Y(工材),1:対象外,0,0.00,200.00,SG,1121,融着機,0,0,0.00,0.00,B1O50AGA3200FB4,551,ペフ,55109,ﾍﾟﾌ　その他,,,,,,,000001,2製品,02,社外加工,30050-AG00-1030X200FA BK0C,,m,0:自社,,,,,,,,,,,2026/08/26,6710,池谷 弦紀,,,,0,1
00082431,製品,001,2026/08/11,2026/08/31,2026/08/31,2026/08/31,0:通常,0:通常,01,505101,国分後加工511,000051,国分後加工,049006,東ﾚ(株) 自材部,,,,,,,,,,,,,,,,,,,511101,国分工場01本倉庫,0015,末締,01,東レ本体,0:しない,,,,Y8-136,100,,,"11,520",0,0:未完,0:未完,0:通常,1:税抜,0,3:請求合計,1:金額,0:円未満,5:四捨五入,0:切り捨て,9:切り上げ,1:発行済,0:未承認,,0:しない,1:修正,,,,,,0051,国分,,,,,,,,,1:後加工,2026/08/31,1:通常,サンエイ,,,0,,,,,0:1明細目,,熱風設定温度(上下)：夏季340℃、冬季350℃,融着,48.00,300,1,1,検査前入庫依頼,,50103,トーレペフ Y(工材),1:対象外,0,0.00,48.00,,,,"11,520",0,48.00,240.00,A1OADDG97200ZN1,551,ペフ,50103,トーレペフ Y(工材),,,999999,対象外,,,000001,2製品,02,社外加工,30300-DG00-970X200ZA,,枚,0:自社,,,,済,,,,,,191578K,,6713,池谷 弦紀,,,0:なし,3,0
00082431,原反,001,2026/08/11,2026/08/31,2026/08/31,2026/08/31,0:通常,0:通常,01,505101,国分後加工511,000051,国分後加工,049006,東ﾚ(株) 自材部,,,,,,,,,,,,,,,,,,,511101,国分工場01本倉庫,0015,末締,01,東レ本体,0:しない,,,,Y8-136,100,,,"11,520",0,0:未完,0:未完,0:通常,1:税抜,0,3:請求合計,1:金額,0:円未満,5:四捨五入,0:切り捨て,9:切り上げ,1:発行済,0:未承認,,0:しない,1:修正,,,,,,0051,国分,,,,,,,,,1:後加工,2026/08/31,1:通常,サンエイ,,,0,,,,,0:1明細目,,熱風設定温度(上下)：夏季340℃、冬季350℃,融着,48.00,300,1,1,検査前入庫依頼,,50103,トーレペフ Y(工材),1:対象外,0,0.00,300.00,SG,1121,融着機,0,0,0.00,0.00,B1OA0AGA0100FN1,551,ペフ,55109,ﾍﾟﾌ　その他,,,,,,,000001,2製品,02,社外加工,30100-AG00-1000X100FA    C,,m,0:自社,,,,,,,,,,,2026/08/26,6710,池谷 弦紀,,,,0,3
00082432,製品,001,2026/08/11,2026/08/31,2026/08/31,2026/08/31,0:通常,0:通常,01,505101,国分後加工511,000051,国分後加工,049006,東ﾚ(株) 自材部,,,,,,,,,,,,,,,,,,,511101,国分工場01本倉庫,0015,末締,01,東レ本体,0:しない,,,,Y8-137,100,,,800,0,0:未完,0:未完,0:通常,1:税抜,0,3:請求合計,1:金額,0:円未満,5:四捨五入,0:切り捨て,9:切り上げ,1:発行済,0:未承認,,0:しない,1:修正,,,,,,0051,国分,,,,,,,,,1:後加工,2026/08/31,1:通常,サンエイ,,,0,,,,,0:1明細目,,ｶｯﾄ長さｾｯﾄ値（目安）2030mm,カット,50.00,100,1,1,検査前入庫依頼,,50103,トーレペフ Y(工材),1:対象外,0,0.00,50.00,,,,800,0,50.00,16.00,A1OA0AGA0200ZN1,551,ペフ,50103,トーレペフ Y(工材),,,999999,対象外,,,000001,2製品,02,社外加工,30100-AG00-1000x200ZA,,枚,0:自社,,,,済,,,,,,191579F,,6713,池谷 弦紀,,,0:なし,0,0
00082432,原反,001,2026/08/11,2026/08/31,2026/08/31,2026/08/31,0:通常,0:通常,01,505101,国分後加工511,000051,国分後加工,049006,東ﾚ(株) 自材部,,,,,,,,,,,,,,,,,,,511101,国分工場01本倉庫,0015,末締,01,東レ本体,0:しない,,,,Y8-137,100,,,800,0,0:未完,0:未完,0:通常,1:税抜,0,3:請求合計,1:金額,0:円未満,5:四捨五入,0:切り捨て,9:切り上げ,1:発行済,0:未承認,,0:しない,1:修正,,,,,,0051,国分,,,,,,,,,1:後加工,2026/08/31,1:通常,サンエイ,,,0,,,,,0:1明細目,,ｶｯﾄ長さｾｯﾄ値（目安）2030mm,カット,50.00,100,1,1,検査前入庫依頼,,50103,トーレペフ Y(工材),1:対象外,0,0.00,100.00,SG,1041,単板カット機,0,0,0.00,0.00,B1OA0AGA0100FN1,551,ペフ,55109,ﾍﾟﾌ　その他,,,,,,,000001,2製品,02,社外加工,30100-AG00-1000X100FA    C,,m,0:自社,,,,,,,,,,,2026/08/26,6710,池谷 弦紀,,,,0,1
00082433,製品,001,2026/08/11,2026/09/07,2026/09/07,2026/08/31,0:通常,0:通常,01,505101,国分後加工511,000051,国分後加工,049006,東ﾚ(株) 自材部,,,,,,,,,,,,,,,,,,,511101,国分工場01本倉庫,0015,末締,01,東レ本体,0:しない,,,,Y8-138,100,,,"3,200",0,0:未完,0:未完,0:通常,1:税抜,0,3:請求合計,1:金額,0:円未満,5:四捨五入,0:切り捨て,9:切り上げ,1:発行済,0:未承認,,0:しない,1:修正,,,,,,0051,国分,,,,,,,,,1:後加工,2026/09/07,1:通常,サンエイ,,,0,,,,,0:1明細目,,ｶｯﾄ長さｾｯﾄ値（目安）2030mm,カット,200.00,400,1,1,"100枚+αで梱包お願いします
検査前入庫依頼",,50103,トーレペフ Y(工材),1:対象外,0,0.00,200.00,,,,"3,200",0,200.00,16.00,A1OA0AGA0200ZB4,551,ペフ,50103,トーレペフ Y(工材),,,999999,対象外,,,000001,2製品,02,社外加工,30100-AG00-1000x200ZABK0,,枚,0:自社,,,,済,,,,,,191580W,,6713,池谷 弦紀,,,0:なし,0,0
00082433,原反,001,2026/08/11,2026/09/07,2026/09/07,2026/08/31,0:通常,0:通常,01,505101,国分後加工511,000051,国分後加工,049006,東ﾚ(株) 自材部,,,,,,,,,,,,,,,,,,,511101,国分工場01本倉庫,0015,末締,01,東レ本体,0:しない,,,,Y8-138,100,,,"3,200",0,0:未完,0:未完,0:通常,1:税抜,0,3:請求合計,1:金額,0:円未満,5:四捨五入,0:切り捨て,9:切り上げ,1:発行済,0:未承認,,0:しない,1:修正,,,,,,0051,国分,,,,,,,,,1:後加工,2026/09/07,1:通常,サンエイ,,,0,,,,,0:1明細目,,ｶｯﾄ長さｾｯﾄ値（目安）2030mm,カット,200.00,400,1,1,"100枚+αで梱包お願いします
検査前入庫依頼",,50103,トーレペフ Y(工材),1:対象外,0,0.00,400.00,SG,1041,単板カット機,0,0,0.00,0.00,B1OA0AGA0100FB4,551,ペフ,55109,ﾍﾟﾌ　その他,,,,,,,000001,2製品,02,社外加工,30100-AG00-1000X100FA BK0C,,m,0:自社,,,,,,,,,,,2026/09/01,6710,池谷 弦紀,,,,0,4
00082434,製品,001,2026/08/11,2026/08/31,2026/08/31,2026/08/31,0:通常,0:通常,01,505101,国分後加工511,000051,国分後加工,049006,東ﾚ(株) 自材部,,,,,,,,,,,,,,,,,,,511101,国分工場01本倉庫,0015,末締,01,東レ本体,0:しない,,,,Y8-139,100,,,"13,200",0,0:未完,0:未完,0:通常,1:税抜,0,3:請求合計,1:金額,0:円未満,5:四捨五入,0:切り捨て,9:切り上げ,1:発行済,0:未承認,,0:しない,1:修正,,,,,,0051,国分,,,,,,,,,1:後加工,2026/08/31,1:通常,丸信小山,,,0,,,,,0:1明細目,,,スライス,800.00,200,2,1,,,50103,トーレペフ Y(工材),1:対象外,0,0.00,400.00,,,,"6,600",0,400.00,16.50,A1O10BGA0200FN1,551,ペフ,50103,トーレペフ Y(工材),,,999999,対象外,,,000001,2製品,02,社外加工,30010-BG00-1000x200FA C,,m,0:自社,,,,済,,,,,,191582L,,6713,池谷 弦紀,,,0:なし,0,0
00082434,製品,002,2026/08/11,2026/08/31,2026/08/31,2026/08/31,0:通常,0:通常,01,505101,国分後加工511,000051,国分後加工,049006,東ﾚ(株) 自材部,,,,,,,,,,,,,,,,,,,511101,国分工場01本倉庫,0015,末締,01,東レ本体,0:しない,,,,Y8-139,100,,,"13,200",0,0:未完,0:未完,0:通常,1:税抜,0,3:請求合計,1:金額,0:円未満,5:四捨五入,0:切り捨て,9:切り上げ,1:発行済,0:未承認,,0:しない,1:修正,,,,,,0051,国分,,,,,,,,,1:後加工,2026/08/31,1:通常,丸信小山,,,0,,,,,0:1明細目,,,スライス,800.00,200,2,1,,,50103,トーレペフ Y(工材),1:対象外,0,0.00,400.00,,,,"6,600",0,400.00,16.50,A1O10CGA0200FN1,551,ペフ,50103,トーレペフ Y(工材),,,999999,対象外,,,000001,2製品,02,社外加工,30010-CG00-1000x200FA C,,m,0:自社,,,,済,,,,,,191583G,,6713,池谷 弦紀,,,0:なし,0,0
00082434,原反,001,2026/08/11,2026/08/31,2026/08/31,2026/08/31,0:通常,0:通常,01,505101,国分後加工511,000051,国分後加工,049006,東ﾚ(株) 自材部,,,,,,,,,,,,,,,,,,,511101,国分工場01本倉庫,0015,末締,01,東レ本体,0:しない,,,,Y8-139,100,,,"13,200",0,0:未完,0:未完,0:通常,1:税抜,0,3:請求合計,1:金額,0:円未満,5:四捨五入,0:切り捨て,9:切り上げ,1:発行済,0:未承認,,0:しない,1:修正,,,,,,0051,国分,,,,,,,,,1:後加工,2026/08/31,1:通常,丸信小山,,,0,,,,,0:1明細目,,,スライス,800.00,200,2,1,,,50103,トーレペフ Y(工材),1:対象外,0,0.00,200.00,SG,1022,スライス機3,0,0,0.00,0.00,B1O40AGA0200FN1,551,ペフ,55109,ﾍﾟﾌ　その他,,,,,,,000001,2製品,02,社外加工,30040-AG00-1000X200F-A   C,,m,0:自社,,,,,,,,,,,2026/08/26,6710,池谷 弦紀,,,,0,1
00082435,製品,001,2026/08/11,2026/08/31,2026/08/31,2026/08/31,0:通常,0:通常,01,505101,国分後加工511,000051,国分後加工,049006,東ﾚ(株) 自材部,,,,,,,,,,,,,,,,,,,511101,国分工場01本倉庫,0015,末締,01,東レ本体,0:しない,,,,Y8-140,100,,,"13,200",0,0:未完,0:未完,0:通常,1:税抜,0,3:請求合計,1:金額,0:円未満,5:四捨五入,0:切り捨て,9:切り上げ,1:発行済,0:未承認,,0:しない,1:修正,,,,,,0051,国分,,,,,,,,,1:後加工,2026/08/31,1:通常,丸信小山,,,0,,,,,0:1明細目,,,スライス,"1,200.00",600,1,1,,,50103,トーレペフ Y(工材),1:対象外,0,0.00,"1,200.00",,,,"13,200",0,"1,200.00",11.00,A1O20BGA5200FN1,551,ペフ,50103,トーレペフ Y(工材),,,999999,対象外,,,000001,2製品,02,社外加工,30020-BG00-1050x200FA C,,m,0:自社,,,,済,,,,,,191586M,,6713,池谷 弦紀,,,0:なし,0,0
00082435,原反,001,2026/08/11,2026/08/31,2026/08/31,2026/08/31,0:通常,0:通常,01,505101,国分後加工511,000051,国分後加工,049006,東ﾚ(株) 自材部,,,,,,,,,,,,,,,,,,,511101,国分工場01本倉庫,0015,末締,01,東レ本体,0:しない,,,,Y8-140,100,,,"13,200",0,0:未完,0:未完,0:通常,1:税抜,0,3:請求合計,1:金額,0:円未満,5:四捨五入,0:切り捨て,9:切り上げ,1:発行済,0:未承認,,0:しない,1:修正,,,,,,0051,国分,,,,,,,,,1:後加工,2026/08/31,1:通常,丸信小山,,,0,,,,,0:1明細目,,,スライス,"1,200.00",600,1,1,,,50103,トーレペフ Y(工材),1:対象外,0,0.00,600.00,SG,1011,スライス機1,0,0,0.00,0.00,B1O40AGA5200FN1,551,ペフ,55109,ﾍﾟﾌ　その他,,,,,,,000001,2製品,02,社外加工,30040-AG00-1050X200FA    C,,m,0:自社,,,,,,,,,,,2026/08/25,6710,池谷 弦紀,,,,0,3
00082436,製品,001,2026/08/11,2026/08/31,2026/08/31,2026/08/31,0:通常,0:通常,01,505101,国分後加工511,000051,国分後加工,049006,東ﾚ(株) 自材部,,,,,,,,,,,,,,,,,,,511101,国分工場01本倉庫,0015,末締,01,東レ本体,0:しない,,,,T8-34,100,,,"24,600",0,0:未完,0:未完,0:通常,1:税抜,0,3:請求合計,1:金額,0:円未満,5:四捨五入,0:切り捨て,9:切り上げ,1:発行済,0:未承認,,0:しない,1:修正,,,,,,0051,国分,,,,,,,,,1:後加工,2026/08/31,1:通常,中央物産,,,0,,,,,0:1明細目,,接続：ベージュテープ50mm幅　ぬれ検査頻度：1回/5本　融着行き,"EC,融着,分割",200.00,400,1,1,,,50103,トーレペフ Y(工材),1:対象外,0,0.00,200.00,,,,"24,600",0,200.00,123.00,A1OCBJG97050FB4,551,ペフ,50103,トーレペフ Y(工材),,,999999,対象外,,,000001,2製品,02,社外加工,30120-JG00-970x50FABK0Q,,m,0:自社,,,,済,,,,,,191642H,,6713,池谷 弦紀,02,Ｑ面,0:なし,0,0
00082436,原反,001,2026/08/11,2026/08/31,2026/08/31,2026/08/31,0:通常,0:通常,01,505101,国分後加工511,000051,国分後加工,049006,東ﾚ(株) 自材部,,,,,,,,,,,,,,,,,,,511101,国分工場01本倉庫,0015,末締,01,東レ本体,0:しない,,,,T8-34,100,,,"24,600",0,0:未完,0:未完,0:通常,1:税抜,0,3:請求合計,1:金額,0:円未満,5:四捨五入,0:切り捨て,9:切り上げ,1:発行済,0:未承認,,0:しない,1:修正,,,,,,0051,国分,,,,,,,,,1:後加工,2026/08/31,1:通常,中央物産,,,0,,,,,0:1明細目,,接続：ベージュテープ50mm幅　ぬれ検査頻度：1回/5本　融着行き,"EC,融着,分割",200.00,400,1,1,,,50103,トーレペフ Y(工材),1:対象外,0,0.00,400.00,SG,1021,EC,0,0,0.00,0.00,B1O60AGA0100FBD,551,ペフ,55109,ﾍﾟﾌ　その他,,,,,,,000001,2製品,02,社外加工,30060-AG00-1000X100FA BK0C,,m,0:自社,,,,,,,,,,,2026/08/25,6710,池谷 弦紀,,,,0,4
00082437,製品,001,2026/08/11,2026/08/31,2026/08/31,2026/08/31,0:通常,0:通常,01,505101,国分後加工511,000051,国分後加工,049006,東ﾚ(株) 自材部,,,,,,,,,,,,,,,,,,,511101,国分工場01本倉庫,0015,末締,01,東レ本体,0:しない,,,,T8-35,100,,,"6,600",0,0:未完,0:未完,0:通常,1:税抜,0,3:請求合計,1:金額,0:円未満,5:四捨五入,0:切り捨て,9:切り上げ,1:発行済,0:未承認,,0:しない,1:修正,,,,,,0051,国分,,,,,,,,,1:後加工,2026/08/31,1:通常,中央物産,,,0,,,,,0:1明細目,,接続：ベージュテープ50mm幅　ぬれ検査頻度：1回/5本,"EC,分割",200.00,200,1,1,,,50103,トーレペフ Y(工材),1:対象外,0,0.00,200.00,,,,"6,600",0,200.00,33.00,A1O60JGA0100ZN1,551,ペフ,50103,トーレペフ Y(工材),,,999999,対象外,,,000001,2製品,02,社外加工,30060-JG00-1000X100FA BK0Q,,m,0:自社,,,,済,,,,,,191644T,,6713,池谷 弦紀,02,Ｑ面,0:なし,0,0
00082437,原反,001,2026/08/11,2026/08/31,2026/08/31,2026/08/31,0:通常,0:通常,01,505101,国分後加工511,000051,国分後加工,049006,東ﾚ(株) 自材部,,,,,,,,,,,,,,,,,,,511101,国分工場01本倉庫,0015,末締,01,東レ本体,0:しない,,,,T8-35,100,,,"6,600",0,0:未完,0:未完,0:通常,1:税抜,0,3:請求合計,1:金額,0:円未満,5:四捨五入,0:切り捨て,9:切り上げ,1:発行済,0:未承認,,0:しない,1:修正,,,,,,0051,国分,,,,,,,,,1:後加工,2026/08/31,1:通常,中央物産,,,0,,,,,0:1明細目,,接続：ベージュテープ50mm幅　ぬれ検査頻度：1回/5本,"EC,分割",200.00,200,1,1,,,50103,トーレペフ Y(工材),1:対象外,0,0.00,200.00,SG,1021,EC,0,0,0.00,0.00,B1O60AGA0100FN1,551,ペフ,55109,ﾍﾟﾌ　その他,,,,,,,000001,2製品,02,社外加工,30060-AG00-1000X200FA BK0C,,m,0:自社,,,,,,,,,,,2026/08/24,6710,池谷 弦紀,,,,0,1
00082438,製品,001,2026/08/11,2026/08/31,2026/08/31,2026/08/31,0:通常,0:通常,01,505101,国分後加工511,000051,国分後加工,049006,東ﾚ(株) 自材部,,,,,,,,,,,,,,,,,,,511101,国分工場01本倉庫,0015,末締,01,東レ本体,0:しない,,,,T8-36,100,,,"3,600",0,0:未完,0:未完,0:通常,1:税抜,0,3:請求合計,1:金額,0:円未満,5:四捨五入,0:切り捨て,9:切り上げ,1:発行済,0:未承認,,0:しない,1:修正,,,,,,0051,国分,,,,,,,,,1:後加工,2026/08/31,1:通常,中央物産,,,0,,,,,0:1明細目,,接続：ベージュテープ50mm幅　ぬれ検査頻度：1回/5本,EC,200.00,200,1,1,,,50103,トーレペフ Y(工材),1:対象外,0,0.00,200.00,,,,"3,600",0,200.00,18.00,A1OA0JGA0100FB4,551,ペフ,50103,トーレペフ Y(工材),,,999999,対象外,,,000001,2製品,02,社外加工,30100-JG00-1000X100FA    Q,,m,0:自社,,,,済,,,,,,191648V,,6713,池谷 弦紀,02,Ｑ面,0:なし,0,0
00082438,原反,001,2026/08/11,2026/08/31,2026/08/31,2026/08/31,0:通常,0:通常,01,505101,国分後加工511,000051,国分後加工,049006,東ﾚ(株) 自材部,,,,,,,,,,,,,,,,,,,511101,国分工場01本倉庫,0015,末締,01,東レ本体,0:しない,,,,T8-36,100,,,"3,600",0,0:未完,0:未完,0:通常,1:税抜,0,3:請求合計,1:金額,0:円未満,5:四捨五入,0:切り捨て,9:切り上げ,1:発行済,0:未承認,,0:しない,1:修正,,,,,,0051,国分,,,,,,,,,1:後加工,2026/08/31,1:通常,中央物産,,,0,,,,,0:1明細目,,接続：ベージュテープ50mm幅　ぬれ検査頻度：1回/5本,EC,200.00,200,1,1,,,50103,トーレペフ Y(工材),1:対象外,0,0.00,200.00,SG,1021,EC,0,0,0.00,0.00,B1OA0AGA0100FBP,551,ペフ,55109,ﾍﾟﾌ　その他,,,,,,,000003,4原材料,02,社外加工,30100-AG00-1000X100FA C,,m,0:自社,,,,,,,,,,,2026/08/24,6710,池谷 弦紀,,,,0,2
00082439,製品,001,2026/08/11,2026/08/31,2026/08/31,2026/08/31,0:通常,0:通常,01,505101,国分後加工511,000051,国分後加工,049006,東ﾚ(株) 自材部,,,,,,,,,,,,,,,,,,,511101,国分工場01本倉庫,0015,末締,01,東レ本体,0:しない,,,,T8-37,100,,,"3,300",0,0:未完,0:未完,0:通常,1:税抜,0,3:請求合計,1:金額,0:円未満,5:四捨五入,0:切り捨て,9:切り上げ,1:発行済,0:未承認,,0:しない,1:修正,,,,,,0051,国分,,,,,,,,,1:後加工,2026/08/31,1:通常,中央物産,,,0,,,,,0:1明細目,,,スライス,200.00,100,2,1,,,50103,トーレペフ Y(工材),1:対象外,0,0.00,100.00,,,,"2,200",0,100.00,22.00,A1O30BGA0100FNA,551,ペフ,50103,トーレペフ Y(工材),,,999999,対象外,,,000001,2製品,02,社外加工,30030-BG00-1000X100FA BK0C,原反10mm 3mm/7mm,m,0:自社,,,,済,,,,,,191613A,,6713,池谷 弦紀,,,0:なし,0,0
00082439,製品,002,2026/08/11,2026/08/31,2026/08/31,2026/08/31,0:通常,0:通常,01,505101,国分後加工511,000051,国分後加工,049006,東ﾚ(株) 自材部,,,,,,,,,,,,,,,,,,,511101,国分工場01本倉庫,0015,末締,01,東レ本体,0:しない,,,,T8-37,100,,,"3,300",0,0:未完,0:未完,0:通常,1:税抜,0,3:請求合計,1:金額,0:円未満,5:四捨五入,0:切り捨て,9:切り上げ,1:発行済,0:未承認,,0:しない,1:修正,,,,,,0051,国分,,,,,,,,,1:後加工,2026/08/31,1:通常,中央物産,,,0,,,,,0:1明細目,,,スライス,200.00,100,2,1,,,50103,トーレペフ Y(工材),1:対象外,0,0.00,100.00,,,,"1,100",0,100.00,11.00,A1O70BGA0100FNA,551,ペフ,50103,トーレペフ Y(工材),,,999999,対象外,,,000001,2製品,02,社外加工,30070-BG00-1000X100FA BK0C,原反10mm 3mm/7mm,m,0:自社,,,,済,,,,,,191614V,,6713,池谷 弦紀,,,0:なし,0,0
00082439,原反,001,2026/08/11,2026/08/31,2026/08/31,2026/08/31,0:通常,0:通常,01,505101,国分後加工511,000051,国分後加工,049006,東ﾚ(株) 自材部,,,,,,,,,,,,,,,,,,,511101,国分工場01本倉庫,0015,末締,01,東レ本体,0:しない,,,,T8-37,100,,,"3,300",0,0:未完,0:未完,0:通常,1:税抜,0,3:請求合計,1:金額,0:円未満,5:四捨五入,0:切り捨て,9:切り上げ,1:発行済,0:未承認,,0:しない,1:修正,,,,,,0051,国分,,,,,,,,,1:後加工,2026/08/31,1:通常,中央物産,,,0,,,,,0:1明細目,,,スライス,200.00,100,2,1,,,50103,トーレペフ Y(工材),1:対象外,0,0.00,100.00,SG,1022,スライス機3,0,0,0.00,0.00,B1OA0AGA0100FN1,551,ペフ,55109,ﾍﾟﾌ　その他,,,,,,,000001,2製品,02,社外加工,30100-AG00-1000X100FA BK0C,,m,0:自社,,,,,,,,,,,2026/08/21,6710,池谷 弦紀,,,,0,1
00082440,製品,001,2026/08/11,2026/08/31,2026/08/31,2026/08/31,0:通常,0:通常,01,505101,国分後加工511,000051,国分後加工,049006,東ﾚ(株) 自材部,,,,,,,,,,,,,,,,,,,511101,国分工場01本倉庫,,,01,東レ本体,0:しない,,,,T8-38,100,,,"18,000",0,0:未完,0:未完,0:通常,1:税抜,0,3:請求合計,1:金額,0:円未満,5:四捨五入,0:切り捨て,9:切り上げ,1:発行済,0:未承認,,0:しない,1:修正,,,,,,0051,国分,,,,,,,,,1:後加工,2026/08/31,1:通常,中央物産,,,0,,,,,0:1明細目,,接続方法：両面ﾍﾞｰｼﾞｭﾊﾝﾃﾞｨｶｯﾄﾃｰﾌﾟ(幅:50mm),EC,"1,000.00","1,000",1,1,,,50103,トーレペフ Y(工材),1:対象外,0,0.00,"1,000.00",,,,"18,000",0,"1,000.00",18.00,A1O30JGA3200FBD,551,ペフ,50103,トーレペフ Y(工材),,,999999,対象外,,,000001,2製品,02,社外加工,30030-JG00-1030x200FABK0Q,,m,0:自社,,,,済,,,,,,191649B,,6713,池谷 弦紀,02,Ｑ面,0:なし,0,0
00082440,原反,001,2026/08/11,2026/08/31,2026/08/31,2026/08/31,0:通常,0:通常,01,505101,国分後加工511,000051,国分後加工,049006,東ﾚ(株) 自材部,,,,,,,,,,,,,,,,,,,511101,国分工場01本倉庫,,,01,東レ本体,0:しない,,,,T8-38,100,,,"18,000",0,0:未完,0:未完,0:通常,1:税抜,0,3:請求合計,1:金額,0:円未満,5:四捨五入,0:切り捨て,9:切り上げ,1:発行済,0:未承認,,0:しない,1:修正,,,,,,0051,国分,,,,,,,,,1:後加工,2026/08/31,1:通常,中央物産,,,0,,,,,0:1明細目,,接続方法：両面ﾍﾞｰｼﾞｭﾊﾝﾃﾞｨｶｯﾄﾃｰﾌﾟ(幅:50mm),EC,"1,000.00","1,000",1,1,,,50103,トーレペフ Y(工材),1:対象外,0,0.00,"1,000.00",SG,1021,EC,0,0,0.00,0.00,B1O30AGA3200FB4,551,ペフ,55109,ﾍﾟﾌ　その他,,,,,,,000001,2製品,02,社外加工,30030-AG00-1030x200FABK0C,,m,0:自社,,,,,,,,,,,2026/08/25,6710,池谷 弦紀,,,,0,5
00082441,製品,001,2026/08/11,2026/08/31,2026/08/31,2026/08/31,0:通常,0:通常,01,505101,国分後加工511,000051,国分後加工,049006,東ﾚ(株) 自材部,,,,,,,,,,,,,,,,,,,511101,国分工場01本倉庫,0015,末締,01,東レ本体,0:しない,,,,T8-39,100,,,"21,600",0,0:未完,0:未完,0:通常,1:税抜,0,3:請求合計,1:金額,0:円未満,5:四捨五入,0:切り捨て,9:切り上げ,1:発行済,0:未承認,,0:しない,1:修正,,,,,,0051,国分,,,,,,,,,1:後加工,2026/08/31,1:通常,中央物産,,,0,,,,,0:1明細目,,接続：ベージュテープ50mm幅　ぬれ検査頻度：1回/5本,EC,"1,200.00","1,200",1,1,,,50103,トーレペフ Y(工材),1:対象外,0,0.00,"1,200.00",,,,"21,600",0,"1,200.00",18.00,A1O30JEA5200FG3,551,ペフ,50103,トーレペフ Y(工材),,,999999,対象外,,,000001,2製品,02,社外加工,30030-JG20-1050X200FA GA0Q,,m,0:自社,,,,済,,,,,,191650K,,6713,池谷 弦紀,02,Ｑ面,0:なし,0,0
00082441,原反,001,2026/08/11,2026/08/31,2026/08/31,2026/08/31,0:通常,0:通常,01,505101,国分後加工511,000051,国分後加工,049006,東ﾚ(株) 自材部,,,,,,,,,,,,,,,,,,,511101,国分工場01本倉庫,0015,末締,01,東レ本体,0:しない,,,,T8-39,100,,,"21,600",0,0:未完,0:未完,0:通常,1:税抜,0,3:請求合計,1:金額,0:円未満,5:四捨五入,0:切り捨て,9:切り上げ,1:発行済,0:未承認,,0:しない,1:修正,,,,,,0051,国分,,,,,,,,,1:後加工,2026/08/31,1:通常,中央物産,,,0,,,,,0:1明細目,,接続：ベージュテープ50mm幅　ぬれ検査頻度：1回/5本,EC,"1,200.00","1,200",1,1,,,50103,トーレペフ Y(工材),1:対象外,0,0.00,"1,200.00",SG,1021,EC,0,0,0.00,0.00,B1O30AEA5200FG3,551,ペフ,55109,ﾍﾟﾌ　その他,,,,,,,000001,2製品,02,社外加工,30030-AG20-1050X200FA GA0U,,m,0:自社,,,,,,,,,,,2026/08/25,6710,池谷 弦紀,,,,0,6
00082442,製品,001,2026/08/11,2026/08/27,2026/08/27,2026/08/31,0:通常,0:通常,01,505101,国分後加工511,000051,国分後加工,049006,東ﾚ(株) 自材部,,,,,,,,,,,,,,,,,,,511101,国分工場01本倉庫,0015,末締,01,東レ本体,0:しない,,,,T8-40,100,,,"91,200",0,0:未完,0:未完,0:通常,1:税抜,0,3:請求合計,1:金額,0:円未満,5:四捨五入,0:切り捨て,9:切り上げ,1:発行済,0:未承認,,0:しない,1:修正,,,,,,0051,国分,,,,,,,,,1:後加工,2026/08/27,1:通常,恵比寿伊賀,,,0,,,,,0:1明細目,"
検査表提出。","紙管：3x3x1000　梱包：紙,ﾌｲﾙﾑ　厚みサンプル：毎ﾛｰﾙ40cm　検査表提出　ぬれ検査頻度：1回/5本",LAC,"1,600.00","1,440",1,1,,,50103,トーレペフ Y(工材),1:対象外,0,0.00,"1,600.00",,,,"91,200",0,"1,600.00",57.00,A1707NC98200FN1,551,ペフ,50103,トーレペフ Y(工材),,,999999,対象外,,,000001,2製品,02,社外加工,5S007-NC00-980x200FA C,,m,0:自社,,,,済,,,,,,191570H,,6713,池谷 弦紀,01,両面,0:なし,0,0
00082442,原反,001,2026/08/11,2026/08/27,2026/08/27,2026/08/31,0:通常,0:通常,01,505101,国分後加工511,000051,国分後加工,049006,東ﾚ(株) 自材部,,,,,,,,,,,,,,,,,,,511101,国分工場01本倉庫,0015,末締,01,東レ本体,0:しない,,,,T8-40,100,,,"91,200",0,0:未完,0:未完,0:通常,1:税抜,0,3:請求合計,1:金額,0:円未満,5:四捨五入,0:切り捨て,9:切り上げ,1:発行済,0:未承認,,0:しない,1:修正,,,,,,0051,国分,,,,,,,,,1:後加工,2026/08/27,1:通常,恵比寿伊賀,,,0,,,,,0:1明細目,"
検査表提出。","紙管：3x3x1000　梱包：紙,ﾌｲﾙﾑ　厚みサンプル：毎ﾛｰﾙ40cm　検査表提出　ぬれ検査頻度：1回/5本",LAC,"1,600.00","1,440",1,1,,,50103,トーレペフ Y(工材),1:対象外,0,0.00,"1,440.00",SG,1013,LAC/EC機,0,0,0.00,0.00,B1711AMB0180FN1,551,ペフ,55109,ﾍﾟﾌ　その他,,,,,,,000001,2製品,02,社外加工,07011-AM00-1100X180FA    C,,m,0:自社,,,,,,,,,,,2026/08/18,6710,池谷 弦紀,,,,0,8
00082443,製品,001,2026/08/11,2026/08/31,2026/08/31,2026/08/31,0:通常,0:通常,01,505101,国分後加工511,000051,国分後加工,049006,東ﾚ(株) 自材部,,,,,,,,,,,,,,,,,,,511101,国分工場01本倉庫,0015,末締,01,東レ本体,0:しない,,,,Y8-126,100,,,"38,800",0,0:未完,0:未完,0:通常,1:税抜,0,3:請求合計,1:金額,0:円未満,5:四捨五入,0:切り捨て,9:切り上げ,1:発行済,0:未承認,,0:しない,1:修正,,,,,,0051,国分,,,,,,,,,1:後加工,2026/08/31,1:通常,光洋産業,,,0,,,,,0:1明細目,巻芯部1.5mは使用しないこと。,原反巻き芯部1.5mは使用しないこと！　熱風温度上下：夏季360℃、冬季370℃,融着,194.00,800,1,1,,,50103,トーレペフ Y(工材),1:対象外,0,0.00,194.00,,,,"38,800",0,194.00,200.00,A1OA0DGA2200ZG3,551,ペフ,50103,トーレペフ Y(工材),,,999999,対象外,,,000001,2製品,02,社外加工,30100-DG20-1020x200ZAGA0U,,枚,0:自社,,,,済,,,,,,191532G,,6713,池谷 弦紀,,,1:あり,2,0
00082443,原反,001,2026/08/11,2026/08/31,2026/08/31,2026/08/31,0:通常,0:通常,01,505101,国分後加工511,000051,国分後加工,049006,東ﾚ(株) 自材部,,,,,,,,,,,,,,,,,,,511101,国分工場01本倉庫,0015,末締,01,東レ本体,0:しない,,,,Y8-126,100,,,"38,800",0,0:未完,0:未完,0:通常,1:税抜,0,3:請求合計,1:金額,0:円未満,5:四捨五入,0:切り捨て,9:切り上げ,1:発行済,0:未承認,,0:しない,1:修正,,,,,,0051,国分,,,,,,,,,1:後加工,2026/08/31,1:通常,光洋産業,,,0,,,,,0:1明細目,巻芯部1.5mは使用しないこと。,原反巻き芯部1.5mは使用しないこと！　熱風温度上下：夏季360℃、冬季370℃,融着,194.00,800,1,1,,,50103,トーレペフ Y(工材),1:対象外,0,0.00,800.00,SG,1121,融着機,0,0,0.00,0.00,B1O50AGA5200FG3,551,ペフ,50103,トーレペフ Y(工材),,,,,,,000003,4原材料,02,社外加工,30050-AG20-1050X200F-AGA0U,,m,0:自社,,,,,,,,,,,2026/08/26,6710,池谷 弦紀,,,,0,4
00082444,製品,001,2026/08/11,2026/08/31,2026/08/31,2026/08/31,0:通常,0:通常,01,505101,国分後加工511,000051,国分後加工,049006,東ﾚ(株) 自材部,,,,,,,,,,,,,,,,,,,511101,国分工場01本倉庫,0015,末締,01,東レ本体,0:しない,,,,Y8-127,100,,,"3,600",0,0:未完,0:未完,0:通常,1:税抜,0,3:請求合計,1:金額,0:円未満,5:四捨五入,0:切り捨て,9:切り上げ,1:発行済,0:未承認,,0:しない,1:修正,,,,,,0051,国分,,,,,,,,,1:後加工,2026/08/31,1:通常,ゼネラル化成,,,0,,,,,0:1明細目,,接続：ベージュテープ50mm幅　ぬれ検査頻度：1回/5本,EC,200.00,200,1,1,,,50103,トーレペフ Y(工材),1:対象外,0,0.00,200.00,,,,"3,600",0,200.00,18.00,A1O50JGA5200FG3,551,ペフ,50103,トーレペフ Y(工材),,,999999,対象外,,,000001,2製品,02,社外加工,30050-JG20-1050X200FA GA0Q,,m,0:自社,,,,済,,,,,,191534S,,6713,池谷 弦紀,02,Ｑ面,0:なし,0,0
00082444,原反,001,2026/08/11,2026/08/31,2026/08/31,2026/08/31,0:通常,0:通常,01,505101,国分後加工511,000051,国分後加工,049006,東ﾚ(株) 自材部,,,,,,,,,,,,,,,,,,,511101,国分工場01本倉庫,0015,末締,01,東レ本体,0:しない,,,,Y8-127,100,,,"3,600",0,0:未完,0:未完,0:通常,1:税抜,0,3:請求合計,1:金額,0:円未満,5:四捨五入,0:切り捨て,9:切り上げ,1:発行済,0:未承認,,0:しない,1:修正,,,,,,0051,国分,,,,,,,,,1:後加工,2026/08/31,1:通常,ゼネラル化成,,,0,,,,,0:1明細目,,接続：ベージュテープ50mm幅　ぬれ検査頻度：1回/5本,EC,200.00,200,1,1,,,50103,トーレペフ Y(工材),1:対象外,0,0.00,200.00,SG,1021,EC,0,0,0.00,0.00,B1O50AGA5200FG3,551,ペフ,50103,トーレペフ Y(工材),,,,,,,000003,4原材料,02,社外加工,30050-AG20-1050X200F-AGA0U,,m,0:自社,,,,,,,,,,,2026/08/25,6710,池谷 弦紀,,,,0,1
00082445,製品,001,2026/08/11,2026/08/31,2026/08/31,2026/08/31,0:通常,0:通常,01,505101,国分後加工511,000051,国分後加工,049006,東ﾚ(株) 自材部,,,,,,,,,,,,,,,,,,,511101,国分工場01本倉庫,0015,末締,01,東レ本体,0:しない,,,,E8-2,100,,,"26,400",0,0:未完,0:未完,0:通常,1:税抜,0,3:請求合計,1:金額,0:円未満,5:四捨五入,0:切り捨て,9:切り上げ,0:未発行,0:未承認,,0:しない,0:新規,,,,,,0051,国分,,,,,,,,,1:後加工,2026/08/31,1:通常,Pt.Armstrong,,,0,,,,,0:1明細目,東レ品証部：サンプル送付・検査表送付(管基2021-023),,"スライス,輸出梱包","1,600.00",400,2,1,,,50102,トーレペフ B(自輸),1:対象外,0,0.00,800.00,,,,"13,200",0,800.00,16.50,A1O10BGA3200FB4,551,ペフ,50102,トーレペフ B(自輸),,,999999,対象外,,,000001,2製品,02,社外加工,30010-BG00-1030X200F-ABK0D,Ｄ区分,m,0:自社,,,,済,,,,,,,,6713,池谷 弦紀,,,0:なし,0,0
00082445,製品,002,2026/08/11,2026/08/31,2026/08/31,2026/08/31,0:通常,0:通常,01,505101,国分後加工511,000051,国分後加工,049006,東ﾚ(株) 自材部,,,,,,,,,,,,,,,,,,,511101,国分工場01本倉庫,0015,末締,01,東レ本体,0:しない,,,,E8-2,100,,,"26,400",0,0:未完,0:未完,0:通常,1:税抜,0,3:請求合計,1:金額,0:円未満,5:四捨五入,0:切り捨て,9:切り上げ,0:未発行,0:未承認,,0:しない,0:新規,,,,,,0051,国分,,,,,,,,,1:後加工,2026/08/31,1:通常,Pt.Armstrong,,,0,,,,,0:1明細目,東レ品証部：サンプル送付・検査表送付(管基2021-023),,"スライス,輸出梱包","1,600.00",400,2,1,,,50102,トーレペフ B(自輸),1:対象外,0,0.00,800.00,,,,"13,200",0,800.00,16.50,A1O10CGA3200FB4,551,ペフ,50102,トーレペフ B(自輸),,,999999,対象外,,,000001,2製品,02,社外加工,30010-CG00-1030X200F-ABK0D,Ｄ区分,m,0:自社,,,,済,,,,,,,,6713,池谷 弦紀,,,0:なし,0,0
00082445,原反,001,2026/08/11,2026/08/31,2026/08/31,2026/08/31,0:通常,0:通常,01,505101,国分後加工511,000051,国分後加工,049006,東ﾚ(株) 自材部,,,,,,,,,,,,,,,,,,,511101,国分工場01本倉庫,0015,末締,01,東レ本体,0:しない,,,,E8-2,100,,,"26,400",0,0:未完,0:未完,0:通常,1:税抜,0,3:請求合計,1:金額,0:円未満,5:四捨五入,0:切り捨て,9:切り上げ,0:未発行,0:未承認,,0:しない,0:新規,,,,,,0051,国分,,,,,,,,,1:後加工,2026/08/31,1:通常,Pt.Armstrong,,,0,,,,,0:1明細目,東レ品証部：サンプル送付・検査表送付(管基2021-023),,"スライス,輸出梱包","1,600.00",400,2,1,,,50102,トーレペフ B(自輸),1:対象外,0,0.00,400.00,SG,1022,スライス機3,0,0,0.00,0.00,B1O40AGA3200FB4,551,ペフ,55109,ﾍﾟﾌ　その他,,,,,,,000001,2製品,02,社外加工,30040-AG00-1030X200FA BK0C,,m,0:自社,,,,,,,,,,,2026/08/26,6710,池谷 弦紀,,,,0,2
00082446,製品,001,2026/08/11,2026/08/31,2026/08/31,2026/08/31,0:通常,0:通常,01,505101,国分後加工511,000051,国分後加工,049006,東ﾚ(株) 自材部,,,,,,,,,,,,,,,,,,,511101,国分工場01本倉庫,0015,末締,01,東レ本体,0:しない,,,,E8-3,100,,,"8,800",0,0:未完,0:未完,0:通常,1:税抜,0,3:請求合計,1:金額,0:円未満,5:四捨五入,0:切り捨て,9:切り上げ,0:未発行,0:未承認,,0:しない,0:新規,,,,,,0051,国分,,,,,,,,,1:後加工,2026/08/31,1:通常,Pt.Armstrong,,,0,,,,,0:1明細目,東レ品証部：サンプル送付・検査表送付(管基2021-023),Ｄ区分：輸出梱包（ｴｱｷｬｯﾌﾟ）,"スライス,輸出梱包",800.00,400,1,1,,,50102,トーレペフ B(自輸),1:対象外,0,0.00,800.00,,,,"8,800",0,800.00,11.00,A1O20BGA0200F1D,551,ペフ,50102,トーレペフ B(自輸),,,999999,対象外,,,000001,2製品,02,社外加工,30020-BG00-1030X200F-ABK0D,Ｄ区分,m,0:自社,,,,済,,,,,,,,6713,池谷 弦紀,,,0:なし,0,0
00082446,原反,001,2026/08/11,2026/08/31,2026/08/31,2026/08/31,0:通常,0:通常,01,505101,国分後加工511,000051,国分後加工,049006,東ﾚ(株) 自材部,,,,,,,,,,,,,,,,,,,511101,国分工場01本倉庫,0015,末締,01,東レ本体,0:しない,,,,E8-3,100,,,"8,800",0,0:未完,0:未完,0:通常,1:税抜,0,3:請求合計,1:金額,0:円未満,5:四捨五入,0:切り捨て,9:切り上げ,0:未発行,0:未承認,,0:しない,0:新規,,,,,,0051,国分,,,,,,,,,1:後加工,2026/08/31,1:通常,Pt.Armstrong,,,0,,,,,0:1明細目,東レ品証部：サンプル送付・検査表送付(管基2021-023),Ｄ区分：輸出梱包（ｴｱｷｬｯﾌﾟ）,"スライス,輸出梱包",800.00,400,1,1,,,50102,トーレペフ B(自輸),1:対象外,0,0.00,400.00,SG,1011,スライス機1,0,0,0.00,0.00,B1O40AGA0200FBD,551,ペフ,55109,ﾍﾟﾌ　その他,,,,,,,000001,2製品,02,社外加工,30040-AG00-1030X200FA BK0C,,m,0:自社,,,,,,,,,,,2026/08/25,6710,池谷 弦紀,,,,0,2
00082447,製品,001,2026/08/11,2026/08/31,2026/08/31,2026/08/31,0:通常,0:通常,01,505101,国分後加工511,000051,国分後加工,049006,東ﾚ(株) 自材部,,,,,,,,,,,,,,,,,,,511101,国分工場01本倉庫,0015,末締,01,東レ本体,0:しない,,,,V8-21,100,,,"1,620",0,0:未完,0:未完,0:通常,1:税抜,0,3:請求合計,1:金額,0:円未満,5:四捨五入,0:切り捨て,9:切り上げ,0:未発行,0:未承認,,0:しない,0:新規,,,,,,0051,国分,,,,,,,,,1:後加工,2026/08/31,1:通常,TPI湖南,,,0,,,,,0:1明細目,,,改装,108.00,108,1,1,下方の箱が潰れており製品への影響がないかご確認お願いします。ダメージがある場合はロスとします。また箱の修正もお願いします,,50105,トーレペフ V(TPI),1:対象外,0,0.00,108.00,,,,"1,620",0,108.00,15.00,A1KAISOU--KATTO,551,ペフ,50101,トーレペフ W(自材),,,999999,対象外,,,000001,2製品,02,社外加工,40240-DY00- 970X100ZA ,融着で改装,,0:自社,,,,済,,,,,,,,6715,池谷 弦紀,,,0:なし,0,0
00082447,原反,001,2026/08/11,2026/08/31,2026/08/31,2026/08/31,0:通常,0:通常,01,505101,国分後加工511,000051,国分後加工,049006,東ﾚ(株) 自材部,,,,,,,,,,,,,,,,,,,511101,国分工場01本倉庫,0015,末締,01,東レ本体,0:しない,,,,V8-21,100,,,"1,620",0,0:未完,0:未完,0:通常,1:税抜,0,3:請求合計,1:金額,0:円未満,5:四捨五入,0:切り捨て,9:切り上げ,0:未発行,0:未承認,,0:しない,0:新規,,,,,,0051,国分,,,,,,,,,1:後加工,2026/08/31,1:通常,TPI湖南,,,0,,,,,0:1明細目,,,改装,108.00,108,1,1,下方の箱が潰れており製品への影響がないかご確認お願いします。ダメージがある場合はロスとします。また箱の修正もお願いします,,50105,トーレペフ V(TPI),1:対象外,0,0.00,108.00,KN,1121,融着機,0,0,0.00,0.00,A1P40AYA0105ZN1,551,ペフ,50105,トーレペフ V(TPI),,,999999,対象外,,,000001,2製品,02,社外加工,40240-DY00- 970X100ZA ,,枚,0:自社,,,,,,,,,,,2026/08/27,6713,池谷 弦紀,,,,0,1
00082448,製品,001,2026/08/11,2026/08/28,2026/08/28,2026/08/31,0:通常,0:通常,01,505101,国分後加工511,000051,国分後加工,049006,東ﾚ(株) 自材部,,,,,,,,,,,,,,,,,,,511101,国分工場01本倉庫,0015,末締,01,東レ本体,0:しない,,,,W8-13,100,,,"72,000",0,0:未完,0:未完,0:通常,1:税抜,0,3:請求合計,1:金額,0:円未満,5:四捨五入,0:切り捨て,9:切り上げ,1:発行済,0:未承認,,0:しない,1:修正,,,,,,0051,国分,,,,,,,,,1:後加工,2026/08/28,1:通常,オカモト,,,0,,,,,0:1明細目,"欠点個数確認　200m長以下は欠点５個以下　
Ｗ区分：Ｈ面端部赤テープとＨ面中央部黒マジック
接続：３個以内(欠点に含まない)　両面緑テープ",接続点は欠点に含まない,"スリット,欠点表示","2,400.00","2,400",1,1,Ｈ面マジックマーキングして下さい。,,50101,トーレペフ W(自材),1:対象外,0,0.00,"2,400.00",,,,"72,000",0,"2,400.00",30.00,A1O30APB4200FN1,551,ペフ,50101,トーレペフ W(自材),,,999999,対象外,,,000001,2製品,02,社外加工,30030-AP66-1140x200FA W,,m,0:自社,,,,済,,,,,,191365B,,6783,池谷 弦紀,,,0:なし,0,0
00082448,原反,001,2026/08/11,2026/08/28,2026/08/28,2026/08/31,0:通常,0:通常,01,505101,国分後加工511,000051,国分後加工,049006,東ﾚ(株) 自材部,,,,,,,,,,,,,,,,,,,511101,国分工場01本倉庫,0015,末締,01,東レ本体,0:しない,,,,W8-13,100,,,"72,000",0,0:未完,0:未完,0:通常,1:税抜,0,3:請求合計,1:金額,0:円未満,5:四捨五入,0:切り捨て,9:切り上げ,1:発行済,0:未承認,,0:しない,1:修正,,,,,,0051,国分,,,,,,,,,1:後加工,2026/08/28,1:通常,オカモト,,,0,,,,,0:1明細目,"欠点個数確認　200m長以下は欠点５個以下　
Ｗ区分：Ｈ面端部赤テープとＨ面中央部黒マジック
接続：３個以内(欠点に含まない)　両面緑テープ",接続点は欠点に含まない,"スリット,欠点表示","2,400.00","2,400",1,1,Ｈ面マジックマーキングして下さい。,,50101,トーレペフ W(自材),1:対象外,0,0.00,"2,400.00",SG,1043,スリット機2,0,0,0.00,0.00,B1O30APD0200F41,551,ペフ,55109,ﾍﾟﾌ　その他,,,,,,,000001,2製品,02,社外加工,30030-AP66-1300X200FA    G,,m,0:自社,,,,,,,,,,,2026/08/24,6780,池谷 弦紀,,,,0,12
00082449,製品,001,2026/08/11,2026/08/31,2026/08/31,2026/08/31,0:通常,0:通常,01,505101,国分後加工511,000051,国分後加工,049006,東ﾚ(株) 自材部,,,,,,,,,,,,,,,,,,,511101,国分工場01本倉庫,0015,末締,01,東レ本体,0:しない,,,,W8-14,100,,,"17,000",0,0:未完,0:未完,0:通常,1:税抜,0,3:請求合計,1:金額,0:円未満,5:四捨五入,0:切り捨て,9:切り上げ,1:発行済,0:未承認,,0:しない,1:修正,,,,,,0051,国分,,,,,,,,,1:後加工,2026/08/31,1:通常,サンビック,,,0,,,,,0:1明細目,"共和レザー200m以下　欠点４個以下、接続２個以内
Ｑ区分：欠点：Ｈ面端部赤テープ+Ｈ面中央部黒マジック+Ｑ面中央部黒テープ",接続方法：両面緑ハンディカットテープ（幅：75mm）　接続点は欠点に含む　ぬれ検査頻度：1回/5本,スリット,"1,000.00","1,000",1,1,,,50101,トーレペフ W(自材),1:対象外,0,0.00,"1,000.00",,,,"17,000",0,"1,000.00",17.00,A1O30APA8200F41,551,ペフ,50101,トーレペフ W(自材),,,999999,対象外,,,000001,2製品,02,社外加工,30030-AP66-1080X200F-A   G,,m,0:自社,,,,済,,,,,,191366K,,6783,池谷 弦紀,,,0:なし,0,0
00082449,原反,001,2026/08/11,2026/08/31,2026/08/31,2026/08/31,0:通常,0:通常,01,505101,国分後加工511,000051,国分後加工,049006,東ﾚ(株) 自材部,,,,,,,,,,,,,,,,,,,511101,国分工場01本倉庫,0015,末締,01,東レ本体,0:しない,,,,W8-14,100,,,"17,000",0,0:未完,0:未完,0:通常,1:税抜,0,3:請求合計,1:金額,0:円未満,5:四捨五入,0:切り捨て,9:切り上げ,1:発行済,0:未承認,,0:しない,1:修正,,,,,,0051,国分,,,,,,,,,1:後加工,2026/08/31,1:通常,サンビック,,,0,,,,,0:1明細目,"共和レザー200m以下　欠点４個以下、接続２個以内
Ｑ区分：欠点：Ｈ面端部赤テープ+Ｈ面中央部黒マジック+Ｑ面中央部黒テープ",接続方法：両面緑ハンディカットテープ（幅：75mm）　接続点は欠点に含む　ぬれ検査頻度：1回/5本,スリット,"1,000.00","1,000",1,1,,,50101,トーレペフ W(自材),1:対象外,0,0.00,"1,000.00",SG,1043,スリット機2,0,0,0.00,0.00,B1O30APD0200F41,551,ペフ,55109,ﾍﾟﾌ　その他,,,,,,,000001,2製品,02,社外加工,30030-AP66-1300X200FA    G,,m,0:自社,,,,,,,,,,,2026/08/25,6780,池谷 弦紀,,,,0,5
00082450,製品,001,2026/08/11,2026/08/31,2026/08/31,2026/08/31,0:通常,0:通常,01,505101,国分後加工511,000051,国分後加工,049006,東ﾚ(株) 自材部,,,,,,,,,,,,,,,,,,,511101,国分工場01本倉庫,0015,末締,01,東レ本体,0:しない,,,,W8-15,100,,,"226,800",0,0:未完,0:未完,0:通常,1:税抜,0,3:請求合計,1:金額,0:円未満,5:四捨五入,0:切り捨て,9:切り上げ,1:発行済,0:未承認,,0:しない,1:修正,,,,,,0051,国分,,,,,,,,,1:後加工,2026/08/31,1:通常,ｵｶﾓﾄ,,,0,,,,,0:1明細目,"
検査表提出。",,"スライス,LAC,巻返し","2,800.00","1,400",1,1,,,50101,トーレペフ W(自材),1:対象外,0,0.00,"2,800.00",,,,"226,800",0,"2,800.00",81.00,A1A08NMA5200FB4,551,ペフ,50101,トーレペフ W(自材),,,999999,対象外,,,000001,2製品,02,社外加工,8H008-NM00-1050x200FABK0C,,m,0:自社,,,,済,,,,,,191367F,,6713,池谷 弦紀,01,両面,0:なし,0,0
00082450,原反,001,2026/08/11,2026/08/31,2026/08/31,2026/08/31,0:通常,0:通常,01,505101,国分後加工511,000051,国分後加工,049006,東ﾚ(株) 自材部,,,,,,,,,,,,,,,,,,,511101,国分工場01本倉庫,0015,末締,01,東レ本体,0:しない,,,,W8-15,100,,,"226,800",0,0:未完,0:未完,0:通常,1:税抜,0,3:請求合計,1:金額,0:円未満,5:四捨五入,0:切り捨て,9:切り上げ,1:発行済,0:未承認,,0:しない,1:修正,,,,,,0051,国分,,,,,,,,,1:後加工,2026/08/31,1:通常,ｵｶﾓﾄ,,,0,,,,,0:1明細目,"
検査表提出。",,"スライス,LAC,巻返し","2,800.00","1,400",1,1,,,50101,トーレペフ W(自材),1:対象外,0,0.00,"1,400.00",SG,1022,スライス機3,0,0,0.00,0.00,B1A22AMB5200FB4,551,ペフ,55109,ﾍﾟﾌ　その他,,,,,,,000001,2製品,02,社外加工,10022-AM00-1150X200FA BK0C,,m,0:自社,,,,,,,,,,,2026/08/24,6710,池谷 弦紀,,,,0,7
00082451,製品,001,2026/08/11,2026/08/28,2026/08/28,2026/08/31,0:通常,0:通常,01,505101,国分後加工511,000051,国分後加工,049006,東ﾚ(株) 自材部,,,,,,,,,,,,,,,,,,,511101,国分工場01本倉庫,0015,末締,01,東レ本体,0:しない,,,,W8-16(z),100,,,"2,350",0,0:未完,0:未完,0:通常,1:税抜,0,3:請求合計,1:金額,0:円未満,5:四捨五入,0:切り捨て,9:切り上げ,1:発行済,0:未承認,,0:しない,1:修正,,,,,,0051,国分,,,,,,,,,1:後加工,2026/08/28,1:通常,共和新城,,,0,,,,,0:1明細目,"欠点個数確認　共レ200m長以下：欠点４個以下：接続２個以内
Ｐ区分：Ｈ面端部赤テープ+Ｈ面中央部黒マジック+Ｑ面中央部黒テープ
接続：両面緑テープ",,"スリット,分割",100.00,250,2,1,上限品明記ください（1490幅のみ）,,50101,トーレペフ W(自材),1:対象外,0,0.00,50.00,,,,"1,600",0,50.00,32.00,A1N25APE9050FN1,551,ペフ,50101,トーレペフ W(自材),,,,,,,000001,2製品,02,社外加工,25025-AP17-1490X50F-A   P,共レ：200m以下：Ｐ区分,m,0:自社,,,,済,,,,,,191368W,,6783,池谷 弦紀,,,0:なし,0,0
00082451,製品,002,2026/08/11,2026/08/28,2026/08/28,2026/08/31,0:通常,0:通常,01,505101,国分後加工511,000051,国分後加工,049006,東ﾚ(株) 自材部,,,,,,,,,,,,,,,,,,,511101,国分工場01本倉庫,0015,末締,01,東レ本体,0:しない,,,,W8-16(z),100,,,"2,350",0,0:未完,0:未完,0:通常,1:税抜,0,3:請求合計,1:金額,0:円未満,5:四捨五入,0:切り捨て,9:切り上げ,1:発行済,0:未承認,,0:しない,1:修正,,,,,,0051,国分,,,,,,,,,1:後加工,2026/08/28,1:通常,共和新城,,,0,,,,,0:1明細目,"欠点個数確認　共レ200m長以下：欠点４個以下：接続２個以内
Ｐ区分：Ｈ面端部赤テープ+Ｈ面中央部黒マジック+Ｑ面中央部黒テープ
接続：両面緑テープ",,"スリット,分割",100.00,250,2,1,上限品明記ください（1490幅のみ）,,50101,トーレペフ W(自材),1:対象外,0,0.00,50.00,,,,750,0,50.00,15.00,B2N25APF8200FS1,551,ペフ,50101,トーレペフ W(自材),,,,,,,000001,2製品,02,社外加工,25025-AP17-1580X  0F-A   P,,M,0:自社,,,,済,,,,,,,,6783,池谷 弦紀,,,0:なし,0,0
00082451,原反,001,2026/08/11,2026/08/28,2026/08/28,2026/08/31,0:通常,0:通常,01,505101,国分後加工511,000051,国分後加工,049006,東ﾚ(株) 自材部,,,,,,,,,,,,,,,,,,,511101,国分工場01本倉庫,0015,末締,01,東レ本体,0:しない,,,,W8-16(z),100,,,"2,350",0,0:未完,0:未完,0:通常,1:税抜,0,3:請求合計,1:金額,0:円未満,5:四捨五入,0:切り捨て,9:切り上げ,1:発行済,0:未承認,,0:しない,1:修正,,,,,,0051,国分,,,,,,,,,1:後加工,2026/08/28,1:通常,共和新城,,,0,,,,,0:1明細目,"欠点個数確認　共レ200m長以下：欠点４個以下：接続２個以内
Ｐ区分：Ｈ面端部赤テープ+Ｈ面中央部黒マジック+Ｑ面中央部黒テープ
接続：両面緑テープ",,"スリット,分割",100.00,250,2,1,上限品明記ください（1490幅のみ）,,50101,トーレペフ W(自材),1:対象外,0,0.00,250.00,SG,1043,スリット機2,0,0,0.00,0.00,B1N25APF8250FN1,551,ペフ,55102,ﾍﾟﾌ　自動車部品,,,,,,,000003,4原材料,02,社外加工,25025-AP17-1580X250FA    P,,m,0:自社,,,,,,,,,,,2026/08/20,6783,池谷 弦紀,,,,0,1
00082452,製品,001,2026/08/11,2026/08/28,2026/08/28,2026/08/31,0:通常,0:通常,01,505101,国分後加工511,000051,国分後加工,049006,東ﾚ(株) 自材部,,,,,,,,,,,,,,,,,,,511101,国分工場01本倉庫,0015,末締,01,東レ本体,0:しない,,,,W8-17(z),100,,,"2,350",0,0:未完,0:未完,0:通常,1:税抜,0,3:請求合計,1:金額,0:円未満,5:四捨五入,0:切り捨て,9:切り上げ,1:発行済,0:未承認,,0:しない,1:修正,,,,,,0051,国分,,,,,,,,,1:後加工,2026/08/28,1:通常,共和新城,,,0,,,,,0:1明細目,"欠点個数確認　共レ200m長以下：欠点４個以下：接続２個以内
Ｐ区分：Ｈ面端部赤テープ+Ｈ面中央部黒マジック+Ｑ面中央部黒テープ
接続：両面緑テープ",,"スリット,分割",100.00,250,2,1,下限品明記ください（1490幅のみ）,,50101,トーレペフ W(自材),1:対象外,0,0.00,50.00,,,,"1,600",0,50.00,32.00,A1N25APE9050FN1,551,ペフ,50101,トーレペフ W(自材),,,,,,,000001,2製品,02,社外加工,25025-AP17-1490X50F-A   P,共レ：200m以下：Ｐ区分,m,0:自社,,,,済,,,,,,191369R,,6783,池谷 弦紀,,,0:なし,0,0
00082452,製品,002,2026/08/11,2026/08/28,2026/08/28,2026/08/31,0:通常,0:通常,01,505101,国分後加工511,000051,国分後加工,049006,東ﾚ(株) 自材部,,,,,,,,,,,,,,,,,,,511101,国分工場01本倉庫,0015,末締,01,東レ本体,0:しない,,,,W8-17(z),100,,,"2,350",0,0:未完,0:未完,0:通常,1:税抜,0,3:請求合計,1:金額,0:円未満,5:四捨五入,0:切り捨て,9:切り上げ,1:発行済,0:未承認,,0:しない,1:修正,,,,,,0051,国分,,,,,,,,,1:後加工,2026/08/28,1:通常,共和新城,,,0,,,,,0:1明細目,"欠点個数確認　共レ200m長以下：欠点４個以下：接続２個以内
Ｐ区分：Ｈ面端部赤テープ+Ｈ面中央部黒マジック+Ｑ面中央部黒テープ
接続：両面緑テープ",,"スリット,分割",100.00,250,2,1,下限品明記ください（1490幅のみ）,,50101,トーレペフ W(自材),1:対象外,0,0.00,50.00,,,,750,0,50.00,15.00,B2N25APF8200FS1,551,ペフ,50101,トーレペフ W(自材),,,,,,,000001,2製品,02,社外加工,25025-AP17-1580X  0F-A   P,,M,0:自社,,,,済,,,,,,,,6783,池谷 弦紀,,,0:なし,0,0
00082452,原反,001,2026/08/11,2026/08/28,2026/08/28,2026/08/31,0:通常,0:通常,01,505101,国分後加工511,000051,国分後加工,049006,東ﾚ(株) 自材部,,,,,,,,,,,,,,,,,,,511101,国分工場01本倉庫,0015,末締,01,東レ本体,0:しない,,,,W8-17(z),100,,,"2,350",0,0:未完,0:未完,0:通常,1:税抜,0,3:請求合計,1:金額,0:円未満,5:四捨五入,0:切り捨て,9:切り上げ,1:発行済,0:未承認,,0:しない,1:修正,,,,,,0051,国分,,,,,,,,,1:後加工,2026/08/28,1:通常,共和新城,,,0,,,,,0:1明細目,"欠点個数確認　共レ200m長以下：欠点４個以下：接続２個以内
Ｐ区分：Ｈ面端部赤テープ+Ｈ面中央部黒マジック+Ｑ面中央部黒テープ
接続：両面緑テープ",,"スリット,分割",100.00,250,2,1,下限品明記ください（1490幅のみ）,,50101,トーレペフ W(自材),1:対象外,0,0.00,250.00,KN,1043,スリット機2,0,0,0.00,0.00,B1N25APF8250FN1,551,ペフ,55102,ﾍﾟﾌ　自動車部品,,,,,,,000003,4原材料,02,社外加工,25025-AP17-1580X250FA    P,,m,0:自社,,,,,,,,,,,2026/08/20,6783,池谷 弦紀,,,,0,1
00082464,製品,001,2026/08/12,2026/08/25,2026/08/25,2026/08/31,0:通常,0:通常,01,102301,営業23,000571,中川 航一,900001,ｱｽﾞﾜﾝ NCF① 5Mﾛｰﾙ,ｱｽﾞﾜﾝ NCF① 5Mﾛｰﾙ,,,,,,,,,,,,,,,,,,320301,大石工場01本倉庫,0001,10 出荷日＝売上計上,03,その他,1:する,2:様,,,,100,,,0,0,1:完了,0:未完,0:通常,1:税抜,0,1:伝票明細,1:金額,0:円未満,0:切り捨て,0:切り捨て,0:切り捨て,1:発行済,0:未承認,,0:しない,1:修正,,,,,,1001,営業,,,原反:ｽﾀｸﾘｱ-NCF①23F-A01【LOT:24A1】　※作業前 装置清掃、手袋装着,⇒ｽﾘｯﾄ:980mm巾X実測5.5m巻仕上げ(両端ﾄﾘﾐﾝｸﾞし中央部導電ｺｰﾄｴﾘｱで採取すること),ABSｺｱ3inchX4tX1050L中央巻取/PE包装/ｻｲﾄﾞﾌﾟﾛﾃｸﾀｰ宙吊/ｽﾀｸﾘｱｹｰｽ梱包/ｱｽﾞﾜﾝ専用ﾗﾍﾞﾙ貼,巻取用ABSｺｱは1工場2F営業在庫品の3本使用、完成品は1工場1F ｱｽﾞﾜﾝ棚で保管,,,2:自社,2026/08/25,1:通常,,,,0,,,,,0:1明細目,,,ﾌｨﾙﾑｽﾘｯﾄ,3.00,241,1,1,ｽﾘｯﾄ:@5260x3.5h=18410円/式,,23108,ｽﾀｸﾘ　アズワン様向け,1:対象外,0,0.00,3.00,,,,0,0,3.00,0.00,F23AF-A01-AZ05M,231,スタクリア,23108,ｽﾀｸﾘ　アズワン様向け,,,,,,,000001,2製品,01,社外製品,導電性PETﾌｨﾙﾑ NCF#100片面 980mmX5M,3-698-06,本,0:自社,,,,済,済,2026/08/25,2026/08/25,,,,,1   ,中川 航一,,,0:なし,0,0
00082464,原反,001,2026/08/12,2026/08/25,2026/08/25,2026/08/31,0:通常,0:通常,01,102301,営業23,000571,中川 航一,900001,ｱｽﾞﾜﾝ NCF① 5Mﾛｰﾙ,ｱｽﾞﾜﾝ NCF① 5Mﾛｰﾙ,,,,,,,,,,,,,,,,,,320301,大石工場01本倉庫,0001,10 出荷日＝売上計上,03,その他,1:する,2:様,,,,100,,,0,0,1:完了,0:未完,0:通常,1:税抜,0,1:伝票明細,1:金額,0:円未満,0:切り捨て,0:切り捨て,0:切り捨て,1:発行済,0:未承認,,0:しない,1:修正,,,,,,1001,営業,,,原反:ｽﾀｸﾘｱ-NCF①23F-A01【LOT:24A1】　※作業前 装置清掃、手袋装着,⇒ｽﾘｯﾄ:980mm巾X実測5.5m巻仕上げ(両端ﾄﾘﾐﾝｸﾞし中央部導電ｺｰﾄｴﾘｱで採取すること),ABSｺｱ3inchX4tX1050L中央巻取/PE包装/ｻｲﾄﾞﾌﾟﾛﾃｸﾀｰ宙吊/ｽﾀｸﾘｱｹｰｽ梱包/ｱｽﾞﾜﾝ専用ﾗﾍﾞﾙ貼,巻取用ABSｺｱは1工場2F営業在庫品の3本使用、完成品は1工場1F ｱｽﾞﾜﾝ棚で保管,,,2:自社,2026/08/25,1:通常,,,,0,,,,,0:1明細目,,,ﾌｨﾙﾑｽﾘｯﾄ,3.00,241,1,1,ｽﾘｯﾄ:@5260x3.5h=18410円/式,,23108,ｽﾀｸﾘ　アズワン様向け,1:対象外,0,0.00,241.00,,,,0,0,0.00,0.00,F23PF-A01-24A1,231,スタクリア,23109,ｽﾀｸﾘ　その他,,,,,,,000001,2製品,01,社外製品,ｽﾀｸﾘｱ-NCF200#100SC,100µm/1100mm(有効1090mm),ｍ,0:自社,,,,,,,,,,,2026/08/12,1   ,中川 航一,,,,0,0
00082481,製品,001,2026/08/17,2026/09/07,2026/09/03,2026/08/31,0:通常,0:通常,01,503201,大石工場32,000032,大石工場,049007,東ﾚ(株) ﾄﾚｼｰ事業室,,,,,,,,,,,,,,,,,,,320301,大石工場01本倉庫,0015,末締,01,東レ本体,0:しない,,,,8A-101,100,,,"24,000",0,0:未完,0:未完,0:通常,1:税抜,0,3:請求合計,1:金額,0:円未満,5:四捨五入,0:切り捨て,5:四捨五入,1:発行済,0:未承認,,0:しない,1:修正,,,,,,,,,,,,,,,,2:自社,2026/09/07,1:通常,,,,0,,,,,0:1明細目,,,ﾌｨﾙﾑｽﾘｯﾄ,"2,000.00",0,2,2,,,,,1:対象外,0,0.00,"1,000.00",,,,"12,000",0,"1,000.00",12.00,F3322584,999,その他,,,,,,,,,000001,2製品,02,社外加工,3201HNW 半裁　750mmX500m,,,0:自社,,,,済,,,,,,,,0   ,片岡 千草,,,0:なし,0,0
00082481,製品,002,2026/08/17,2026/09/07,2026/09/03,2026/08/31,0:通常,0:通常,01,503201,大石工場32,000032,大石工場,049007,東ﾚ(株) ﾄﾚｼｰ事業室,,,,,,,,,,,,,,,,,,,320301,大石工場01本倉庫,0015,末締,01,東レ本体,0:しない,,,,8A-101,100,,,"24,000",0,0:未完,0:未完,0:通常,1:税抜,0,3:請求合計,1:金額,0:円未満,5:四捨五入,0:切り捨て,5:四捨五入,1:発行済,0:未承認,,0:しない,1:修正,,,,,,,,,,,,,,,,2:自社,2026/09/07,1:通常,,,,0,,,,,0:1明細目,,,ﾌｨﾙﾑｽﾘｯﾄ,"2,000.00",0,2,2,,,,,1:対象外,0,0.00,"1,000.00",,,,"12,000",0,"1,000.00",12.00,F3322584,999,その他,,,,,,,,,000001,2製品,02,社外加工,3201HNW 半裁　750mmX500,,,0:自社,,,,済,,,,,,,,0   ,片岡 千草,,,0:なし,0,0
00082481,原反,001,2026/08/17,2026/09/07,2026/09/03,2026/08/31,0:通常,0:通常,01,503201,大石工場32,000032,大石工場,049007,東ﾚ(株) ﾄﾚｼｰ事業室,,,,,,,,,,,,,,,,,,,320301,大石工場01本倉庫,0015,末締,01,東レ本体,0:しない,,,,8A-101,100,,,"24,000",0,0:未完,0:未完,0:通常,1:税抜,0,3:請求合計,1:金額,0:円未満,5:四捨五入,0:切り捨て,5:四捨五入,1:発行済,0:未承認,,0:しない,1:修正,,,,,,,,,,,,,,,,2:自社,2026/09/07,1:通常,,,,0,,,,,0:1明細目,,,ﾌｨﾙﾑｽﾘｯﾄ,"2,000.00",0,2,2,,,,,1:対象外,0,0.00,0.00,,,,0,0,0.00,0.00,F3322583,999,その他,,,,,,,,,000001,2製品,02,社外加工,3201AQW,,,0:自社,,,,,,,,,,,2026/08/21,0   ,片岡 千草,,,,0,0
00082481,原反,002,2026/08/17,2026/09/07,2026/09/03,2026/08/31,0:通常,0:通常,01,503201,大石工場32,000032,大石工場,049007,東ﾚ(株) ﾄﾚｼｰ事業室,,,,,,,,,,,,,,,,,,,320301,大石工場01本倉庫,0015,末締,01,東レ本体,0:しない,,,,8A-101,100,,,"24,000",0,0:未完,0:未完,0:通常,1:税抜,0,3:請求合計,1:金額,0:円未満,5:四捨五入,0:切り捨て,5:四捨五入,1:発行済,0:未承認,,0:しない,1:修正,,,,,,,,,,,,,,,,2:自社,2026/09/07,1:通常,,,,0,,,,,0:1明細目,,,ﾌｨﾙﾑｽﾘｯﾄ,"2,000.00",0,2,2,,,,,1:対象外,0,0.00,0.00,,,,0,0,0.00,0.00,F3322583,999,その他,,,,,,,,,000001,2製品,02,社外加工,3201AQW,,,0:自社,,,,,,,,,,,2026/08/21,0   ,片岡 千草,,,,0,0
00082492,製品,001,2026/08/18,2026/08/26,2026/08/24,2026/08/31,0:通常,0:通常,01,105501,営業55,000504,小山 修司,049017,東ﾚ(株) 愛媛,,,,,,,,,049017,東レ株式会社 愛媛工場,東レ株式会社 愛媛工場,CEM製造部 大串,791-3193,愛媛県伊予郡松前町大字筒井1515, ST.123 西-Ｌ-1,,089-960-3072,,511101,国分工場01本倉庫,,,01,東レ本体,0:しない,,1:する,2:様,,100,,,"292,000","29,200",0:未完,0:未完,0:通常,1:税抜,0,2:伝票合計,1:金額,0:円未満,5:四捨五入,0:切り捨て,5:四捨五入,1:発行済,0:未承認,,0:しない,1:修正,,,,,,0008,濃飛倉庫運輸,,,原反手配お願いします,納期が厳しいかと思いますが先方の希望納期となります、よろしくお願いいたします,再１）数量、原反数変更しました。よろしくお願いいたします。,,,,2:自社,,1:通常,東ﾚ愛媛,,,0,,,,,0:1明細目,"自社  ｹｰｽNo.1 国分にて目抜き
ｶｯﾄｻｲｽﾞ：1000X50ZABK0
打ち抜き：2丁取",,"カット,打抜き,目抜き",800.00,200,1,1,国分で目抜き,,55107,ﾍﾟﾌ　梱包資材,1:対象外,"137,312",171.64,800.00,,,,"292,000",0,800.00,365.00,A5O10AG4717BKTR,551,ペフ,51200,自社加工,,,420300,東レ-売上,,,000001,2製品,01,社外製品,ﾍﾟﾌｽﾍﾟｰｻｰ 30100(黒) 10t/φ470Xφ170,,枚,0:自社,,,,,,,,,,,,TRAY,末永　忍,,,0:なし,0,0
00082492,原反,001,2026/08/18,2026/08/26,2026/08/24,2026/08/31,0:通常,0:通常,01,105501,営業55,000504,小山 修司,049017,東ﾚ(株) 愛媛,,,,,,,,,049017,東レ株式会社 愛媛工場,東レ株式会社 愛媛工場,CEM製造部 大串,791-3193,愛媛県伊予郡松前町大字筒井1515, ST.123 西-Ｌ-1,,089-960-3072,,511101,国分工場01本倉庫,,,01,東レ本体,0:しない,,1:する,2:様,,100,,,"292,000","29,200",0:未完,0:未完,0:通常,1:税抜,0,2:伝票合計,1:金額,0:円未満,5:四捨五入,0:切り捨て,5:四捨五入,1:発行済,0:未承認,,0:しない,1:修正,,,,,,0008,濃飛倉庫運輸,,,原反手配お願いします,納期が厳しいかと思いますが先方の希望納期となります、よろしくお願いいたします,再１）数量、原反数変更しました。よろしくお願いいたします。,,,,2:自社,,1:通常,東ﾚ愛媛,,,0,,,,,0:1明細目,"自社  ｹｰｽNo.1 国分にて目抜き
ｶｯﾄｻｲｽﾞ：1000X50ZABK0
打ち抜き：2丁取",,"カット,打抜き,目抜き",800.00,200,1,1,国分で目抜き,,55107,ﾍﾟﾌ　梱包資材,1:対象外,0,0.00,200.00,,,,0,0,0.00,0.00,P5OA0AGA0100FBP,551,ペフ,55109,ﾍﾟﾌ　その他,,,420303,東レ-仕入-材,,,000001,2製品,01,社外製品,30100-AG00-1000X100F-ABK0,分類：東レ,m,0:自社,,,,,,,,,,,,JSYA,末永　忍,,,,0,2
00082496,製品,001,2026/08/18,2026/10/02,2026/10/01,2026/08/31,0:通常,0:通常,01,105501,営業55,000567,佐藤 久美子,030024,三省物産(株)※,,,,,,,,,100070,(株)栄光化学工業所,株式会社　栄光化学工業所,,651-2271,兵庫県神戸市西区,高塚台3丁目1-19,,078-991-2258,078-991-1368,511101,国分工場01本倉庫,,,03,その他,0:しない,,1:する,1:御中,,100,,,"63,000",0,0:未完,0:未完,0:通常,1:税抜,0,3:請求合計,1:金額,0:円未満,5:四捨五入,0:切り捨て,5:四捨五入,1:発行済,0:未承認,,0:しない,1:修正,,,,,,0009,ヤマト運輸,,,,,,★石工場にも印刷　　付属➡目抜き➡320301大石工場,,,2:自社,,1:通常,三省物産→栄光,,,0,,,,,0:1明細目,自社 一般 ｹｰｽ 15010-BA00-1030x56ZA,,"カット,バーチカル,打","2,000.00",0,1,1,"自社 一般 ｹｰｽ 
8粗切→4丁取
ｶｯﾄｻｲｽﾞ：15010-BA00-1030x56ZA
ﾊﾞｰﾁｶﾙｶｯﾄｻｲｽﾞ：257X28",,55102,ﾍﾟﾌ　自動車部品,1:対象外,"32,760",16.38,"2,000.00",,,,"63,000",0,"2,000.00",31.50,A5F10BA010SN015,551,ペフ,55102,ﾍﾟﾌ　自動車部品,,,420200,一般-売上,,,000001,2製品,01,社外製品,412-334-80087,,枚,0:自社,,,,,,,,,,,,IPAN,菱田 昌美,,,0:なし,0,0
00082496,原反,001,2026/08/18,2026/10/02,2026/10/01,2026/08/31,0:通常,0:通常,01,105501,営業55,000567,佐藤 久美子,030024,三省物産(株)※,,,,,,,,,100070,(株)栄光化学工業所,株式会社　栄光化学工業所,,651-2271,兵庫県神戸市西区,高塚台3丁目1-19,,078-991-2258,078-991-1368,511101,国分工場01本倉庫,,,03,その他,0:しない,,1:する,1:御中,,100,,,"63,000",0,0:未完,0:未完,0:通常,1:税抜,0,3:請求合計,1:金額,0:円未満,5:四捨五入,0:切り捨て,5:四捨五入,1:発行済,0:未承認,,0:しない,1:修正,,,,,,0009,ヤマト運輸,,,,,,★石工場にも印刷　　付属➡目抜き➡320301大石工場,,,2:自社,,1:通常,三省物産→栄光,,,0,,,,,0:1明細目,自社 一般 ｹｰｽ 15010-BA00-1030x56ZA,,"カット,バーチカル,打","2,000.00",0,1,1,"自社 一般 ｹｰｽ 
8粗切→4丁取
ｶｯﾄｻｲｽﾞ：15010-BA00-1030x56ZA
ﾊﾞｰﾁｶﾙｶｯﾄｻｲｽﾞ：257X28",,55102,ﾍﾟﾌ　自動車部品,1:対象外,0,0.00,0.00,KB,1041,単板カット機,0,0,0.00,0.00,P5F20AAA3300FN1,551,ペフ,51200,自社加工,,,420203,一般-仕入-材,,,000003,4原材料,01,社外製品,15020-AA00-1030X400FA ,,m,0:自社,,,,,,,,,,,,JSYA,菱田 昌美,,,,0,0
00082497,製品,001,2026/08/18,2026/10/09,2026/10/08,2026/08/31,0:通常,0:通常,01,105501,営業55,000567,佐藤 久美子,030024,三省物産(株)※,,,,,,,,,100070,(株)栄光化学工業所,株式会社　栄光化学工業所,,651-2271,兵庫県神戸市西区,高塚台3丁目1-19,,078-991-2258,078-991-1368,511101,国分工場01本倉庫,,,03,その他,0:しない,,1:する,1:御中,,100,,,"63,000",0,0:未完,0:未完,0:通常,1:税抜,0,3:請求合計,1:金額,0:円未満,5:四捨五入,0:切り捨て,5:四捨五入,1:発行済,0:未承認,,0:しない,1:修正,,,,,,0009,ヤマト運輸,,,,,,★石工場にも印刷　　付属➡目抜き➡320301大石工場,,,2:自社,,1:通常,三省物産→栄光,,,0,,,,,0:1明細目,自社 一般 ｹｰｽ 15010-BA00-1030x56ZA,,"カット,バーチカル,打","2,000.00",0,1,1,"自社 一般 ｹｰｽ 
8粗切→4丁取
ｶｯﾄｻｲｽﾞ：15010-BA00-1030x56ZA
ﾊﾞｰﾁｶﾙｶｯﾄｻｲｽﾞ：257X28",,55102,ﾍﾟﾌ　自動車部品,1:対象外,"32,760",16.38,"2,000.00",,,,"63,000",0,"2,000.00",31.50,A5F10BA010SN015,551,ペフ,55102,ﾍﾟﾌ　自動車部品,,,420200,一般-売上,,,000001,2製品,01,社外製品,412-334-80087,,枚,0:自社,,,,,,,,,,,,IPAN,菱田 昌美,,,0:なし,0,0
00082497,原反,001,2026/08/18,2026/10/09,2026/10/08,2026/08/31,0:通常,0:通常,01,105501,営業55,000567,佐藤 久美子,030024,三省物産(株)※,,,,,,,,,100070,(株)栄光化学工業所,株式会社　栄光化学工業所,,651-2271,兵庫県神戸市西区,高塚台3丁目1-19,,078-991-2258,078-991-1368,511101,国分工場01本倉庫,,,03,その他,0:しない,,1:する,1:御中,,100,,,"63,000",0,0:未完,0:未完,0:通常,1:税抜,0,3:請求合計,1:金額,0:円未満,5:四捨五入,0:切り捨て,5:四捨五入,1:発行済,0:未承認,,0:しない,1:修正,,,,,,0009,ヤマト運輸,,,,,,★石工場にも印刷　　付属➡目抜き➡320301大石工場,,,2:自社,,1:通常,三省物産→栄光,,,0,,,,,0:1明細目,自社 一般 ｹｰｽ 15010-BA00-1030x56ZA,,"カット,バーチカル,打","2,000.00",0,1,1,"自社 一般 ｹｰｽ 
8粗切→4丁取
ｶｯﾄｻｲｽﾞ：15010-BA00-1030x56ZA
ﾊﾞｰﾁｶﾙｶｯﾄｻｲｽﾞ：257X28",,55102,ﾍﾟﾌ　自動車部品,1:対象外,0,0.00,0.00,KB,1041,単板カット機,0,0,0.00,0.00,P5F20AAA3300FN1,551,ペフ,51200,自社加工,,,420203,一般-仕入-材,,,000003,4原材料,01,社外製品,15020-AA00-1030X400FA ,,m,0:自社,,,,,,,,,,,,JSYA,菱田 昌美,,,,0,0
00082498,製品,001,2026/08/18,2026/10/23,2026/10/22,2026/08/31,0:通常,0:通常,01,105501,営業55,000567,佐藤 久美子,030024,三省物産(株)※,,,,,,,,,100070,(株)栄光化学工業所,株式会社　栄光化学工業所,,651-2271,兵庫県神戸市西区,高塚台3丁目1-19,,078-991-2258,078-991-1368,511101,国分工場01本倉庫,,,03,その他,0:しない,,1:する,1:御中,,100,,,"37,800",0,0:未完,0:未完,0:通常,1:税抜,0,3:請求合計,1:金額,0:円未満,5:四捨五入,0:切り捨て,5:四捨五入,1:発行済,0:未承認,,0:しない,1:修正,,,,,,0009,ヤマト運輸,,,,,,★石工場にも印刷　　付属➡目抜き➡320301大石工場,,,2:自社,,1:通常,三省物産→栄光,,,0,,,,,0:1明細目,自社 一般 ｹｰｽ 15010-BA00-1030x56ZA,,"カット,バーチカル,打","1,200.00",0,1,1,"自社 一般 ｹｰｽ 
8粗切→4丁取
ｶｯﾄｻｲｽﾞ：15010-BA00-1030x56ZA
ﾊﾞｰﾁｶﾙｶｯﾄｻｲｽﾞ：257X28",,55102,ﾍﾟﾌ　自動車部品,1:対象外,"19,656",16.38,"1,200.00",,,,"37,800",0,"1,200.00",31.50,A5F10BA010SN015,551,ペフ,55102,ﾍﾟﾌ　自動車部品,,,420200,一般-売上,,,000001,2製品,01,社外製品,412-334-80087,,枚,0:自社,,,,,,,,,,,,IPAN,菱田 昌美,,,0:なし,0,0
00082498,原反,001,2026/08/18,2026/10/23,2026/10/22,2026/08/31,0:通常,0:通常,01,105501,営業55,000567,佐藤 久美子,030024,三省物産(株)※,,,,,,,,,100070,(株)栄光化学工業所,株式会社　栄光化学工業所,,651-2271,兵庫県神戸市西区,高塚台3丁目1-19,,078-991-2258,078-991-1368,511101,国分工場01本倉庫,,,03,その他,0:しない,,1:する,1:御中,,100,,,"37,800",0,0:未完,0:未完,0:通常,1:税抜,0,3:請求合計,1:金額,0:円未満,5:四捨五入,0:切り捨て,5:四捨五入,1:発行済,0:未承認,,0:しない,1:修正,,,,,,0009,ヤマト運輸,,,,,,★石工場にも印刷　　付属➡目抜き➡320301大石工場,,,2:自社,,1:通常,三省物産→栄光,,,0,,,,,0:1明細目,自社 一般 ｹｰｽ 15010-BA00-1030x56ZA,,"カット,バーチカル,打","1,200.00",0,1,1,"自社 一般 ｹｰｽ 
8粗切→4丁取
ｶｯﾄｻｲｽﾞ：15010-BA00-1030x56ZA
ﾊﾞｰﾁｶﾙｶｯﾄｻｲｽﾞ：257X28",,55102,ﾍﾟﾌ　自動車部品,1:対象外,0,0.00,0.00,KB,1041,単板カット機,0,0,0.00,0.00,P5F20AAA3300FN1,551,ペフ,51200,自社加工,,,420203,一般-仕入-材,,,000003,4原材料,01,社外製品,15020-AA00-1030X400FA ,,m,0:自社,,,,,,,,,,,,JSYA,菱田 昌美,,,,0,0
00082499,製品,001,2026/08/18,2026/08/27,2026/08/27,2026/08/31,0:通常,0:通常,01,505201,湖南52,000052,湖南工場,049006,東ﾚ(株) 自材部,,,,,,,,,,,,,,,,,,,520201,湖南工場01本倉庫,0015,末締,01,東レ本体,0:しない,,,,C8-17,100,,,"44,800",0,0:未完,0:未完,0:通常,1:税抜,0,3:請求合計,1:金額,0:円未満,5:四捨五入,0:切り捨て,9:切り上げ,1:発行済,0:未承認,,0:しない,1:修正,,,,,,,,,,,,,,,,1:後加工,2026/08/27,1:通常,屋根,,,0,,,,,0:1明細目,,,"接続,SEC","1,600.00",800,1,1,,,50103,トーレペフ Y(工材),1:対象外,0,0.00,"1,600.00",,,,"44,800",0,"1,600.00",28.00,A2P408Y68200FB1,551,ペフ,50103,トーレペフ Y(工材),,,,,,,000001,2製品,02,社外加工,0R040-8Y0B- 680X200F-ABG1C,,M,0:自社,,,,済,,,,,,191725R,,6713,古家 淳子,,,0:なし,0,0
00082499,原反,001,2026/08/18,2026/08/27,2026/08/27,2026/08/31,0:通常,0:通常,01,505201,湖南52,000052,湖南工場,049006,東ﾚ(株) 自材部,,,,,,,,,,,,,,,,,,,520201,湖南工場01本倉庫,0015,末締,01,東レ本体,0:しない,,,,C8-17,100,,,"44,800",0,0:未完,0:未完,0:通常,1:税抜,0,3:請求合計,1:金額,0:円未満,5:四捨五入,0:切り捨て,9:切り上げ,1:発行済,0:未承認,,0:しない,1:修正,,,,,,,,,,,,,,,,1:後加工,2026/08/27,1:通常,屋根,,,0,,,,,0:1明細目,,,"接続,SEC","1,600.00",800,1,1,,,50103,トーレペフ Y(工材),1:対象外,0,0.00,800.00,S ,2021,熱融着機　湖南,0,0,0.00,0.00,B2Q60AY68200FB1,551,ペフ,55109,ﾍﾟﾌ　その他,,,,,,,000001,2製品,02,社外加工,50080-AY0B- 680X200F-ABG1F,,M,0:自社,,,,,,,,,,,2026/08/21,6710,古家 淳子,,,,0,4
00082504,製品,001,2026/08/18,2026/08/26,2026/08/26,2026/08/31,0:通常,0:通常,01,105501,営業55,000567,佐藤 久美子,900001,本多産業(株)向け在庫分(30070),本多産業(株)向け在庫分(30070),,,,,,,,000331,長岡産業(株)大石　配送課,長岡産業株式会社,　大石第２工場　配送課,520-2263,滋賀県大津市大石中6-2-13,,,077-546-7200,077-536-3010,511101,国分工場01本倉庫,,,03,その他,1:する,1:御中,1:する,2:様,,700,,,0,0,0:未完,0:未完,0:通常,1:税抜,0,1:伝票明細,1:金額,0:円未満,0:切り捨て,0:切り捨て,0:切り捨て,1:発行済,0:未承認,,0:しない,1:修正,,,,,,0001,京滋便,,,原反支給します　８／１９(水)営業便,★当原反の品質保証(製造ﾛｯﾄ･外観品位)に関する責任は営業部に帰属します,,,,,2:自社,,1:通常,本多産業,,,0,,,,,0:1明細目,,,スライス,100.00,50,2,1,,,51200,自社加工,1:対象外,0,0.00,50.00,,,,0,0,50.00,0.00,A5O70BGA0050FBP,551,ペフ,51200,自社加工,,,430500,加工-売上,,,000001,2製品,02,社外加工,30070-BG00-1000X 50F-A BK0 H,,m,0:自社,,,,,,,,,,,,KAKO,菱田 昌美,,,0:なし,0,0
00082504,製品,002,2026/08/18,2026/08/26,2026/08/26,2026/08/31,0:通常,0:通常,01,105501,営業55,000567,佐藤 久美子,900001,本多産業(株)向け在庫分(30070),本多産業(株)向け在庫分(30070),,,,,,,,000331,長岡産業(株)大石　配送課,長岡産業株式会社,　大石第２工場　配送課,520-2263,滋賀県大津市大石中6-2-13,,,077-546-7200,077-536-3010,511101,国分工場01本倉庫,,,03,その他,1:する,1:御中,1:する,2:様,,700,,,0,0,0:未完,0:未完,0:通常,1:税抜,0,1:伝票明細,1:金額,0:円未満,0:切り捨て,0:切り捨て,0:切り捨て,1:発行済,0:未承認,,0:しない,1:修正,,,,,,0001,京滋便,,,原反支給します　８／１９(水)営業便,★当原反の品質保証(製造ﾛｯﾄ･外観品位)に関する責任は営業部に帰属します,,,,,2:自社,,1:通常,本多産業,,,0,,,,,0:1明細目,,,スライス,100.00,50,2,1,,,51200,自社加工,1:対象外,0,0.00,50.00,,,,0,0,50.00,0.00,A5O30BGA0050FBP,551,ペフ,51200,自社加工,,,430500,加工-売上,,,000001,2製品,02,社外加工,30030-BG00-1000X 50F-A BK0 Q,,m,0:自社,,,,,,,,,,,,KAKO,菱田 昌美,,,0:なし,0,0
00082504,原反,001,2026/08/18,2026/08/26,2026/08/26,2026/08/31,0:通常,0:通常,01,105501,営業55,000567,佐藤 久美子,900001,本多産業(株)向け在庫分(30070),本多産業(株)向け在庫分(30070),,,,,,,,000331,長岡産業(株)大石　配送課,長岡産業株式会社,　大石第２工場　配送課,520-2263,滋賀県大津市大石中6-2-13,,,077-546-7200,077-536-3010,511101,国分工場01本倉庫,,,03,その他,1:する,1:御中,1:する,2:様,,700,,,0,0,0:未完,0:未完,0:通常,1:税抜,0,1:伝票明細,1:金額,0:円未満,0:切り捨て,0:切り捨て,0:切り捨て,1:発行済,0:未承認,,0:しない,1:修正,,,,,,0001,京滋便,,,原反支給します　８／１９(水)営業便,★当原反の品質保証(製造ﾛｯﾄ･外観品位)に関する責任は営業部に帰属します,,,,,2:自社,,1:通常,本多産業,,,0,,,,,0:1明細目,,,スライス,100.00,50,2,1,,,51200,自社加工,1:対象外,0,0.00,50.00,EI,1022,スライス機3,0,0,0.00,0.00,P5OA0AGA0050FB4,551,ペフ,55109,ﾍﾟﾌ　その他,,,430503,加工-仕入-材,,,000001,2製品,01,社外製品,30100-AG00-1000X 50F-ABK0,分類：加工,m,0:自社,,,,,,,,,,,2026/08/19,JSYA,菱田 昌美,,,,0,1
00082505,製品,001,2026/08/18,2026/08/31,2026/08/31,2026/08/31,0:通常,0:通常,01,505101,国分後加工511,000051,国分後加工,049006,東ﾚ(株) 自材部,,,,,,,,,,,,,,,,,,,511101,国分工場01本倉庫,,,01,東レ本体,0:しない,,,,V8-22,100,,,"26,400",0,0:未完,0:未完,0:通常,1:税抜,0,3:請求合計,1:金額,0:円未満,5:四捨五入,0:切り捨て,9:切り上げ,0:未発行,0:未承認,,0:しない,0:新規,,,,,,0051,国分,,,,,,,,,1:後加工,2026/08/31,1:通常,TPI湖南,,,0,,,,,0:1明細目,,,スライス,"2,400.00","1,200",1,1,つなぎなし,,50105,トーレペフ V(TPI),1:対象外,0,0.00,"2,400.00",,,,"26,400",0,"2,400.00",11.00,A1O20BGA3200FB4,551,ペフ,50103,トーレペフ Y(工材),,,999999,対象外,,,000001,2製品,02,社外加工,30020-BG00-1030x200FABK0C,,m,0:自社,,,,済,,,,,,,,6713,池谷 弦紀,,,0:なし,0,0
00082505,原反,001,2026/08/18,2026/08/31,2026/08/31,2026/08/31,0:通常,0:通常,01,505101,国分後加工511,000051,国分後加工,049006,東ﾚ(株) 自材部,,,,,,,,,,,,,,,,,,,511101,国分工場01本倉庫,,,01,東レ本体,0:しない,,,,V8-22,100,,,"26,400",0,0:未完,0:未完,0:通常,1:税抜,0,3:請求合計,1:金額,0:円未満,5:四捨五入,0:切り捨て,9:切り上げ,0:未発行,0:未承認,,0:しない,0:新規,,,,,,0051,国分,,,,,,,,,1:後加工,2026/08/31,1:通常,TPI湖南,,,0,,,,,0:1明細目,,,スライス,"2,400.00","1,200",1,1,つなぎなし,,50105,トーレペフ V(TPI),1:対象外,0,0.00,"1,200.00",SG,1022,スライス機3,0,0,0.00,0.00,B1O40AGA3200FB4,551,ペフ,55109,ﾍﾟﾌ　その他,,,,,,,000001,2製品,02,社外加工,30040-AG00-1030x200FABK0C,,m,0:自社,,,,,,,,,,,2026/08/26,6710,池谷 弦紀,,,,0,6
00082508,製品,001,2026/08/18,2026/08/28,2026/08/28,2026/08/31,0:通常,0:通常,01,505101,国分後加工511,000051,国分後加工,049006,東ﾚ(株) 自材部,,,,,,,,,,,,,,,,,,,511101,国分工場01本倉庫,0015,末締,01,東レ本体,0:しない,,,,V8-23,100,,,"516,600",0,0:未完,0:未完,0:通常,1:税抜,0,3:請求合計,1:金額,0:円未満,5:四捨五入,0:切り捨て,9:切り上げ,0:未発行,0:未承認,,0:しない,0:新規,,,,,,0051,国分,,,,,,,,,1:後加工,2026/08/28,1:通常,TPI湖南,,,0,,,,,0:1明細目,,接続：ベージュテープ50mm幅　ぬれ検査頻度：1回/5本　スライス行き,"EC,スライス","24,600.00","6,150",2,1,,,50105,トーレペフ V(TPI),1:対象外,0,0.00,"12,300.00",,,,"313,650",0,"12,300.00",25.50,A1O10KYA0205FN1,551,ペフ,50105,トーレペフ V(TPI),,,999999,対象外,,,000001,2製品,02,社外加工,30010-KY00-1000x205FA C,,m,0:自社,,,,済,,,,,,,,6713,池谷 弦紀,06,スキン面,0:なし,0,0
00082508,製品,002,2026/08/18,2026/08/28,2026/08/28,2026/08/31,0:通常,0:通常,01,505101,国分後加工511,000051,国分後加工,049006,東ﾚ(株) 自材部,,,,,,,,,,,,,,,,,,,511101,国分工場01本倉庫,0015,末締,01,東レ本体,0:しない,,,,V8-23,100,,,"516,600",0,0:未完,0:未完,0:通常,1:税抜,0,3:請求合計,1:金額,0:円未満,5:四捨五入,0:切り捨て,9:切り上げ,0:未発行,0:未承認,,0:しない,0:新規,,,,,,0051,国分,,,,,,,,,1:後加工,2026/08/28,1:通常,TPI湖南,,,0,,,,,0:1明細目,,接続：ベージュテープ50mm幅　ぬれ検査頻度：1回/5本　スライス行き,"EC,スライス","24,600.00","6,150",2,1,,,50105,トーレペフ V(TPI),1:対象外,0,0.00,"12,300.00",,,,"202,950",0,"12,300.00",16.50,A1O10CYA0205FN1,551,ペフ,50105,トーレペフ V(TPI),,,999999,対象外,,,000001,2製品,02,社外加工,30010-CY00-1000x205FA C,,m,0:自社,,,,済,,,,,,,,6713,池谷 弦紀,,,0:なし,0,0
00082508,原反,001,2026/08/18,2026/08/28,2026/08/28,2026/08/31,0:通常,0:通常,01,505101,国分後加工511,000051,国分後加工,049006,東ﾚ(株) 自材部,,,,,,,,,,,,,,,,,,,511101,国分工場01本倉庫,0015,末締,01,東レ本体,0:しない,,,,V8-23,100,,,"516,600",0,0:未完,0:未完,0:通常,1:税抜,0,3:請求合計,1:金額,0:円未満,5:四捨五入,0:切り捨て,9:切り上げ,0:未発行,0:未承認,,0:しない,0:新規,,,,,,0051,国分,,,,,,,,,1:後加工,2026/08/28,1:通常,TPI湖南,,,0,,,,,0:1明細目,,接続：ベージュテープ50mm幅　ぬれ検査頻度：1回/5本　スライス行き,"EC,スライス","24,600.00","6,150",2,1,,,50105,トーレペフ V(TPI),1:対象外,0,0.00,"6,150.00",SG,1021,EC,0,0,0.00,0.00,B1O40AYA0205FN1,551,ペフ,55109,ﾍﾟﾌ　その他,,,,,,,000003,4原材料,02,社外加工,30040-AY00-1000X205FA    C,,m,0:自社,,,,,,,,,,,2026/08/20,6710,池谷 弦紀,,,,0,30
00082509,製品,001,2026/08/18,2026/08/28,2026/08/28,2026/08/31,0:通常,0:通常,01,505101,国分後加工511,000051,国分後加工,049006,東ﾚ(株) 自材部,,,,,,,,,,,,,,,,,,,511101,国分工場01本倉庫,0015,末締,01,東レ本体,0:しない,,,,W8-18,100,,,"31,500",0,0:未完,0:未完,0:通常,1:税抜,0,3:請求合計,1:金額,0:円未満,5:四捨五入,0:切り捨て,9:切り上げ,0:未発行,0:未承認,,0:しない,0:新規,,,,,,0051,国分,,,,,,,,,1:後加工,2026/08/28,1:通常,共和新城,,,0,,,,,0:1明細目,"欠点個数確認後赤丸記入すること。欠点個数確認　200m長以下は欠点４個以下
Ｐ区分：Ｈ面端部赤テープ+Ｈ面中央部黒マジック+Q面中央部黒テープ
接続：２個以内　両面緑テープ
K･H区分：分割後150m2本の接続合計３個以下、欠点合計７個以下：発行No.2021-017(2021.10.5)","接続点は欠点に含む　巻外から154m取り巻き芯側は測長しなくてよい。原反入れ目308ｍある。
分割後150m2本の接続合計３個以下、欠点合計７個以下：発行No.2021-017(2021.10.5)",分割,"2,100.00","2,100",1,1,"欠点個数確認チェック
ラベル◎",,50101,トーレペフ W(自材),1:対象外,0,0.00,"2,100.00",,,,"31,500",0,"2,100.00",15.00,A1K35AP89150FN1,551,ペフ,50101,トーレペフ W(自材),,,999999,対象外,,,000001,2製品,02,社外加工,20035-AP1F- 890X150F-A   P,,m,0:自社,,,,済,,,,,,,,6783,池谷 弦紀,,,0:なし,0,0
00082509,原反,001,2026/08/18,2026/08/28,2026/08/28,2026/08/31,0:通常,0:通常,01,505101,国分後加工511,000051,国分後加工,049006,東ﾚ(株) 自材部,,,,,,,,,,,,,,,,,,,511101,国分工場01本倉庫,0015,末締,01,東レ本体,0:しない,,,,W8-18,100,,,"31,500",0,0:未完,0:未完,0:通常,1:税抜,0,3:請求合計,1:金額,0:円未満,5:四捨五入,0:切り捨て,9:切り上げ,0:未発行,0:未承認,,0:しない,0:新規,,,,,,0051,国分,,,,,,,,,1:後加工,2026/08/28,1:通常,共和新城,,,0,,,,,0:1明細目,"欠点個数確認後赤丸記入すること。欠点個数確認　200m長以下は欠点４個以下
Ｐ区分：Ｈ面端部赤テープ+Ｈ面中央部黒マジック+Q面中央部黒テープ
接続：２個以内　両面緑テープ
K･H区分：分割後150m2本の接続合計３個以下、欠点合計７個以下：発行No.2021-017(2021.10.5)","接続点は欠点に含む　巻外から154m取り巻き芯側は測長しなくてよい。原反入れ目308ｍある。
分割後150m2本の接続合計３個以下、欠点合計７個以下：発行No.2021-017(2021.10.5)",分割,"2,100.00","2,100",1,1,"欠点個数確認チェック
ラベル◎",,50101,トーレペフ W(自材),1:対象外,0,0.00,"2,100.00",SG,1043,スリット機2,0,0,0.00,0.00,B1K35AP89300FN1,551,ペフ,55109,ﾍﾟﾌ　その他,,,,,,,000001,2製品,02,社外加工,20035-AP1F- 890X300F-A   P,,m,0:自社,,,,,,,,,,,2026/08/24,6780,池谷 弦紀,,,,0,7
00082510,製品,001,2026/08/18,2026/08/28,2026/08/28,2026/08/31,0:通常,0:通常,01,505101,国分後加工511,000051,国分後加工,049006,東ﾚ(株) 自材部,,,,,,,,,,,,,,,,,,,511101,国分工場01本倉庫,0015,末締,01,東レ本体,0:しない,,,,W8-19,100,,,"72,000",0,0:未完,0:未完,0:通常,1:税抜,0,3:請求合計,1:金額,0:円未満,5:四捨五入,0:切り捨て,9:切り上げ,0:未発行,0:未承認,,0:しない,0:新規,,,,,,0051,国分,,,,,,,,,1:後加工,2026/08/28,1:通常,共和新城,,,0,,,,,0:1明細目,"欠点個数確認後赤丸記入すること。欠点個数確認　200m長以下は欠点４個以下
Ｐ区分：Ｈ面端部赤テープ+Ｈ面中央部黒マジック+Q面中央部黒テープ
接続：２個以内　両面緑テープ
K･H区分：分割後150m2本の接続合計３個以下、欠点合計７個以下：発行No.2021-017(2021.10.5)",,"分割,接続","2,400.00","2,400",1,1,"欠点個数確認チェック
ラベル◎",,50101,トーレペフ W(自材),1:対象外,0,0.00,"2,400.00",,,,"72,000",0,"2,400.00",30.00,A1K35APF6150FN1,551,ペフ,50101,トーレペフ W(自材),,,999999,対象外,,,000001,2製品,02,社外加工,20035-AP1F-1560X150F-A   P,,m,0:自社,,,,済,,,,,,,,6783,池谷 弦紀,,,0:なし,0,0
00082510,原反,001,2026/08/18,2026/08/28,2026/08/28,2026/08/31,0:通常,0:通常,01,505101,国分後加工511,000051,国分後加工,049006,東ﾚ(株) 自材部,,,,,,,,,,,,,,,,,,,511101,国分工場01本倉庫,0015,末締,01,東レ本体,0:しない,,,,W8-19,100,,,"72,000",0,0:未完,0:未完,0:通常,1:税抜,0,3:請求合計,1:金額,0:円未満,5:四捨五入,0:切り捨て,9:切り上げ,0:未発行,0:未承認,,0:しない,0:新規,,,,,,0051,国分,,,,,,,,,1:後加工,2026/08/28,1:通常,共和新城,,,0,,,,,0:1明細目,"欠点個数確認後赤丸記入すること。欠点個数確認　200m長以下は欠点４個以下
Ｐ区分：Ｈ面端部赤テープ+Ｈ面中央部黒マジック+Q面中央部黒テープ
接続：２個以内　両面緑テープ
K･H区分：分割後150m2本の接続合計３個以下、欠点合計７個以下：発行No.2021-017(2021.10.5)",,"分割,接続","2,400.00","2,400",1,1,"欠点個数確認チェック
ラベル◎",,50101,トーレペフ W(自材),1:対象外,0,0.00,"2,400.00",SG,1043,スリット機2,0,0,0.00,0.00,B1K35AP89300FN1,551,ペフ,55109,ﾍﾟﾌ　その他,,,,,,,000001,2製品,02,社外加工,20035-AP1F-1560X200F-A   P,,m,0:自社,,,,,,,,,,,2026/08/24,6780,池谷 弦紀,,,,0,12
00082511,製品,001,2026/08/18,2026/08/31,2026/08/31,2026/08/31,0:通常,0:通常,01,505101,国分後加工511,000051,国分後加工,049006,東ﾚ(株) 自材部,,,,,,,,,,,,,,,,,,,511101,国分工場01本倉庫,0015,末締,01,東レ本体,0:しない,,,,W8-20,100,,,"102,000",0,0:未完,0:未完,0:通常,1:税抜,0,3:請求合計,1:金額,0:円未満,5:四捨五入,0:切り捨て,9:切り上げ,0:未発行,0:未承認,,0:しない,0:新規,,,,,,0051,国分,,,,,,,,,1:後加工,2026/08/31,1:通常,共和新城,,,0,,,,,0:1明細目,"欠点個数確認　実数と合致していれば赤丸
共和レザー：301-400m長は欠点９個以下　接続：４個以内　両面緑テープ
Ｐ区分：Ｈ面端部赤テープとＨ面中央部黒マジック+Ｑ面中央部黒テープ",接続は欠点に含む,スリット,"6,000.00","6,000",1,1,"欠点個数確認チェック
ラベル◎",,50101,トーレペフ W(自材),1:対象外,0,0.00,"6,000.00",,,,"102,000",0,"6,000.00",17.00,A1K15AP80400FN1,551,ペフ,50101,トーレペフ W(自材),,,999999,対象外,,,000001,2製品,02,社外加工,20015-AP16- 860X400F-A   P,,m,0:自社,,,,済,,,,,,,,6783,池谷 弦紀,,,0:なし,0,0
00082511,原反,001,2026/08/18,2026/08/31,2026/08/31,2026/08/31,0:通常,0:通常,01,505101,国分後加工511,000051,国分後加工,049006,東ﾚ(株) 自材部,,,,,,,,,,,,,,,,,,,511101,国分工場01本倉庫,0015,末締,01,東レ本体,0:しない,,,,W8-20,100,,,"102,000",0,0:未完,0:未完,0:通常,1:税抜,0,3:請求合計,1:金額,0:円未満,5:四捨五入,0:切り捨て,9:切り上げ,0:未発行,0:未承認,,0:しない,0:新規,,,,,,0051,国分,,,,,,,,,1:後加工,2026/08/31,1:通常,共和新城,,,0,,,,,0:1明細目,"欠点個数確認　実数と合致していれば赤丸
共和レザー：301-400m長は欠点９個以下　接続：４個以内　両面緑テープ
Ｐ区分：Ｈ面端部赤テープとＨ面中央部黒マジック+Ｑ面中央部黒テープ",接続は欠点に含む,スリット,"6,000.00","6,000",1,1,"欠点個数確認チェック
ラベル◎",,50101,トーレペフ W(自材),1:対象外,0,0.00,"6,000.00",SG,1043,スリット機2,0,0,0.00,0.00,B1K15APF0400FNA,551,ペフ,50101,トーレペフ W(自材),,,,,,,000003,4原材料,02,社外加工,20015-AP16-1240X400F-A   P,,m,0:自社,,,,,,,,,,,2026/08/26,6780,池谷 弦紀,,,,0,15
00082512,製品,001,2026/08/18,2026/09/03,2026/09/03,2026/08/31,0:通常,0:通常,01,505201,湖南52,000052,湖南工場,049052,東ﾚﾍﾟﾌ加工品(株) 国分・湖南,,,,,,,,,,,,,,,,,,,520201,湖南工場01本倉庫,0015,末締,02,東レグループ,0:しない,,,,GB60802,100,,,0,0,0:未完,0:未完,0:通常,1:税抜,0,3:請求合計,1:金額,0:円未満,5:四捨五入,9:切り上げ,5:四捨五入,1:発行済,0:未承認,,0:しない,0:新規,,,,,,,,,,,,,,,,1:後加工,2026/09/03,1:通常,,,,0,,,,,0:1明細目,,,スライス,600.00,300,1,1,立会いなし,,50200,ＴＰＩ,1:対象外,0,0.00,600.00,,,,0,0,600.00,0.00,A3O45BA50100FG1,551,ペフ,50200,ＴＰＩ,,,,,,,000001,2製品,02,社外加工,30045-BB05-1050X100F-AGB,,M,0:自社,,,,済,,,,,,,,0   ,砂田 奈美,,,0:なし,0,0
00082512,原反,001,2026/08/18,2026/09/03,2026/09/03,2026/08/31,0:通常,0:通常,01,505201,湖南52,000052,湖南工場,049052,東ﾚﾍﾟﾌ加工品(株) 国分・湖南,,,,,,,,,,,,,,,,,,,520201,湖南工場01本倉庫,0015,末締,02,東レグループ,0:しない,,,,GB60802,100,,,0,0,0:未完,0:未完,0:通常,1:税抜,0,3:請求合計,1:金額,0:円未満,5:四捨五入,9:切り上げ,5:四捨五入,1:発行済,0:未承認,,0:しない,0:新規,,,,,,,,,,,,,,,,1:後加工,2026/09/03,1:通常,,,,0,,,,,0:1明細目,,,スライス,600.00,300,1,1,立会いなし,,50200,ＴＰＩ,1:対象外,0,0.00,300.00,K ,2011,スライス機1　湖南,0,0,0.00,0.00,B3O90HBA5100FGA,551,ペフ,50200,ＴＰＩ,,,,,,,000001,2製品,02,社外加工,30090-HB05-1050X100F-AGB,,M,0:自社,,,,,,,,,,,2026/09/01,0   ,砂田 奈美,,,,0,3
00082516,製品,001,2026/08/18,2026/08/26,2026/08/26,2026/08/31,0:通常,0:通常,01,505101,国分後加工511,000051,国分後加工,049006,東ﾚ(株) 自材部,,,,,,,,,,,,,,,,,,,511101,国分工場01本倉庫,0015,末締,01,東レ本体,0:しない,,,,Y8-141,100,,,"3,000",0,0:未完,0:未完,0:通常,1:税抜,0,3:請求合計,1:金額,0:円未満,5:四捨五入,0:切り捨て,9:切り上げ,0:未発行,0:未承認,,0:しない,0:新規,,,,,,0051,国分,,,,,,,,,1:後加工,2026/08/26,1:通常,ロキテクノ,,,0,,,,,0:1明細目,,,分割,200.00,200,1,1,,,50103,トーレペフ Y(工材),1:対象外,0,0.00,200.00,,,,"3,000",0,200.00,15.00,A1520AY64100FW3,551,ペフ,50103,トーレペフ Y(工材),,,999999,対象外,,,000001,2製品,02,社外加工,05020-AY00- 630X100FA WH1P,,m,0:自社,,,,済,,,,,,,,6713,池谷 弦紀,,,0:なし,0,0
00082516,原反,001,2026/08/18,2026/08/26,2026/08/26,2026/08/31,0:通常,0:通常,01,505101,国分後加工511,000051,国分後加工,049006,東ﾚ(株) 自材部,,,,,,,,,,,,,,,,,,,511101,国分工場01本倉庫,0015,末締,01,東レ本体,0:しない,,,,Y8-141,100,,,"3,000",0,0:未完,0:未完,0:通常,1:税抜,0,3:請求合計,1:金額,0:円未満,5:四捨五入,0:切り捨て,9:切り上げ,0:未発行,0:未承認,,0:しない,0:新規,,,,,,0051,国分,,,,,,,,,1:後加工,2026/08/26,1:通常,ロキテクノ,,,0,,,,,0:1明細目,,,分割,200.00,200,1,1,,,50103,トーレペフ Y(工材),1:対象外,0,0.00,200.00,SG,1043,スリット機2,0,0,0.00,0.00,B1520AG63100FW3,551,ペフ,55109,ﾍﾟﾌ　その他,,,,,,,000001,2製品,02,社外加工,05020-AY00- 630X200FA WH1P,,m,0:自社,,,,,,,,,,,2026/08/20,6710,池谷 弦紀,,,,0,1
00082517,製品,001,2026/08/18,2026/09/04,2026/09/04,2026/08/31,0:通常,0:通常,01,505101,国分後加工511,000051,国分後加工,049006,東ﾚ(株) 自材部,,,,,,,,,,,,,,,,,,,511101,国分工場01本倉庫,0015,末締,01,東レ本体,0:しない,,,,Y8-142,100,,,"27,000",0,0:未完,0:未完,0:通常,1:税抜,0,3:請求合計,1:金額,0:円未満,5:四捨五入,0:切り捨て,9:切り上げ,0:未発行,0:未承認,,0:しない,0:新規,,,,,,0051,国分,,,,,,,,,1:後加工,2026/09/04,1:通常,レゾナック,,,0,,,,,0:1明細目,ぬれ測定全ロール実施。3インチ紙管,接続：緑テープ50mm幅　検査表提出　ぬれ検査頻度：全数,EC,"1,500.00","1,500",1,1,"試験成績書発行
3インチ紙管",,50103,トーレペフ Y(工材),1:対象外,0,0.00,"1,500.00",,,,"27,000",0,"1,500.00",18.00,A1A10NYC5300FWC,551,ペフ,50103,トーレペフ Y(工材),,,999999,対象外,,,000001,2製品,02,社外加工,10010-NY00-1250x300FAWH1V,,m,0:自社,,,,済,,,,,,,,6713,池谷 弦紀,01,両面,0:なし,0,0
00082517,原反,001,2026/08/18,2026/09/04,2026/09/04,2026/08/31,0:通常,0:通常,01,505101,国分後加工511,000051,国分後加工,049006,東ﾚ(株) 自材部,,,,,,,,,,,,,,,,,,,511101,国分工場01本倉庫,0015,末締,01,東レ本体,0:しない,,,,Y8-142,100,,,"27,000",0,0:未完,0:未完,0:通常,1:税抜,0,3:請求合計,1:金額,0:円未満,5:四捨五入,0:切り捨て,9:切り上げ,0:未発行,0:未承認,,0:しない,0:新規,,,,,,0051,国分,,,,,,,,,1:後加工,2026/09/04,1:通常,レゾナック,,,0,,,,,0:1明細目,ぬれ測定全ロール実施。3インチ紙管,接続：緑テープ50mm幅　検査表提出　ぬれ検査頻度：全数,EC,"1,500.00","1,500",1,1,"試験成績書発行
3インチ紙管",,50103,トーレペフ Y(工材),1:対象外,0,0.00,"1,500.00",SG,1021,EC,0,0,0.00,0.00,B1A10AYC5300FW3,551,ペフ,55109,ﾍﾟﾌ　その他,,,,,,,000001,2製品,02,社外加工,10010-AY00-1250X300FA WH1C,,m,0:自社,,,,,,,,,,,2026/08/28,6710,池谷 弦紀,,,,0,5
